batter,april_pa,april_actual_woba,april_xwoba,bip,hits_bip,sweet_spot_count,bbe_total,avg_exit_velocity,babip,xwoba_gap,babip_luck,luck_score_L1,sweet_spot_rate,luck_score_L2,luck_score_L3,ev_delta,luck_score_L4,seasonal_modifier,seasonal_label,outcome_pa,outcome_woba,woba_change
453568,110,0.31727272727272726,0.2817371642187992,84.0,24.0,12.0,150.0,81.38466666666667,0.2857142857142857,-0.035535563053928076,0.01428571428571429,-0.0156,0.08,-0.0156,-0.0156,,-0.0156,1.0,,239,0.348326359832636,0.031053632559908728
457705,105,0.2904761904761905,0.3163353283372629,52.0,14.0,10.0,116.0,80.46724137931037,0.2692307692307692,0.025859137861072412,0.03076923076923077,0.0278,0.08620689655172414,0.0278,0.0236,-2.03,0.0189,0.8,Slow starter (buy x0.80),308,0.33685064935064934,0.046374458874458846
457759,120,0.38666666666666666,0.3641002334670116,75.0,24.0,17.0,185.0,82.3827027027027,0.32,-0.022566433199655067,-0.020000000000000018,-0.0215,0.0918918918918919,-0.0215,-0.0215,,-0.0215,1.0,,250,0.29819999999999997,-0.0884666666666667
467793,117,0.2816239316239316,0.3144280194099792,78.0,16.0,9.0,135.0,84.3488888888889,0.20512820512820512,0.0328040877860476,0.09487179487179487,0.0576,0.06666666666666667,0.0576,0.0576,0.65,0.0518,0.9,V-shape (buy x1.20) + fader conflict,288,0.3548611111111111,0.0732371794871795
502671,139,0.28561151079136693,0.3263732103565433,77.0,25.0,19.0,161.0,83.76770186335405,0.3246753246753247,0.04076169956517639,-0.024675324675324684,0.0146,0.11801242236024845,0.0146,0.0124,-1.83,0.0112,0.9,V-shape (buy x1.20) + fader conflict,328,0.31478658536585363,0.029175074574486703
514888,140,0.435,0.3689814170119851,95.0,35.0,11.0,193.0,81.94041450777202,0.3684210526315789,-0.06601858298801488,-0.06842105263157894,-0.067,0.05699481865284974,-0.067,-0.067,,-0.067,1.0,,334,0.33652694610778444,-0.09847305389221556
516782,126,0.35912698412698413,0.3564507070444707,82.0,29.0,19.0,154.0,82.01753246753248,0.35365853658536583,-0.002676277082513445,-0.053658536585365846,-0.0231,0.12337662337662338,-0.0231,-0.0231,,-0.0266,1.15,Fader (sell x1.15),155,0.3209677419354839,-0.03815924219150024
518595,85,0.4170588235294118,0.3991908940166725,50.0,16.0,15.0,95.0,84.65578947368421,0.32,-0.0178679295127393,-0.020000000000000018,-0.0187,0.15789473684210525,-0.0187,-0.0187,,-0.0215,1.15,Fader (sell x1.15),151,0.32549668874172183,-0.09156213478768999
518692,152,0.38421052631578945,0.39373351483258523,92.0,34.0,21.0,213.0,82.21032863849764,0.3695652173913043,0.009522988516795783,-0.06956521739130433,-0.0221,0.09859154929577464,-0.0221,-0.0221,,-0.0254,1.15,Fader (sell x1.15),314,0.385828025477707,0.0016174991619175572
519203,137,0.3324817518248175,0.29903808061404247,90.0,27.0,11.0,186.0,81.09516129032258,0.3,-0.03344367121077502,0.0,-0.0201,0.05913978494623656,-0.0201,-0.0201,,-0.0201,1.0,,160,0.2628125,-0.06966925182481748
519317,120,0.3729166666666667,0.32172140297686563,62.0,19.0,15.0,141.0,85.59787234042552,0.3064516129032258,-0.05119526368980104,-0.006451612903225823,-0.0333,0.10638297872340426,-0.0333,-0.0333,,-0.0383,1.15,Fader (sell x1.15),184,0.3497282608695652,-0.023188405797101463
521692,126,0.4317460317460317,0.44166232517054477,93.0,33.0,28.0,168.0,86.05952380952381,0.3548387096774194,0.009916293424513056,-0.054838709677419384,-0.016,0.16666666666666666,-0.016,-0.016,,-0.016,1.0,,313,0.3137380191693291,-0.11800801257670263
527038,92,0.3108695652173913,0.29272022818678295,68.0,19.0,12.0,115.0,81.45652173913045,0.27941176470588236,-0.018149337030608337,0.02058823529411763,-0.0027,0.10434782608695652,-0.0027,-0.0027,,-0.0031,1.15,Fader (sell x1.15),162,0.27283950617283953,-0.038030059044551756
542303,136,0.40588235294117647,0.46254954145338106,84.0,27.0,25.0,162.0,85.94012345679012,0.32142857142857145,0.05666718851220459,-0.021428571428571463,0.0254,0.15432098765432098,0.0267,0.0267,1.14,0.0267,1.0,,333,0.396996996996997,-0.008885355944179496
543760,147,0.36462585034013606,0.37202350027410636,108.0,29.0,24.0,192.0,83.52708333333334,0.26851851851851855,0.007397649933970296,0.031481481481481444,0.017,0.125,0.0178,0.0178,1.43,0.0196,1.1,Summer performer (buy x1.10),346,0.31517341040462427,-0.049452439935511794
543807,140,0.31142857142857144,0.3271257481524701,100.0,26.0,17.0,175.0,81.80000000000001,0.26,0.015697176723898643,0.03999999999999998,0.0254,0.09714285714285714,0.0254,0.0254,-0.1,0.0203,0.8,Slow starter (buy x0.80),296,0.3331081081081081,0.02167953667953665
547180,127,0.32637795275590553,0.3534362489161676,70.0,17.0,14.0,156.0,82.44807692307691,0.24285714285714285,0.027058296160262063,0.057142857142857134,0.0391,0.08974358974358974,0.0391,0.0391,-0.55,0.0313,0.8,Slow starter (buy x0.80) + fader conflict,292,0.4049657534246575,0.07858780066875198
553869,114,0.33070175438596494,0.2728417946721056,76.0,27.0,12.0,151.0,80.79072847682119,0.35526315789473684,-0.05785995971385932,-0.05526315789473685,-0.0568,0.07947019867549669,-0.0568,-0.0568,,-0.0568,1.0,,192,0.31197916666666664,-0.0187225877192983
553993,138,0.2967391304347826,0.30078254259187953,81.0,25.0,14.0,159.0,82.12893081761007,0.30864197530864196,0.004043412157096915,-0.00864197530864197,-0.001,0.0880503144654088,-0.001,-0.001,,-0.001,1.0,,292,0.3261986301369863,0.029459499702203684
571448,141,0.3117021276595745,0.2937862972496254,99.0,32.0,9.0,171.0,80.58187134502924,0.32323232323232326,-0.017915830409949096,-0.02323232323232327,-0.02,0.05263157894736842,-0.02,-0.02,,-0.02,1.0,,295,0.3216949152542373,0.009992787594662822
571745,123,0.3117886178861789,0.3104891575241445,70.0,20.0,17.0,139.0,83.63093525179856,0.2857142857142857,-0.001299460362034377,0.01428571428571429,0.0049,0.1223021582733813,0.0051,0.0051,-0.57,0.0051,1.0,,221,0.28031674208144797,-0.03147187580473093
572191,94,0.2803191489361702,0.28104912610085353,50.0,21.0,8.0,95.0,81.45578947368419,0.42,0.0007299771646833153,-0.12,-0.0476,0.08421052631578947,-0.0476,-0.0476,,-0.0547,1.15,Fader (sell x1.15),137,0.24854014598540144,-0.03177900295076877
572233,149,0.39664429530201345,0.4036743856000109,83.0,27.0,32.0,206.0,83.58398058252425,0.3253012048192771,0.007030090297997449,-0.025301204819277112,-0.0059,0.1553398058252427,-0.0059,-0.0059,,-0.0053,0.9,V-shape (sell x0.90),324,0.3325617283950617,-0.06408256690695174
575929,118,0.3699152542372881,0.3648092849264492,64.0,21.0,11.0,137.0,82.84598540145986,0.328125,-0.005105969310838898,-0.02812500000000001,-0.0143,0.08029197080291971,-0.0143,-0.0143,,-0.0164,1.15,Fader (sell x1.15),161,0.3987577639751553,0.028842509737867172
592192,132,0.40075757575757576,0.347365653716964,77.0,24.0,12.0,151.0,80.72847682119205,0.3116883116883117,-0.05339192204061177,-0.011688311688311692,-0.0367,0.07947019867549669,-0.0367,-0.0367,,-0.0367,1.0,,260,0.27865384615384614,-0.12210372960372962
592206,137,0.2416058394160584,0.2660768942570109,89.0,20.0,11.0,168.0,81.96011904761905,0.2247191011235955,0.024471054840952522,0.07528089887640449,0.0448,0.06547619047619048,0.0448,0.0448,-0.34,0.0448,1.0,,324,0.3373456790123457,0.09573983959628729
592273,109,0.2922018348623853,0.3102662253875157,73.0,21.0,13.0,133.0,81.79323308270676,0.2876712328767123,0.01806439052513037,0.012328767123287676,0.0158,0.09774436090225563,0.0158,0.0134,-1.51,0.0121,0.9,Fader conflict (buy x0.90),112,0.22767857142857142,-0.0645232634338139
592450,152,0.33881578947368424,0.3589889116149832,77.0,21.0,20.0,167.0,86.18443113772454,0.2727272727272727,0.02017312214129896,0.027272727272727282,0.023,0.11976047904191617,0.023,0.023,-0.12,0.0207,0.9,V-shape (buy x1.20) + fader conflict,341,0.5338709677419355,0.1950551782682513
592518,131,0.2961832061068702,0.31266469959662163,85.0,25.0,15.0,163.0,84.84049079754601,0.29411764705882354,0.01648149348975142,0.00588235294117645,0.0122,0.09202453987730061,0.0122,0.0122,1.14,0.0146,1.2,V-shape (buy x1.20),300,0.3411666666666667,0.04498346055979646
592626,92,0.35434782608695653,0.38697604443916883,53.0,16.0,11.0,117.0,85.10769230769233,0.3018867924528302,0.0326282183522123,-0.0018867924528301883,0.0188,0.09401709401709402,0.0188,0.0188,0.31,0.0188,1.0,,222,0.386936936936937,0.03258911084998045
592663,123,0.31422764227642275,0.32111323875928605,71.0,21.0,19.0,166.0,83.355421686747,0.29577464788732394,0.006885596482863299,0.004225352112676051,0.0058,0.1144578313253012,0.0058,0.0058,0.86,0.0064,1.1,Summer performer (buy x1.10),143,0.322027972027972,0.007800329751549262
592669,97,0.23969072164948454,0.26582344173515265,63.0,10.0,8.0,105.0,82.75904761904762,0.15873015873015872,0.02613272008566811,0.14126984126984127,0.0722,0.0761904761904762,0.0722,0.0722,-0.04,0.0578,0.8,Slow starter (buy x0.80) + fader conflict,218,0.3685779816513761,0.12888726000189157
592696,83,0.1397590361445783,0.22313380285581996,55.0,6.0,5.0,96.0,80.98125,0.10909090909090909,0.08337476671124167,0.19090909090909092,0.1264,0.052083333333333336,0.1201,0.1201,-0.52,0.0961,0.8,Slow starter (buy x0.80),232,0.27801724137931033,0.13825820523473203
593428,146,0.2732876712328767,0.31103847360126086,104.0,27.0,13.0,190.0,80.5042105263158,0.25961538461538464,0.03775080236838413,0.04038461538461535,0.0388,0.06842105263157895,0.0388,0.033,-2.2,0.033,1.0,,115,0.37347826086956526,0.10019058963668853
593871,135,0.30703703703703705,0.301914654743083,68.0,17.0,15.0,158.0,82.35379746835443,0.25,-0.005122382293954064,0.04999999999999999,0.0169,0.0949367088607595,0.0169,0.0169,-0.15,0.0169,1.0,,168,0.2970238095238095,-0.01001322751322753
595777,131,0.3900763358778626,0.3596459063966751,87.0,30.0,19.0,195.0,82.50769230769232,0.3448275862068966,-0.030430429481187515,-0.044827586206896586,-0.0362,0.09743589743589744,-0.0362,-0.0362,,-0.0416,1.15,Fader (sell x1.15),321,0.37554517133956383,-0.01453116453829878
595879,108,0.24675925925925923,0.27523774625667274,76.0,20.0,9.0,142.0,80.35915492957747,0.2631578947368421,0.02847848699741351,0.0368421052631579,0.0318,0.06338028169014084,0.0318,0.0318,-1.44,0.0318,1.0,,149,0.2120805369127517,-0.03467872234650754
596019,147,0.28979591836734697,0.3258711533737887,98.0,19.0,23.0,195.0,84.52051282051282,0.19387755102040816,0.03607523500644172,0.10612244897959183,0.0641,0.11794871794871795,0.0641,0.0641,0.42,0.0705,1.1,Summer performer (buy x1.10),361,0.3696675900277008,0.0798716716603538
600869,118,0.3135593220338983,0.25138603605866155,59.0,17.0,8.0,124.0,79.94193548387096,0.288135593220339,-0.06217328597523675,0.011864406779660996,-0.0326,0.06451612903225806,-0.0326,-0.0326,,-0.0375,1.15,V-shape (sell x0.90) + fader (sell x1.15),296,0.31739864864864864,0.003839326614750338
605113,101,0.2767326732673267,0.2803251797033249,74.0,23.0,7.0,126.0,79.51666666666664,0.3108108108108108,0.0035925064359981773,-0.010810810810810811,-0.0022,0.05555555555555555,-0.0022,-0.0022,,-0.0022,1.0,,105,0.2661904761904762,-0.010542197076850501
605137,138,0.283695652173913,0.272390088636246,89.0,19.0,12.0,163.0,82.76503067484663,0.21348314606741572,-0.01130556353766704,0.08651685393258426,0.0278,0.0736196319018405,0.0278,0.0278,0.77,0.0306,1.1,Summer performer (buy x1.10),310,0.3285483870967742,0.04485273492286118
605141,158,0.45791139240506323,0.4272219555163697,110.0,41.0,25.0,196.0,84.82142857142857,0.37272727272727274,-0.030689436888693522,-0.07272727272727275,-0.0475,0.12755102040816327,-0.0475,-0.0475,,-0.0428,0.9,V-shape (sell x0.90),180,0.33055555555555555,-0.1273558368495077
606115,127,0.3346456692913386,0.2672543563606133,91.0,29.0,12.0,169.0,83.4491124260355,0.31868131868131866,-0.06739131293072531,-0.01868131868131867,-0.0479,0.07100591715976332,-0.0479,-0.0479,,-0.0479,1.0,,274,0.26204379562043795,-0.07260187367090065
606192,143,0.3356643356643357,0.31497841381506575,71.0,25.0,20.0,165.0,83.3509090909091,0.352112676056338,-0.020685921849269928,-0.052112676056338014,-0.0333,0.12121212121212122,-0.0333,-0.0333,,-0.0333,1.0,,319,0.3639498432601881,0.02828550759585241
606466,155,0.38,0.36873638370145667,102.0,34.0,25.0,217.0,84.50046082949308,0.3333333333333333,-0.011263616298543333,-0.033333333333333326,-0.0201,0.1152073732718894,-0.0201,-0.0201,,-0.0231,1.15,V-shape (sell x0.90) + fader (sell x1.15),318,0.3915094339622642,0.01150943396226417
607043,146,0.3304794520547945,0.4112945060127724,86.0,23.0,22.0,183.0,83.99945355191258,0.26744186046511625,0.08081505395797789,0.032558139534883734,0.0615,0.12021857923497267,0.0646,0.0646,-0.4,0.0646,1.0,,325,0.35107692307692306,0.020597471022128555
607208,154,0.38603896103896107,0.3395382545272126,109.0,47.0,28.0,208.0,84.15096153846154,0.43119266055045874,-0.04650070651174848,-0.13119266055045875,-0.0804,0.1346153846153846,-0.0804,-0.0804,,-0.0925,1.15,Fader (sell x1.15),168,0.38333333333333336,-0.002705627705627711
608070,140,0.32321428571428573,0.2888439260511035,107.0,27.0,30.0,211.0,85.05355450236966,0.2523364485981308,-0.03437035966318225,0.047663551401869175,-0.0016,0.14218009478672985,-0.0016,-0.0016,,-0.0018,1.15,Fader (sell x1.15),324,0.3824074074074074,0.059193121693121686
608324,121,0.30330578512396694,0.2805838566655632,92.0,24.0,13.0,156.0,84.025,0.2608695652173913,-0.022721928458403762,0.03913043478260869,0.002,0.08333333333333333,0.002,0.002,0.12,0.0022,1.1,Summer performer (buy x1.10),343,0.34183673469387754,0.0385309495699106
608369,127,0.28818897637795277,0.3446272706022423,92.0,25.0,16.0,161.0,83.3689440993789,0.2717391304347826,0.05643829422428953,0.028260869565217395,0.0452,0.09937888198757763,0.0452,0.0452,-0.73,0.0362,0.8,Slow starter (buy x0.80) + fader conflict,294,0.3850340136054422,0.09684503722748944
608385,130,0.36230769230769233,0.35803068740193844,77.0,26.0,11.0,162.0,81.15308641975308,0.33766233766233766,-0.0042770049057538895,-0.037662337662337675,-0.0176,0.06790123456790123,-0.0176,-0.0176,,-0.0176,1.0,,269,0.354275092936803,-0.008032599370889348
608841,117,0.2602564102564103,0.29940201367530944,81.0,22.0,17.0,165.0,83.77515151515152,0.2716049382716049,0.039145603418899166,0.028395061728395066,0.0348,0.10303030303030303,0.0348,0.0348,0.28,0.0278,0.8,Slow starter (buy x0.80),207,0.29130434782608694,0.031047937569676665
621020,133,0.29060150375939847,0.3317869013087051,78.0,24.0,16.0,140.0,84.33142857142857,0.3076923076923077,0.04118539754930661,-0.0076923076923077205,0.0216,0.11428571428571428,0.0216,0.0216,0.73,0.0194,0.9,Fader conflict (buy x0.90),267,0.27902621722846443,-0.011575286530934037
621438,86,0.3313953488372093,0.3427641006278735,59.0,19.0,12.0,116.0,81.49741379310343,0.3220338983050847,0.011368751790664211,-0.02203389830508473,-0.002,0.10344827586206896,-0.002,-0.002,,-0.002,1.0,,163,0.3150306748466258,-0.0163646739905835
621439,110,0.3054545454545455,0.2580929176021935,63.0,24.0,8.0,119.0,83.06050420168067,0.38095238095238093,-0.047361627852351984,-0.08095238095238094,-0.0608,0.06722689075630252,-0.0608,-0.0608,,-0.0608,1.0,,208,0.39014423076923077,0.08468968531468529
621466,83,0.3710843373493976,0.36503381640200633,40.0,9.0,9.0,78.0,84.28333333333335,0.225,-0.00605052094739128,0.07499999999999998,0.0264,0.11538461538461539,0.0264,0.0264,0.38,0.0264,1.0,,118,0.261864406779661,-0.10921993056973661
621493,145,0.34206896551724136,0.38612738162219395,94.0,29.0,24.0,193.0,83.4119170984456,0.30851063829787234,0.04405841610495259,-0.008510638297872353,0.023,0.12435233160621761,0.0242,0.0242,1.21,0.0242,1.0,,315,0.29809523809523814,-0.04397372742200323
621566,140,0.31,0.3660945085997195,72.0,19.0,20.0,171.0,84.91695906432749,0.2638888888888889,0.056094508599719484,0.036111111111111094,0.0481,0.11695906432748537,0.0481,0.0481,-0.28,0.0529,1.1,Summer performer (buy x1.10),326,0.319478527607362,0.009478527607362008
623912,124,0.28911290322580646,0.2603738873925064,89.0,28.0,5.0,164.0,79.87317073170732,0.3146067415730337,-0.028739015833300074,-0.01460674157303371,-0.0231,0.03048780487804878,-0.0231,-0.0231,,-0.0231,1.0,,121,0.30702479338842975,0.01791189016262329
623993,133,0.34060150375939846,0.2952320317618702,91.0,22.0,20.0,192.0,82.09531249999999,0.24175824175824176,-0.04536947199752828,0.05824175824175823,-0.0039,0.10416666666666667,-0.0039,-0.0039,,-0.0045,1.15,Fader (sell x1.15),321,0.38037383177570094,0.03977232801630248
624413,143,0.3503496503496504,0.32810581378781495,95.0,24.0,16.0,185.0,82.08756756756758,0.25263157894736843,-0.02224383656183543,0.04736842105263156,0.0056,0.08648648648648649,0.0056,0.0056,-0.21,0.0056,1.0,,340,0.3416176470588235,-0.00873200329082685
624415,99,0.28939393939393937,0.2925313560917877,52.0,16.0,7.0,113.0,78.12477876106195,0.3076923076923077,0.0031374166978483387,-0.0076923076923077205,-0.0012,0.061946902654867256,-0.0012,-0.0012,,-0.0012,1.0,,118,0.2877118644067797,-0.0016820749871596652
624424,130,0.3273076923076923,0.33646912242776034,87.0,26.0,17.0,162.0,83.01913580246914,0.2988505747126437,0.009161430120068037,0.0011494252873562871,0.006,0.10493827160493827,0.006,0.006,-0.88,0.006,1.0,,200,0.299,-0.02830769230769231
624428,85,0.28,0.3118215559440559,57.0,14.0,6.0,105.0,78.09809523809523,0.24561403508771928,0.03182155594405589,0.054385964912280704,0.0408,0.05714285714285714,0.0388,0.0388,-1.1,0.0388,1.0,,138,0.2583333333333333,-0.021666666666666723
624585,136,0.31691176470588234,0.31774093306461365,75.0,22.0,16.0,159.0,82.39496855345911,0.29333333333333333,0.0008291683587313137,0.006666666666666654,0.0032,0.10062893081761007,0.0032,0.0032,-1.11,0.0038,1.2,V-shape (buy x1.20),275,0.3441818181818182,0.027270053475935863
630105,139,0.35215827338129496,0.3870432508508417,94.0,27.0,25.0,183.0,83.12896174863388,0.2872340425531915,0.03488497746954672,0.012765957446808474,0.026,0.1366120218579235,0.0273,0.0273,1.13,0.0273,1.0,,316,0.32547468354430376,-0.026683589836991206
641313,107,0.2757009345794392,0.24074437348440728,66.0,25.0,7.0,127.0,81.68976377952755,0.3787878787878788,-0.03495656109503195,-0.0787878787878788,-0.0525,0.05511811023622047,-0.0525,-0.0525,,-0.0525,1.0,,141,0.19645390070921986,-0.07924703387021936
641355,109,0.32889908256880734,0.3280888307782157,71.0,17.0,13.0,110.0,84.46545454545455,0.23943661971830985,-0.0008102517905916318,0.06056338028169014,0.0237,0.11818181818181818,0.0237,0.0237,2.17,0.0237,1.0,,256,0.34296875,0.014069667431192645
641487,113,0.3084070796460177,0.30631121972425335,77.0,20.0,5.0,134.0,81.74328358208955,0.2597402597402597,-0.0020958599217643648,0.04025974025974027,0.0148,0.03731343283582089,0.0141,0.0141,0.44,0.0141,1.0,,239,0.2974895397489539,-0.010917539897063788
641598,115,0.25565217391304346,0.26301979184836327,56.0,11.0,8.0,101.0,83.18415841584157,0.19642857142857142,0.007367617935319815,0.10357142857142856,0.0458,0.07920792079207921,0.0458,0.0458,0.58,0.0366,0.8,Slow starter (buy x0.80),253,0.2940711462450593,0.038418972332015855
641680,107,0.305607476635514,0.25520620029571023,78.0,25.0,13.0,142.0,83.62887323943661,0.32051282051282054,-0.05040127633980379,-0.02051282051282055,-0.0384,0.09154929577464789,-0.0384,-0.0384,,-0.0442,1.15,Fader (sell x1.15),261,0.2704980842911877,-0.03510939234432631
641857,138,0.39565217391304347,0.34195582184375123,80.0,35.0,12.0,179.0,83.72067039106145,0.4375,-0.05369635206929224,-0.1375,-0.0872,0.0670391061452514,-0.0872,-0.0872,,-0.1003,1.15,Fader (sell x1.15),321,0.32850467289719626,-0.06714750101584721
641933,107,0.45514018691588787,0.41249325896983857,53.0,17.0,18.0,114.0,85.2438596491228,0.32075471698113206,-0.042646927946049296,-0.02075471698113207,-0.0339,0.15789473684210525,-0.0339,-0.0339,,-0.0339,1.0,,249,0.35401606425702814,-0.10112412265885973
642133,105,0.25333333333333335,0.311468212067592,62.0,17.0,12.0,114.0,82.32456140350875,0.27419354838709675,0.058134878734258655,0.025806451612903236,0.0452,0.10526315789473684,0.0452,0.0452,-0.78,0.0452,1.0,,195,0.33051282051282055,0.0771794871794872
642350,109,0.25871559633027524,0.29902653865096696,48.0,15.0,9.0,111.0,80.94864864864864,0.3125,0.04031094232069171,-0.012500000000000011,0.0192,0.08108108108108109,0.0192,0.0192,-1.35,0.0173,0.9,Fader conflict (buy x0.90),227,0.3011013215859031,0.04238572525562784
642708,115,0.35434782608695653,0.303616584389969,93.0,33.0,19.0,174.0,80.6896551724138,0.3548387096774194,-0.050731241696987506,-0.054838709677419384,-0.0524,0.10919540229885058,-0.0524,-0.0524,,-0.0603,1.15,V-shape (sell x0.90) + fader (sell x1.15),171,0.3391812865497076,-0.015166539537248946
642715,145,0.40241379310344827,0.35009891198982995,87.0,29.0,12.0,152.0,84.73026315789474,0.3333333333333333,-0.05231488111361832,-0.033333333333333326,-0.0447,0.07894736842105263,-0.0447,-0.0447,,-0.0447,1.0,,339,0.32772861356932154,-0.07468517953412673
642731,121,0.28057851239669424,0.2767052885947303,82.0,22.0,15.0,150.0,81.83533333333332,0.2682926829268293,-0.003873223801963921,0.031707317073170704,0.0104,0.1,0.0104,0.0104,0.74,0.0104,1.0,,238,0.27121848739495796,-0.009360025001736272
643217,122,0.2459016393442623,0.2814910103311893,90.0,21.0,11.0,155.0,81.72258064516129,0.23333333333333334,0.035589370986926994,0.06666666666666665,0.048,0.07096774193548387,0.048,0.048,0.02,0.048,1.0,,222,0.2596846846846847,0.013783045340422406
643396,103,0.33883495145631065,0.3544643110709515,72.0,24.0,9.0,129.0,80.5093023255814,0.3333333333333333,0.015629359614640848,-0.033333333333333326,-0.004,0.06976744186046512,-0.004,-0.004,,-0.0046,1.15,Fader (sell x1.15),193,0.3603626943005181,0.021527742844207443
643446,124,0.3064516129032258,0.31988695165283243,89.0,23.0,6.0,175.0,79.94857142857143,0.25842696629213485,0.013435338749606618,0.04157303370786514,0.0247,0.03428571428571429,0.0235,0.0235,-0.55,0.0235,1.0,,262,0.2902671755725191,-0.016184437330706736
643565,105,0.40619047619047616,0.37875991102163414,62.0,21.0,14.0,140.0,79.69142857142856,0.3387096774193548,-0.027430565168842014,-0.03870967741935483,-0.0319,0.1,-0.0319,-0.0319,,-0.0319,1.0,,199,0.2655778894472362,-0.14061258674323995
645277,110,0.40045454545454545,0.3386012809210412,79.0,29.0,13.0,127.0,81.5188976377953,0.3670886075949367,-0.06185326453350426,-0.06708860759493673,-0.0639,0.10236220472440945,-0.0639,-0.0639,,-0.0639,1.0,,302,0.2915562913907285,-0.10889825406381698
646240,101,0.40594059405940597,0.40034288723855954,61.0,22.0,19.0,121.0,84.91818181818182,0.36065573770491804,-0.0055977068208464265,-0.060655737704918056,-0.0276,0.15702479338842976,-0.0276,-0.0276,,-0.0317,1.15,Fader (sell x1.15),332,0.4144578313253012,0.008517237265895206
647304,135,0.3688888888888889,0.3853484758768128,89.0,25.0,19.0,152.0,85.33749999999999,0.2808988764044944,0.016459586987923935,0.019101123595505587,0.0175,0.125,0.0184,0.0184,1.24,0.0166,0.9,Fader conflict (buy x0.90),294,0.3292517006802721,-0.03963718820861678
647351,106,0.31886792452830187,0.2947134238754795,73.0,23.0,13.0,128.0,81.0390625,0.3150684931506849,-0.024154500652822375,-0.015068493150684925,-0.0205,0.1015625,-0.0205,-0.0205,,-0.0205,1.0,,229,0.29475982532751094,-0.024108099200790933
650333,144,0.3357638888888889,0.32378719557009816,116.0,39.0,7.0,218.0,81.78990825688072,0.33620689655172414,-0.011976693318790754,-0.036206896551724155,-0.0217,0.03211009174311927,-0.0217,-0.0217,,-0.025,1.15,Fader (sell x1.15),326,0.32223926380368095,-0.013524625085207964
650391,83,0.30903614457831324,0.30489381677668487,54.0,13.0,10.0,88.0,84.9659090909091,0.24074074074074073,-0.004142327801628376,0.05925925925925926,0.0212,0.11363636363636363,0.0212,0.0212,0.97,0.0212,1.0,,176,0.2778409090909091,-0.03119523548740416
650402,148,0.2858108108108108,0.2689959403309444,91.0,31.0,13.0,198.0,81.47878787878787,0.34065934065934067,-0.01681487047986635,-0.04065934065934068,-0.0264,0.06565656565656566,-0.0264,-0.0264,,-0.0238,0.9,V-shape (sell x0.90),301,0.3169435215946844,0.03113271078387364
650489,118,0.3347457627118644,0.30137907525608904,63.0,24.0,12.0,152.0,78.72368421052632,0.38095238095238093,-0.03336668745577537,-0.08095238095238094,-0.0524,0.07894736842105263,-0.0524,-0.0524,,-0.0524,1.0,,325,0.3536923076923077,0.01894654498044329
650490,144,0.321875,0.2927659850367577,100.0,28.0,14.0,228.0,82.84868421052632,0.28,-0.029109014963242308,0.019999999999999962,-0.0095,0.06140350877192982,-0.0095,-0.0095,,-0.0095,1.0,,307,0.3485342019543974,0.02665920195439736
650559,140,0.32321428571428573,0.35923801428043767,90.0,30.0,23.0,179.0,83.44189944134078,0.3333333333333333,0.036023728566151936,-0.033333333333333326,0.0083,0.12849162011173185,0.0087,0.0087,-0.56,0.0078,0.9,Fader conflict (buy x0.90),325,0.31169230769230766,-0.011521978021978074
650859,96,0.34375,0.2637301649568474,70.0,25.0,7.0,132.0,79.49090909090908,0.35714285714285715,-0.08001983504315258,-0.05714285714285716,-0.0709,0.05303030303030303,-0.0709,-0.0709,,-0.0709,1.0,,213,0.3349765258215962,-0.008773474178403795
656305,137,0.2937956204379562,0.3030969417774385,91.0,24.0,18.0,171.0,84.83684210526316,0.26373626373626374,0.009301321339482305,0.036263736263736246,0.0201,0.10526315789473684,0.0201,0.0201,-1.26,0.0161,0.8,Slow starter (buy x0.80) + fader conflict,336,0.3626488095238095,0.0688531890858533
656413,81,0.26296296296296295,0.29788999201694366,55.0,14.0,5.0,72.0,79.30833333333334,0.2545454545454545,0.03492702905398071,0.04545454545454547,0.0391,0.06944444444444445,0.0391,0.0391,1.91,0.0391,1.0,,139,0.3363309352517986,0.07336797228883563
656555,128,0.35546875,0.37320157933636167,76.0,18.0,18.0,138.0,84.79347826086956,0.23684210526315788,0.017732829336361666,0.06315789473684211,0.0359,0.13043478260869565,0.0377,0.032,-1.51,0.032,1.0,,223,0.31053811659192826,-0.04493063340807174
656582,110,0.35909090909090907,0.30250090708002664,73.0,24.0,11.0,135.0,79.31851851851852,0.3287671232876712,-0.056590002010882434,-0.028767123287671226,-0.0455,0.08148148148148149,-0.0455,-0.0455,,-0.0455,1.0,,235,0.30127659574468085,-0.05781431334622822
656775,117,0.29914529914529914,0.29664832777695593,72.0,15.0,15.0,152.0,83.06447368421053,0.20833333333333334,-0.0024969713683432038,0.09166666666666665,0.0352,0.09868421052631579,0.0352,0.0352,0.26,0.0387,1.1,Summer performer (buy x1.10),222,0.30292792792792794,0.003782628782628805
656811,85,0.4364705882352941,0.48269227821010086,62.0,19.0,21.0,85.0,88.59529411764706,0.3064516129032258,0.046221689974806746,-0.006451612903225823,0.0252,0.24705882352941178,0.0265,0.0265,0.9,0.0238,0.9,Fader conflict (buy x0.90),262,0.34618320610687026,-0.09028738212842385
656941,150,0.316,0.3444267682530865,67.0,17.0,20.0,142.0,85.50704225352112,0.2537313432835821,0.028426768253086487,0.04626865671641789,0.0356,0.14084507042253522,0.0374,0.0374,-0.79,0.0449,1.2,V-shape (buy x1.20),307,0.3982084690553746,0.0822084690553746
657041,110,0.27,0.2826238754613442,71.0,16.0,10.0,144.0,81.87847222222223,0.22535211267605634,0.012623875461344192,0.07464788732394365,0.0374,0.06944444444444445,0.0374,0.0374,1.28,0.0299,0.8,Slow starter (buy x0.80) + fader conflict,249,0.37389558232931724,0.10389558232931723
657077,133,0.3466165413533835,0.348530252158878,95.0,25.0,13.0,176.0,81.25795454545454,0.2631578947368421,0.0019137108054945173,0.0368421052631579,0.0159,0.07386363636363637,0.0159,0.0135,-1.94,0.0135,1.0,,328,0.2762195121951219,-0.07039702915826157
657136,84,0.3601190476190476,0.29446351595247217,56.0,19.0,7.0,103.0,79.84660194174756,0.3392857142857143,-0.06565553166657545,-0.03928571428571431,-0.0551,0.06796116504854369,-0.0551,-0.0551,,-0.0551,1.0,,244,0.3415983606557377,-0.01852068696330994
657557,89,0.28820224719101123,0.2548612520648788,46.0,16.0,11.0,103.0,82.18058252427184,0.34782608695652173,-0.03334099512613242,-0.04782608695652174,-0.0391,0.10679611650485436,-0.0391,-0.0391,,-0.0391,1.0,,291,0.3142611683848797,0.02605892119386849
657757,116,0.33577586206896554,0.3768486436325907,74.0,22.0,17.0,142.0,84.4943661971831,0.2972972972972973,0.04107278156362515,0.002702702702702675,0.0257,0.11971830985915492,0.0257,0.0257,0.79,0.0257,1.0,,251,0.26772908366533865,-0.06804677840362688
660271,157,0.4229299363057325,0.4703638400132451,98.0,37.0,38.0,203.0,84.69359605911328,0.37755102040816324,0.047433903707512604,-0.07755102040816325,-0.0026,0.18719211822660098,-0.0026,-0.0026,,-0.0026,1.0,,335,0.4343283582089552,0.01139842190322271
660707,111,0.25,0.2798781758627338,77.0,19.0,13.0,156.0,81.50192307692308,0.24675324675324675,0.02987817586273378,0.05324675324675324,0.0392,0.08333333333333333,0.0392,0.0392,0.4,0.0392,1.0,,152,0.2703947368421053,0.0203947368421053
660821,83,0.31144578313253013,0.33540846826210824,53.0,16.0,13.0,112.0,84.85892857142856,0.3018867924528302,0.02396268512957811,-0.0018867924528301883,0.0136,0.11607142857142858,0.0136,0.0136,0.86,0.0136,1.0,,265,0.31566037735849056,0.004214594225960433
661388,146,0.4147260273972603,0.3618904867393797,88.0,35.0,19.0,141.0,87.63191489361701,0.3977272727272727,-0.0528355406578806,-0.09772727272727272,-0.0708,0.1347517730496454,-0.0708,-0.0708,,-0.0708,1.0,,331,0.32341389728096676,-0.09131213011629352
662139,117,0.3213675213675214,0.2820179530372536,67.0,16.0,15.0,144.0,81.08958333333334,0.23880597014925373,-0.039349568330267815,0.06119402985074626,0.0009,0.10416666666666667,0.0009,0.0009,0.69,0.001,1.1,Summer performer (buy x1.10),274,0.27664233576642333,-0.04472518560109806
663368,109,0.37706422018348623,0.31941848258380234,64.0,24.0,10.0,83.0,83.66746987951808,0.375,-0.05764573759968389,-0.07500000000000001,-0.0646,0.12048192771084337,-0.0646,-0.0646,,-0.0646,1.0,,208,0.3036057692307692,-0.07345845095271702
663527,94,0.3569148936170212,0.32688663814562813,62.0,24.0,10.0,120.0,82.44249999999998,0.3870967741935484,-0.030028255471393095,-0.08709677419354839,-0.0529,0.08333333333333333,-0.0529,-0.0529,,-0.0529,1.0,,115,0.23956521739130432,-0.1173496762257169
663538,138,0.3141304347826087,0.332053488,110.0,32.0,9.0,175.0,81.62285714285714,0.2909090909090909,0.017923053217391294,0.009090909090909094,0.0144,0.05142857142857143,0.0137,0.0137,-1.18,0.0137,1.0,,311,0.3139871382636656,-0.00014329651894312567
663586,144,0.31006944444444445,0.33606622716283857,86.0,26.0,15.0,155.0,84.90451612903226,0.3023255813953488,0.025996782718394118,-0.0023255813953488302,0.0147,0.0967741935483871,0.0147,0.0147,0.6,0.0162,1.1,Summer performer (buy x1.10),269,0.36319702602230486,0.053127581577860405
663624,123,0.3699186991869919,0.3773760962421417,77.0,27.0,15.0,172.0,82.11220930232558,0.35064935064935066,0.007457397055149806,-0.050649350649350666,-0.0158,0.0872093023255814,-0.0158,-0.0158,,-0.0142,0.9,V-shape (sell x0.90),300,0.3283333333333333,-0.041585365853658574
663647,138,0.3416666666666667,0.2991485228709863,89.0,33.0,11.0,172.0,83.06918604651163,0.3707865168539326,-0.04251814379568036,-0.07078651685393261,-0.0538,0.06395348837209303,-0.0538,-0.0538,,-0.0538,1.0,,219,0.24406392694063928,-0.0976027397260274
663656,140,0.42464285714285716,0.42668316064871115,87.0,28.0,23.0,176.0,85.05056818181819,0.3218390804597701,0.002040303505853991,-0.02183908045977012,-0.0075,0.13068181818181818,-0.0075,-0.0075,,-0.0075,1.0,,130,0.4130769230769231,-0.011565934065934036
663697,126,0.34365079365079365,0.3618425653698781,76.0,25.0,9.0,126.0,80.98492063492063,0.32894736842105265,0.018191771719084426,-0.028947368421052666,-0.0007,0.07142857142857142,-0.0007,-0.0007,,-0.0008,1.15,Fader (sell x1.15),304,0.35822368421052636,0.01457289055973271
663728,113,0.3194690265486726,0.29909577734993664,52.0,14.0,14.0,130.0,86.11923076923077,0.2692307692307692,-0.020373249198735954,0.03076923076923077,0.0001,0.1076923076923077,0.0001,0.0001,2.82,0.0001,1.0,,312,0.31810897435897434,-0.0013600521896982576
663837,101,0.34059405940594056,0.3234808299629255,67.0,22.0,14.0,125.0,84.37040000000002,0.3283582089552239,-0.017113229443015077,-0.028358208955223896,-0.0216,0.112,-0.0216,-0.0216,,-0.0248,1.15,Fader (sell x1.15),298,0.3243288590604027,-0.016265200345537856
663886,89,0.33314606741573033,0.3806488120394374,49.0,13.0,12.0,84.0,85.53690476190476,0.2653061224489796,0.04750274462370707,0.03469387755102038,0.0424,0.14285714285714285,0.0445,0.0445,1.84,0.0445,1.0,,243,0.3228395061728395,-0.01030656124289081
663898,105,0.2895238095238095,0.2831960583953286,66.0,22.0,10.0,145.0,81.12827586206897,0.3333333333333333,-0.006327751128480941,-0.033333333333333326,-0.0171,0.06896551724137931,-0.0171,-0.0171,,-0.0171,1.0,,268,0.3220149253731343,0.03249111584932479
664023,131,0.2881679389312977,0.30312429265686425,78.0,23.0,14.0,175.0,82.77142857142857,0.2948717948717949,0.014956353725566529,0.00512820512820511,0.011,0.08,0.011,0.011,-0.13,0.011,1.0,,315,0.3601587301587302,0.07199079122743246
664034,116,0.30862068965517236,0.35482778306964013,78.0,26.0,16.0,143.0,84.58811188811188,0.3333333333333333,0.04620709341446777,-0.033333333333333326,0.0144,0.11188811188811189,0.0144,0.0144,2.69,0.0144,1.0,,237,0.3088607594936709,0.00024006983849855779
664056,97,0.3020618556701031,0.30869165201756005,68.0,23.0,15.0,123.0,81.79674796747967,0.3382352941176471,0.006629796347456973,-0.03823529411764709,-0.0113,0.12195121951219512,-0.0113,-0.0113,,-0.013,1.15,Fader (sell x1.15),224,0.32723214285714286,0.025170287187039786
664728,94,0.2904255319148936,0.28112210437982343,66.0,16.0,8.0,117.0,83.28717948717949,0.24242424242424243,-0.009303427535070186,0.05757575757575756,0.0174,0.06837606837606838,0.0174,0.0174,0.19,0.0174,1.0,,191,0.30209424083769637,0.01166870892280275
664761,140,0.43607142857142855,0.38878047769571666,97.0,41.0,21.0,184.0,84.55271739130436,0.422680412371134,-0.04729095087571189,-0.12268041237113403,-0.0774,0.11413043478260869,-0.0774,-0.0774,,-0.089,1.15,Fader (sell x1.15),326,0.3355828220858896,-0.10048860648553898
664774,90,0.40222222222222226,0.38552947642807384,48.0,23.0,9.0,96.0,82.12395833333333,0.4791666666666667,-0.016692745794148423,-0.1791666666666667,-0.0817,0.09375,-0.0817,-0.0817,,-0.0817,1.0,,163,0.3506134969325153,-0.05160872528970695
664913,100,0.2345,0.2783142139371241,53.0,15.0,14.0,115.0,83.84695652173912,0.2830188679245283,0.04381421393712409,0.016981132075471694,0.0331,0.12173913043478261,0.0348,0.0348,-0.15,0.0418,1.2,V-shape (buy x1.20),156,0.31506410256410255,0.08056410256410257
664983,82,0.3274390243902439,0.2769384532733633,52.0,20.0,5.0,110.0,77.80909090909091,0.38461538461538464,-0.05050057111688061,-0.08461538461538465,-0.0641,0.045454545454545456,-0.0641,-0.0641,,-0.0737,1.15,Fader (sell x1.15),210,0.36,0.03256097560975607
665161,129,0.37674418604651166,0.36922295231723373,101.0,38.0,15.0,164.0,83.61463414634146,0.37623762376237624,-0.007521233729277932,-0.07623762376237625,-0.035,0.09146341463414634,-0.035,-0.035,,-0.035,1.0,,320,0.30640625,-0.07033793604651167
665487,149,0.33255033557046976,0.3989722080899197,97.0,24.0,22.0,184.0,84.60326086956522,0.24742268041237114,0.06642187251944992,0.052577319587628846,0.0609,0.11956521739130435,0.0609,0.0609,0.0,0.0609,1.0,,201,0.3808457711442786,0.04829543557380883
665489,149,0.33590604026845633,0.36483546505442666,95.0,29.0,20.0,184.0,84.52282608695653,0.30526315789473685,0.028929424785970326,-0.0052631578947368585,0.0153,0.10869565217391304,0.0153,0.0153,-1.08,0.0153,1.0,,339,0.42448377581120944,0.08857773554275311
665742,159,0.4374213836477987,0.4523423024761057,100.0,34.0,27.0,179.0,87.7391061452514,0.34,0.014920918828306984,-0.040000000000000036,-0.007,0.15083798882681565,-0.007,-0.007,,-0.008,1.15,Fader (sell x1.15),343,0.44052478134110784,0.00310339769330914
665750,111,0.26891891891891895,0.29850669910460537,80.0,21.0,12.0,129.0,82.03488372093022,0.2625,0.02958778018568642,0.03749999999999998,0.0328,0.09302325581395349,0.0328,0.0328,0.43,0.0295,0.9,Fader conflict (buy x0.90),268,0.2886194029850746,0.019700484066155655
665804,81,0.27592592592592596,0.28716098792353484,48.0,13.0,2.0,83.0,80.99518072289158,0.2708333333333333,0.011235061997608875,0.029166666666666674,0.0184,0.024096385542168676,0.0175,0.0175,-0.0,0.0175,1.0,,164,0.2554878048780488,-0.020438121047877178
665828,117,0.3128205128205128,0.2845771657851711,84.0,23.0,7.0,161.0,81.54968944099379,0.27380952380952384,-0.028243347035341704,0.026190476190476153,-0.0065,0.043478260869565216,-0.0065,-0.0065,,-0.0065,1.0,,155,0.2903225806451613,-0.02249793217535151
665833,136,0.26544117647058824,0.26846185373234316,71.0,25.0,12.0,154.0,83.53506493506492,0.352112676056338,0.0030206772617549227,-0.052112676056338014,-0.019,0.07792207792207792,-0.019,-0.019,,-0.019,1.0,,275,0.3449090909090909,0.07946791443850265
665862,130,0.31115384615384617,0.3152881024017832,71.0,22.0,14.0,146.0,82.15753424657534,0.30985915492957744,0.004134256247937007,-0.009859154929577452,-0.0015,0.0958904109589041,-0.0015,-0.0015,,-0.0015,1.0,,326,0.34432515337423314,0.03317130722038697
665926,139,0.3514388489208633,0.2993023286906748,98.0,34.0,10.0,180.0,78.93722222222223,0.3469387755102041,-0.0521365202301885,-0.04693877551020409,-0.0501,0.05555555555555555,-0.0501,-0.0501,,-0.0501,1.0,,297,0.27037037037037037,-0.08106847855049293
666158,88,0.25227272727272726,0.26455451369112815,60.0,15.0,7.0,115.0,81.26347826086958,0.25,0.012281786418400886,0.04999999999999999,0.0274,0.06086956521739131,0.0274,0.0274,-1.24,0.0219,0.8,Slow starter (buy x0.80),238,0.32499999999999996,0.0727272727272727
666181,133,0.3131578947368421,0.285706718155353,63.0,20.0,16.0,123.0,82.55040650406505,0.31746031746031744,-0.0274511765814891,-0.017460317460317454,-0.0235,0.13008130081300814,-0.0235,-0.0235,,-0.027,1.15,Fader (sell x1.15),204,0.2823529411764706,-0.030804953560371495
666182,132,0.26666666666666666,0.2684098570073994,98.0,25.0,15.0,211.0,82.3469194312796,0.25510204081632654,0.0017431903407327254,0.04489795918367345,0.019,0.07109004739336493,0.019,0.019,-0.95,0.019,1.0,,213,0.2725352112676056,0.005868544600938941
666310,90,0.3,0.24284811712136697,45.0,14.0,11.0,110.0,81.2418181818182,0.3111111111111111,-0.057151882878633015,-0.011111111111111127,-0.0387,0.1,-0.0387,-0.0387,,-0.0387,1.0,,178,0.2758426966292135,-0.024157303370786476
666397,121,0.362396694214876,0.31749404462083336,59.0,17.0,15.0,116.0,84.90172413793103,0.288135593220339,-0.044902649594042665,0.011864406779660996,-0.0222,0.12931034482758622,-0.0222,-0.0222,,-0.0222,1.0,,100,0.23850000000000002,-0.12389669421487601
666624,135,0.2840740740740741,0.3422266130852083,82.0,20.0,13.0,155.0,84.65935483870969,0.24390243902439024,0.05815253901113421,0.05609756097560975,0.0573,0.08387096774193549,0.0573,0.0573,-0.04,0.0516,0.9,Fader conflict (buy x0.90),310,0.3135483870967742,0.029474313022700094
666969,131,0.3618320610687023,0.3724096503218595,78.0,24.0,27.0,154.0,84.83051948051947,0.3076923076923077,0.010577589253157216,-0.0076923076923077205,0.0033,0.17532467532467533,0.0035,0.0035,-0.47,0.0035,1.0,,314,0.2587579617834395,-0.10307409928526279
666971,144,0.3125,0.3282235608955216,105.0,28.0,20.0,209.0,83.0267942583732,0.26666666666666666,0.015723560895521627,0.033333333333333326,0.0228,0.09569377990430622,0.0228,0.0228,-0.57,0.0251,1.1,Summer performer (buy x1.10),292,0.3138698630136986,0.0013698630136986245
667670,86,0.3436046511627907,0.33167143627786966,33.0,9.0,10.0,88.0,82.94886363636364,0.2727272727272727,-0.01193321488492105,0.027272727272727282,0.0037,0.11363636363636363,0.0037,0.0037,-1.25,0.0037,1.0,,318,0.42562893081761005,0.08202427965481934
668227,136,0.20661764705882352,0.26479632527078867,78.0,13.0,12.0,146.0,84.08424657534246,0.16666666666666666,0.05817867821196515,0.13333333333333333,0.0882,0.0821917808219178,0.0882,0.0882,-0.72,0.1058,1.2,V-shape (buy x1.20),310,0.36870967741935484,0.16209203036053133
668709,118,0.3177966101694915,0.2866712935748648,79.0,23.0,10.0,130.0,81.76692307692308,0.2911392405063291,-0.031125316594626695,0.008860759493670878,-0.0151,0.07692307692307693,-0.0151,-0.0151,,-0.0151,1.0,,322,0.3402173913043478,0.022420781134856294
668715,143,0.3986013986013986,0.3665785488093637,87.0,28.0,23.0,179.0,83.65307262569831,0.3218390804597701,-0.0320228497920349,-0.02183908045977012,-0.0279,0.12849162011173185,-0.0279,-0.0279,,-0.0279,1.0,,317,0.3315457413249211,-0.0670556572764775
668804,147,0.3445578231292517,0.3836483966276873,92.0,27.0,17.0,168.0,83.29583333333333,0.29347826086956524,0.03909057349843559,0.006521739130434745,0.0261,0.10119047619047619,0.0261,0.0261,-0.8,0.0209,0.8,Slow starter (buy x0.80),323,0.3865325077399381,0.041974684610686375
668930,117,0.3683760683760684,0.32006145453429424,85.0,31.0,3.0,151.0,81.73841059602648,0.36470588235294116,-0.04831461384177416,-0.06470588235294117,-0.0549,0.019867549668874173,-0.0549,-0.0549,,-0.0549,1.0,,314,0.30286624203821655,-0.06550982633785185
668939,134,0.3723880597014925,0.37348817633713566,95.0,35.0,16.0,186.0,84.13870967741937,0.3684210526315789,0.0011001166356431336,-0.06842105263157894,-0.0267,0.08602150537634409,-0.0267,-0.0267,,-0.0267,1.0,,319,0.3275862068965517,-0.04480185280494081
668942,89,0.3814606741573034,0.387771724304884,57.0,19.0,6.0,108.0,82.57777777777777,0.3333333333333333,0.006311050147580599,-0.033333333333333326,-0.0095,0.05555555555555555,-0.0095,-0.0095,,-0.0109,1.15,Fader (sell x1.15),264,0.2869318181818182,-0.09452885597548522
669004,109,0.27477064220183484,0.3245634924310516,70.0,14.0,14.0,125.0,84.13119999999999,0.2,0.049792850229216756,0.09999999999999998,0.0699,0.112,0.0699,0.0699,-1.37,0.0769,1.1,Summer performer (buy x1.10),207,0.278743961352657,0.003973319150822163
669016,113,0.35442477876106193,0.3651491274614292,62.0,23.0,21.0,140.0,86.08214285714286,0.3709677419354839,0.010724348700367259,-0.07096774193548389,-0.022,0.15,-0.022,-0.022,,-0.022,1.0,,205,0.32243902439024386,-0.031985754370818076
669127,108,0.27175925925925926,0.34819375057429297,67.0,12.0,20.0,127.0,84.9330708661417,0.1791044776119403,0.07643449131503371,0.1208955223880597,0.0942,0.15748031496062992,0.0989,0.0989,1.53,0.0989,1.0,,253,0.325098814229249,0.053339554969989766
669134,107,0.32009345794392524,0.28839006189344424,87.0,26.0,11.0,150.0,81.09400000000001,0.2988505747126437,-0.031703396050481,0.0011494252873562871,-0.0186,0.07333333333333333,-0.0186,-0.0186,,-0.0186,1.0,,141,0.2900709219858156,-0.030022535958109664
669257,127,0.4094488188976378,0.3675041987709901,88.0,35.0,22.0,180.0,84.45555555555555,0.3977272727272727,-0.04194462012664768,-0.09772727272727272,-0.0643,0.12222222222222222,-0.0643,-0.0643,,-0.0643,1.0,,267,0.3065543071161049,-0.10289451178153292
669261,118,0.24915254237288134,0.308079602568688,80.0,16.0,16.0,171.0,83.31169590643275,0.2,0.05892706019580665,0.09999999999999998,0.0754,0.0935672514619883,0.0754,0.0754,-0.29,0.0679,0.9,Fader conflict (buy x0.90),173,0.2797687861271676,0.03061624375428626
669289,82,0.25121951219512195,0.2505805665800866,55.0,14.0,2.0,120.0,80.77999999999999,0.2545454545454545,-0.0006389456150353579,0.04545454545454547,0.0178,0.016666666666666666,0.0169,0.0169,-1.12,0.0169,1.0,,160,0.320625,0.06940548780487804
669357,126,0.273015873015873,0.3134965260473975,66.0,18.0,14.0,133.0,81.62857142857142,0.2727272727272727,0.04048065303152448,0.027272727272727282,0.0352,0.10526315789473684,0.0352,0.0299,-2.27,0.0299,1.0,,258,0.3065891472868217,0.033573274270948694
669701,107,0.4102803738317757,0.36399749846313817,72.0,28.0,11.0,134.0,80.48059701492538,0.3888888888888889,-0.04628287536863751,-0.0888888888888889,-0.0633,0.08208955223880597,-0.0633,-0.0633,,-0.0728,1.15,Fader (sell x1.15),294,0.3542517006802721,-0.05602867315150356
669707,127,0.27755905511811024,0.2948588427649379,82.0,22.0,12.0,167.0,81.46826347305388,0.2682926829268293,0.017299787646827658,0.031707317073170704,0.0231,0.0718562874251497,0.0231,0.0231,-0.03,0.0231,1.0,,177,0.2796610169491525,0.002101961831042276
670032,108,0.2962962962962963,0.2749818543371522,77.0,20.0,3.0,131.0,79.10992366412212,0.2597402597402597,-0.02131444195914406,0.04025974025974027,0.0033,0.022900763358778626,0.0031,0.0031,0.01,0.0031,1.0,,226,0.2975663716814159,0.00127007538511964
670541,136,0.35257352941176473,0.41972810977284647,91.0,25.0,23.0,178.0,86.49775280898876,0.27472527472527475,0.06715458036108174,0.02527472527472524,0.0504,0.12921348314606743,0.0529,0.0529,1.0,0.0423,0.8,Slow starter (buy x0.80),313,0.40319488817891375,0.050621358767149016
670623,134,0.3567164179104477,0.3007846128948767,88.0,27.0,16.0,214.0,83.18411214953272,0.3068181818181818,-0.055931805015571046,-0.006818181818181834,-0.0363,0.07476635514018691,-0.0363,-0.0363,,-0.0417,1.15,Fader (sell x1.15),316,0.34367088607594937,-0.013045531834498358
671277,99,0.3055555555555556,0.3493142651031016,74.0,24.0,16.0,118.0,83.59237288135593,0.32432432432432434,0.043758709547546015,-0.024324324324324353,0.0165,0.13559322033898305,0.0173,0.0173,0.49,0.0208,1.2,V-shape (buy x1.20),267,0.3267790262172285,0.021223470661672905
671289,106,0.3292452830188679,0.3323155383219779,68.0,17.0,11.0,142.0,84.14366197183098,0.25,0.0030702553031100033,0.04999999999999999,0.0218,0.07746478873239436,0.0218,0.0218,0.24,0.0218,1.0,,243,0.3020576131687243,-0.027187669850143592
671732,104,0.3153846153846154,0.36351834603435224,59.0,18.0,11.0,101.0,86.50099009900988,0.3050847457627119,0.04813373064973686,-0.005084745762711895,0.0268,0.10891089108910891,0.0268,0.0268,0.0,0.0268,1.0,,159,0.3830188679245283,0.0676342525399129
671739,135,0.34814814814814815,0.3188728104180359,97.0,36.0,16.0,167.0,85.2622754491018,0.3711340206185567,-0.02927533773011226,-0.07113402061855673,-0.046,0.09580838323353294,-0.046,-0.046,,-0.046,1.0,,157,0.2729299363057325,-0.07521821184241567
672275,98,0.3127551020408163,0.3555415626736969,58.0,19.0,15.0,115.0,83.90695652173913,0.3275862068965517,0.04278646063288061,-0.027586206896551724,0.0146,0.13043478260869565,0.0153,0.0153,0.01,0.0138,0.9,Fader conflict (buy x0.90),224,0.31852678571428567,0.005771683673469363
672284,86,0.34767441860465115,0.2916372009857281,54.0,23.0,9.0,93.0,82.25913978494624,0.42592592592592593,-0.05603721761892305,-0.12592592592592594,-0.084,0.0967741935483871,-0.084,-0.084,,-0.084,1.0,,275,0.30472727272727274,-0.04294714587737841
672386,87,0.24195402298850577,0.29492053697451975,60.0,13.0,6.0,115.0,83.17652173913042,0.21666666666666667,0.052966513986013986,0.08333333333333331,0.0651,0.05217391304347826,0.0618,0.0618,0.88,0.0742,1.2,V-shape (buy x1.20),135,0.3022222222222222,0.06026819923371646
672515,106,0.2844339622641509,0.3127933580964966,76.0,20.0,12.0,157.0,83.25668789808917,0.2631578947368421,0.028359395832345702,0.0368421052631579,0.0318,0.07643312101910828,0.0318,0.0318,-0.64,0.0318,1.0,,209,0.32583732057416265,0.04140335831001174
672580,139,0.3053956834532374,0.3390139684013806,96.0,25.0,22.0,167.0,85.63353293413174,0.2604166666666667,0.03361828494814317,0.039583333333333304,0.036,0.1317365269461078,0.0378,0.0378,0.03,0.0378,1.0,,326,0.27837423312883436,-0.027021450324403062
673237,125,0.36119999999999997,0.32056636912225706,91.0,29.0,12.0,191.0,82.97905759162303,0.31868131868131866,-0.04063363087774291,-0.01868131868131867,-0.0319,0.06282722513089005,-0.0319,-0.0319,,-0.0319,1.0,,282,0.3326241134751773,-0.02857588652482268
673490,142,0.31056338028169017,0.30877656358776545,90.0,23.0,16.0,170.0,79.74235294117648,0.25555555555555554,-0.0017868166939247199,0.04444444444444445,0.0167,0.09411764705882353,0.0167,0.0167,-0.26,0.0167,1.0,,287,0.32508710801393725,0.014523727732247083
676059,117,0.37905982905982905,0.42599076928055435,80.0,28.0,20.0,131.0,86.7618320610687,0.35,0.0469309402207253,-0.04999999999999999,0.0082,0.15267175572519084,0.0086,0.0086,-0.04,0.0086,1.0,,312,0.34134615384615385,-0.03771367521367519
676369,101,0.3113861386138614,0.2914576934638954,55.0,19.0,7.0,96.0,82.19166666666666,0.34545454545454546,-0.019928445149966,-0.04545454545454547,-0.0301,0.07291666666666667,-0.0301,-0.0301,,-0.0301,1.0,,137,0.2718978102189781,-0.03948832839488331
676475,85,0.3623529411764706,0.3728453937438641,58.0,21.0,13.0,100.0,85.14599999999999,0.3620689655172414,0.010492452567393507,-0.06206896551724139,-0.0185,0.13,-0.0185,-0.0185,,-0.0185,1.0,,323,0.3501547987616099,-0.012198142414860724
676609,119,0.2987394957983193,0.30715162690206993,76.0,26.0,9.0,151.0,79.86688741721854,0.34210526315789475,0.008412131103750609,-0.04210526315789476,-0.0118,0.059602649006622516,-0.0118,-0.0118,,-0.0136,1.15,Fader (sell x1.15),221,0.31493212669683257,0.01619263089851325
676801,91,0.30164835164835163,0.2657635060240964,53.0,19.0,5.0,107.0,80.50093457943926,0.3584905660377358,-0.03588484562425526,-0.058490566037735836,-0.0449,0.04672897196261682,-0.0449,-0.0449,,-0.0516,1.15,Fader (sell x1.15),115,0.2826086956521739,-0.01903965599617774
676914,87,0.32298850574712645,0.3509871211828368,50.0,15.0,10.0,94.0,82.92765957446808,0.3,0.02799861543571036,0.0,0.0168,0.10638297872340426,0.0168,0.0168,0.03,0.0168,1.0,,265,0.28962264150943395,-0.0333658642376925
677587,106,0.2792452830188679,0.29183166577298614,70.0,19.0,12.0,137.0,81.53357664233576,0.2714285714285714,0.01258638275411822,0.02857142857142858,0.019,0.08759124087591241,0.019,0.019,0.03,0.019,1.0,,206,0.2776699029126214,-0.0015753801062465267
677594,139,0.2974820143884892,0.2949794738256933,80.0,31.0,18.0,162.0,83.21481481481482,0.3875,-0.0025025405627959185,-0.08750000000000002,-0.0365,0.1111111111111111,-0.0365,-0.0365,,-0.0328,0.9,V-shape (sell x0.90),290,0.333448275862069,0.035966261473579786
677800,109,0.37981651376146786,0.3166135079857852,61.0,23.0,10.0,146.0,82.4568493150685,0.3770491803278688,-0.06320300577568266,-0.07704918032786884,-0.0687,0.0684931506849315,-0.0687,-0.0687,,-0.0687,1.0,,197,0.3279187817258883,-0.05189773203557957
677942,82,0.44085365853658537,0.31681944573046,51.0,19.0,8.0,99.0,82.15151515151514,0.37254901960784315,-0.12403421280612537,-0.07254901960784316,-0.1034,0.08080808080808081,-0.1034,-0.1034,,-0.1034,1.0,,105,0.2438095238095238,-0.19704413472706156
677951,146,0.39623287671232876,0.4192764584757129,99.0,37.0,26.0,207.0,84.59323671497586,0.37373737373737376,0.023043581763384113,-0.07373737373737377,-0.0157,0.12560386473429952,-0.0157,-0.0157,,-0.0181,1.15,V-shape (sell x0.90) + fader (sell x1.15),342,0.4384502923976608,0.04221741568533205
678662,136,0.32941176470588235,0.2687988848891588,77.0,31.0,14.0,177.0,81.53785310734463,0.4025974025974026,-0.06061287981672353,-0.10259740259740263,-0.0774,0.07909604519774012,-0.0774,-0.0774,,-0.0774,1.0,,347,0.35187319884726226,0.02246143414137991
678882,128,0.262890625,0.2745640663437134,82.0,21.0,13.0,163.0,78.82515337423312,0.25609756097560976,0.011673441343713398,0.04390243902439023,0.0246,0.07975460122699386,0.0246,0.0246,0.03,0.0246,1.0,,292,0.33938356164383565,0.07649293664383566
679032,101,0.30643564356435643,0.2537507226337449,74.0,21.0,5.0,110.0,78.25,0.28378378378378377,-0.052684920930611556,0.016216216216216217,-0.0251,0.045454545454545456,-0.0251,-0.0251,,-0.0251,1.0,,166,0.261144578313253,-0.045291065251103435
679529,142,0.2672535211267606,0.24813237947173558,95.0,27.0,13.0,166.0,83.17530120481926,0.28421052631578947,-0.019121141655025015,0.01578947368421052,-0.0052,0.0783132530120482,-0.0052,-0.0052,,-0.0052,1.0,,107,0.2579439252336449,-0.009309595893115696
680700,96,0.39166666666666666,0.3480030566192712,53.0,21.0,9.0,109.0,81.83761467889909,0.39622641509433965,-0.04366361004739544,-0.09622641509433966,-0.0647,0.08256880733944955,-0.0647,-0.0647,,-0.0647,1.0,,221,0.2868778280542986,-0.10478883861236804
680757,148,0.38175675675675674,0.35899321271275986,120.0,42.0,11.0,199.0,78.93718592964824,0.35,-0.022763544043996886,-0.04999999999999999,-0.0337,0.05527638190954774,-0.0337,-0.0337,,-0.0388,1.15,Fader (sell x1.15),231,0.379004329004329,-0.002752427752427733
680776,159,0.320125786163522,0.32352721574124416,106.0,36.0,14.0,205.0,82.29707317073172,0.33962264150943394,0.0034014295777221593,-0.03962264150943395,-0.0138,0.06829268292682927,-0.0138,-0.0138,,-0.0138,1.0,,362,0.40069060773480664,0.08056482157128464
680777,112,0.4330357142857143,0.3459213911116069,67.0,23.0,11.0,138.0,80.76884057971013,0.34328358208955223,-0.08711432317410739,-0.04328358208955224,-0.0696,0.07971014492753623,-0.0696,-0.0696,,-0.0696,1.0,,226,0.29646017699115046,-0.13657553729456384
680869,109,0.25963302752293577,0.28035909740121884,59.0,15.0,8.0,109.0,82.88165137614678,0.2542372881355932,0.02072606987828307,0.04576271186440678,0.0307,0.07339449541284404,0.0307,0.0307,-0.02,0.0307,1.0,,246,0.276219512195122,0.016586484672186208
680977,147,0.2962585034013605,0.34512944883429686,104.0,25.0,15.0,171.0,84.02748538011696,0.2403846153846154,0.04887094543293635,0.0596153846153846,0.0532,0.08771929824561403,0.0532,0.0532,0.93,0.0426,0.8,Slow starter (buy x0.80),310,0.3390322580645161,0.04277375466315558
681082,120,0.3025,0.3079439114641205,79.0,19.0,10.0,141.0,81.68510638297873,0.24050632911392406,0.005443911464120488,0.05949367088607593,0.0271,0.07092198581560284,0.0271,0.0271,0.49,0.0244,0.9,Fader conflict (buy x0.90),283,0.3151943462897527,0.01269434628975269
681297,97,0.40876288659793814,0.3892807595133155,44.0,17.0,12.0,101.0,84.51485148514851,0.38636363636363635,-0.019482127084622658,-0.08636363636363636,-0.0462,0.1188118811881188,-0.0462,-0.0462,,-0.0462,1.0,,262,0.31259541984732825,-0.09616746675060989
681351,110,0.32727272727272727,0.33750584962205515,70.0,23.0,15.0,130.0,85.56307692307693,0.32857142857142857,0.010233122349327883,-0.02857142857142858,-0.0053,0.11538461538461539,-0.0053,-0.0053,,-0.0053,1.0,,255,0.36764705882352944,0.04037433155080217
682829,138,0.42934782608695654,0.40595265196635966,62.0,23.0,19.0,118.0,85.08220338983051,0.3709677419354839,-0.023395174120596884,-0.07096774193548389,-0.0424,0.16101694915254236,-0.0424,-0.0424,,-0.0424,1.0,,335,0.3482089552238806,-0.08113887086307592
682928,133,0.4120300751879699,0.4091213016419548,87.0,28.0,21.0,190.0,80.15842105263158,0.3218390804597701,-0.0029087735460150976,-0.02183908045977012,-0.0105,0.11052631578947368,-0.0105,-0.0105,,-0.0121,1.15,Fader (sell x1.15),332,0.31626506024096385,-0.09576501494700607
682985,146,0.375,0.3923328736095962,72.0,20.0,19.0,156.0,83.44166666666666,0.2777777777777778,0.017332873609596178,0.0222222222222222,0.0193,0.12179487179487179,0.0203,0.0203,1.64,0.0203,1.0,,299,0.35752508361204016,-0.017474916387959838
682998,145,0.3,0.2996693014645626,100.0,27.0,12.0,181.0,80.68121546961326,0.27,-0.00033069853543737926,0.02999999999999997,0.0118,0.06629834254143646,0.0118,0.0118,-1.02,0.0118,1.0,,320,0.31796875,0.017968750000000033
683002,143,0.4195804195804196,0.3841777800866271,81.0,26.0,26.0,161.0,86.97391304347826,0.32098765432098764,-0.035402639493792465,-0.020987654320987648,-0.0296,0.16149068322981366,-0.0296,-0.0296,,-0.0296,1.0,,356,0.39873595505617976,-0.020844464524239825
683011,146,0.3541095890410959,0.3203043829613372,94.0,30.0,15.0,205.0,81.7409756097561,0.3191489361702128,-0.03380520607975873,-0.019148936170212794,-0.0279,0.07317073170731707,-0.0279,-0.0279,,-0.0279,1.0,,358,0.29832402234636873,-0.05578556669472717
683734,129,0.237984496124031,0.26939297204387297,84.0,23.0,15.0,153.0,83.53856209150328,0.27380952380952384,0.03140847591984197,0.026190476190476153,0.0293,0.09803921568627451,0.0293,0.0293,-0.46,0.0293,1.0,,302,0.32268211920529805,0.08469762308126705
683737,122,0.35737704918032787,0.37339145306804045,61.0,22.0,13.0,150.0,82.75133333333333,0.36065573770491804,0.01601440388771258,-0.060655737704918056,-0.0147,0.08666666666666667,-0.0147,-0.0147,,-0.0147,1.0,,274,0.3514598540145985,-0.005917195165729361
686217,125,0.3216,0.28981189709585364,79.0,27.0,6.0,125.0,81.6464,0.34177215189873417,-0.031788102904146354,-0.04177215189873418,-0.0358,0.048,-0.0358,-0.0358,,-0.0358,1.0,,251,0.3181274900398406,-0.003472509960159409
686469,132,0.3140151515151515,0.3609966132668601,93.0,21.0,16.0,170.0,84.30882352941177,0.22580645161290322,0.046981461751708586,0.07419354838709677,0.0579,0.09411764705882353,0.0579,0.0579,-0.49,0.0579,1.0,,318,0.3264150943396226,0.0123999428244711
686668,123,0.3369918699186992,0.2888129740481741,72.0,30.0,9.0,135.0,81.21407407407409,0.4166666666666667,-0.04817889587052515,-0.1166666666666667,-0.0756,0.06666666666666667,-0.0756,-0.0756,,-0.0756,1.0,,312,0.3485576923076923,0.011565822388993063
686823,96,0.33177083333333335,0.32051599506295675,73.0,21.0,15.0,127.0,81.30314960629923,0.2876712328767123,-0.0112548382703766,0.012328767123287676,-0.0018,0.11811023622047244,-0.0018,-0.0018,,-0.0018,1.0,,166,0.3045180722891566,-0.027252761044176732
687263,124,0.2842741935483871,0.28249374090326457,80.0,25.0,14.0,153.0,82.91895424836602,0.3125,-0.0017804526451225544,-0.012500000000000011,-0.0061,0.0915032679738562,-0.0061,-0.0061,,-0.0061,1.0,,284,0.34788732394366195,0.06361313039527483
687401,90,0.3388888888888889,0.313208021031796,54.0,17.0,6.0,105.0,80.69619047619048,0.3148148148148148,-0.025680867857092893,-0.014814814814814836,-0.0213,0.05714285714285714,-0.0213,-0.0213,,-0.0213,1.0,,238,0.3310924369747899,-0.007796451914099001
690993,117,0.20982905982905983,0.30544427943979197,83.0,16.0,7.0,151.0,82.10397350993378,0.1927710843373494,0.09561521961073213,0.10722891566265058,0.1003,0.046357615894039736,0.0953,0.0953,0.0,0.0953,1.0,,263,0.37243346007604566,0.16260440024698583
691026,106,0.3391509433962264,0.3179594505494506,67.0,27.0,6.0,135.0,78.84074074074073,0.40298507462686567,-0.02119149284677585,-0.10298507462686568,-0.0539,0.044444444444444446,-0.0539,-0.0539,,-0.0539,1.0,,313,0.31789137380191695,-0.02125956959430947
694192,122,0.2983606557377049,0.26395911199493716,70.0,22.0,8.0,133.0,79.06842105263156,0.3142857142857143,-0.03440154374276777,-0.01428571428571429,-0.0264,0.06015037593984962,-0.0264,-0.0264,,-0.0264,1.0,,236,0.34385593220338984,0.04549527646568491
694384,106,0.30566037735849055,0.30029156730919754,67.0,17.0,5.0,123.0,81.77723577235774,0.2537313432835821,-0.005368810049293016,0.04626865671641789,0.0153,0.04065040650406504,0.0145,0.0145,-0.02,0.0145,1.0,,315,0.3422222222222222,0.03656184486373165
694671,137,0.32153284671532845,0.31644859353579896,88.0,29.0,13.0,166.0,80.69759036144578,0.32954545454545453,-0.005084253179529485,-0.02954545454545454,-0.0149,0.0783132530120482,-0.0149,-0.0149,,-0.0149,1.0,,235,0.30957446808510636,-0.011958378630222088
696285,82,0.3195121951219512,0.31077052112676057,62.0,22.0,6.0,95.0,75.89473684210529,0.3548387096774194,-0.008741673995190657,-0.054838709677419384,-0.0272,0.06315789473684211,-0.0272,-0.0272,,-0.0272,1.0,,271,0.28690036900369004,-0.03261182611826119
701538,115,0.31956521739130433,0.3369439749627209,83.0,28.0,18.0,170.0,82.9135294117647,0.3373493975903614,0.017378757571416548,-0.03734939759036143,-0.0045,0.10588235294117647,-0.0045,-0.0045,,-0.0045,1.0,,287,0.34843205574912894,0.02886683835782461
702358,92,0.3565217391304348,0.29486465883062085,66.0,25.0,5.0,114.0,80.45614035087719,0.3787878787878788,-0.06165708029981393,-0.0787878787878788,-0.0685,0.043859649122807015,-0.0685,-0.0685,,-0.0685,1.0,,115,0.21739130434782608,-0.1391304347826087
807799,104,0.3697115384615385,0.3189434662191741,76.0,26.0,12.0,121.0,84.28595041322315,0.34210526315789475,-0.050768072242364404,-0.04210526315789476,-0.0473,0.09917355371900827,-0.0473,-0.0473,,-0.0473,1.0,,149,0.34328859060402683,-0.026422947857511647
