pitcher,name,Team,IP,ERA,ERA_adj_sc,FIP,xFIP,xERA,ERA_minus_FIP,ERA_minus_xERA,BABIP_allowed,lob_pct,hr_fb_rate,hard_hit_rate_allowed,barrel_rate_allowed,swstr_rate,k_pct,bb_pct,G,GS,TBF,key_fangraphs,fg_swstr_rate,fg_hr_fb_rate,BABIP_allowed_all,xERA_all,IP_sc,IP_sc_adj,RA_sc,FIP_sc,FIP_sc_all,lob_pct_sc,ERA_all_sc
645261,Sandy Alcántara,,46.3,3.11,3.11,3.85,,2.838,-0.74,0.27,0.254,0.776,0.105,0.236,0.031,0.112,,,,,,18684,,,0.2535211267605634,2.8380154559585495,46.333333333333336,46.333333333333336,16.0,3.8459485616458693,3.8040259675873394,0.7758620689655172,3.11
669923,George Kirby,,44.7,3.02,3.02,3.54,,2.307,-0.52,0.71,0.283,0.783,0.121,0.271,0.02,0.101,,,,,,25436,,,0.28346456692913385,2.307454842696629,44.666666666666664,44.66666666666667,15.0,3.540730049888111,3.4988074558295814,0.783410138248848,3.02
669373,Tarik Skubal,,43.3,2.7,2.7,2.03,,2.827,0.67,-0.13,0.295,0.726,0.077,0.272,0.029,0.137,,,,,,22267,,,0.29464285714285715,2.826559361445784,43.333333333333336,43.333333333333336,13.0,2.0334969844460904,1.9915743903875605,0.7258064516129031,2.7
607625,Seth Lugo,,42.7,2.74,2.74,2.51,,3.999,0.23,-1.26,0.317,0.771,0.031,0.227,0.04,0.088,,,,,,12447,,,0.3170731707317073,3.9989961551724127,42.666666666666664,42.666666666666664,13.0,2.5101796767537827,2.468257082695253,0.7707509881422925,2.74
668909,Gavin Williams,,42.3,2.98,2.98,3.78,,3.628,-0.8,-0.65,0.207,0.817,0.24,0.277,0.068,0.132,,,,,,30122,,,0.20652173913043478,3.628050631578947,42.333333333333336,42.333333333333336,14.0,3.7817101885648063,3.7397875945062764,0.8169934640522876,2.98
693821,Bryce Elder,,42.3,2.55,2.55,3.0,,2.548,-0.45,0.0,0.252,0.782,0.061,0.277,0.019,0.087,,,,,,27779,,,0.25210084033613445,2.5477703430232563,42.333333333333336,42.333333333333336,12.0,3.0021826295096883,2.9602600354511583,0.7819905213270142,2.55
519242,Chris Sale,,42.0,2.14,2.14,3.38,,2.348,-1.24,-0.21,0.223,0.9,0.172,0.171,0.037,0.129,,,,,,10603,,,0.22340425531914893,2.347727426829268,42.0,42.0,10.0,3.38294753389664,3.34102493983811,0.9,2.14
667755,José Soriano,,42.0,0.86,0.86,2.69,,2.668,-1.83,-1.81,0.223,1.0,0.111,0.223,0.049,0.139,,,,,,22100,,,0.22340425531914893,2.667800325153374,42.0,42.0,4.0,2.6924713434204492,2.6505487493619193,1.0,0.86
693645,Cam Schlittler,,41.3,1.96,1.96,1.4,,1.57,0.56,0.39,0.242,0.734,0.04,0.224,0.032,0.157,,,,,,-1,,,0.24242424242424243,1.5698000384615378,41.333333333333336,41.333333333333336,9.0,1.404836934818299,1.362914340759769,0.7342657342657343,1.96
684007,Shota Imanaga,,41.3,1.96,1.96,2.61,,2.334,-0.65,-0.37,0.214,0.827,0.088,0.261,0.043,0.147,,,,,,33829,,,0.21359223300970873,2.3343397358490563,41.333333333333336,41.333333333333336,9.0,2.6145143541731377,2.5725917601146078,0.8273381294964028,1.96
676106,Emerson Hancock,,41.0,2.63,2.63,3.59,,3.318,-0.96,-0.69,0.276,0.913,0.241,0.218,0.046,0.121,,,,,,27470,,,0.2755102040816326,3.317869660377359,41.0,41.0,12.0,3.5867802865098803,3.5448576924513504,0.9126984126984126,2.63
671737,Taj Bradley,,41.0,2.63,2.63,3.71,,3.904,-1.08,-1.27,0.28,0.875,0.143,0.253,0.048,0.109,,,,,,22543,,,0.2803738317757009,3.903559396551724,41.0,41.0,12.0,3.7087315060220756,3.6668089119635456,0.875,2.63
693433,Bryan Woo,,40.7,5.09,5.09,4.11,,3.974,0.98,1.12,0.26,0.538,0.128,0.305,0.058,0.106,,,,,,30279,,,0.2601626016260163,3.974363572289156,40.666666666666664,40.666666666666664,23.0,4.107771889868537,4.065849295810007,0.5379746835443038,5.09
592332,Kevin Gausman,,40.7,3.32,3.32,3.25,,3.197,0.07,0.12,0.243,0.704,0.217,0.236,0.051,0.133,,,,,,14107,,,0.24299065420560748,3.197119633540373,40.666666666666664,40.666666666666664,15.0,3.2471161521636187,3.2051935581050888,0.7037037037037037,3.32
656605,Mitch Keller,,40.3,2.68,2.68,2.78,,3.609,-0.1,-0.93,0.254,0.745,0.04,0.239,0.014,0.101,,,,,,17594,,,0.2542372881355932,3.609205699386504,40.333333333333336,40.333333333333336,12.0,2.777870792456262,2.735948198397732,0.7451923076923077,2.68
608331,Max Fried,,40.3,2.01,2.01,2.6,,1.006,-0.59,1.0,0.215,0.774,0.036,0.196,0.016,0.104,,,,,,13743,,,0.21495327102803738,1.0059736428571422,40.333333333333336,40.333333333333336,9.0,2.6043170734479975,2.5623944793894675,0.7738095238095237,2.01
664285,Framber Valdez,,40.3,3.35,3.35,3.27,,3.633,0.08,-0.28,0.285,0.747,0.067,0.299,0.028,0.098,,,,,,17295,,,0.2845528455284553,3.632848294797687,40.333333333333336,40.333333333333336,15.0,3.2737385610513035,3.2318159669927735,0.7468879668049793,3.35
650911,Cristopher Sánchez,,39.7,3.63,3.63,2.47,,3.121,1.16,0.51,0.395,0.781,0.158,0.294,0.065,0.136,,,,,,20778,,,0.39473684210526316,3.1211823166666663,39.666666666666664,39.666666666666664,16.0,2.471182828014287,2.429260233955757,0.7806691449814127,3.63
543135,Nathan Eovaldi,,39.7,4.99,4.99,4.92,,4.347,0.07,0.64,0.301,0.719,0.29,0.307,0.047,0.148,,,,,,9132,,,0.3008849557522124,4.347206352601155,39.666666666666664,39.666666666666664,22.0,4.9165609792747915,4.874638385216262,0.718562874251497,4.99
672282,Reid Detmers,,39.7,3.63,3.63,2.7,,2.255,0.93,1.38,0.312,0.718,0.094,0.198,0.032,0.129,,,,,,27468,,,0.3119266055045872,2.2545123392857134,39.666666666666664,39.666666666666664,16.0,2.6980735843168078,2.656150990258278,0.7177033492822967,3.63
656492,Foster Griffin,,39.7,2.95,2.95,4.21,,4.35,-1.26,-1.4,0.222,0.818,0.147,0.221,0.064,0.089,,,,,,16432,,,0.2222222222222222,4.350139515337423,39.666666666666664,39.666666666666664,13.0,4.210678626333615,4.168756032275085,0.8181818181818182,2.95
694738,Landen Roupp,,39.3,3.2,3.2,2.54,,1.952,0.66,1.25,0.26,0.697,0.071,0.167,0.0,0.1,,,,,,30076,,,0.2604166666666667,1.9522298301886805,39.333333333333336,39.333333333333336,14.0,2.5427538292961556,2.5008312352376256,0.6971153846153846,3.2
680732,Sean Burke,,39.3,2.97,2.97,3.08,,3.08,-0.11,-0.11,0.261,0.74,0.111,0.226,0.021,0.085,,,,,,-1,,,0.26126126126126126,3.0803519807692306,39.333333333333336,39.333333333333336,13.0,3.0766521343809012,3.0347295403223713,0.7396449704142013,2.97
592662,Robbie Ray,,39.0,3.0,3.0,4.38,,3.672,-1.38,-0.67,0.219,0.873,0.163,0.21,0.054,0.116,,,,,,11486,,,0.21875,3.6723234522293,39.0,39.0,13.0,4.384779035728142,4.342856441669612,0.8730158730158729,3.0
657277,Logan Webb,,38.7,3.72,3.72,3.59,,4.184,0.13,-0.46,0.295,0.731,0.214,0.318,0.03,0.093,,,,,,17995,,,0.29464285714285715,4.183724444444445,38.666666666666664,38.666666666666664,16.0,3.594770193995162,3.5528475999366322,0.7305936073059361,3.72
690997,Nolan Mclean,,38.7,2.56,2.56,1.99,,1.505,0.57,1.06,0.273,0.753,0.111,0.178,0.029,0.108,,,,,,-1,,,0.2727272727272727,1.5047697058823521,38.666666666666664,38.666666666666664,11.0,1.991321918133093,1.949399324074563,0.753012048192771,2.56
650633,Mike King,,38.7,2.09,2.09,3.72,,3.971,-1.63,-1.88,0.255,0.885,0.143,0.219,0.059,0.107,,,,,,19853,,,0.2553191489361702,3.9714676603773587,38.666666666666664,38.666666666666664,9.0,3.724080538822748,3.682157944764218,0.8851674641148326,2.09
700241,Michael Mcgreevy,,38.3,2.35,2.35,4.1,,5.616,-1.75,-3.27,0.209,0.875,0.172,0.249,0.063,0.067,,,,,,-1,,,0.20909090909090908,5.6164544897959185,38.333333333333336,38.333333333333336,10.0,4.095369894145087,4.053447300086557,0.875,2.35
642547,Freddy Peralta,,38.3,2.58,2.58,3.6,,3.493,-1.02,-0.91,0.263,0.859,0.148,0.224,0.025,0.131,,,,,,18679,,,0.26262626262626265,3.4928821585365846,38.333333333333336,38.333333333333336,11.0,3.599717720232044,3.557795126173514,0.859375,2.58
656302,Dylan Cease,,38.3,3.52,3.52,2.01,,2.851,1.51,0.67,0.36,0.731,0.091,0.186,0.016,0.157,,,,,,18525,,,0.3595505617977528,2.851390469879518,38.333333333333336,38.333333333333336,15.0,2.0084133724059567,1.9664907783474268,0.7312252964426877,3.52
605488,Jeffrey Springs,,38.3,3.76,3.76,4.33,,2.859,-0.57,0.9,0.233,0.743,0.167,0.209,0.048,0.103,,,,,,17677,,,0.23300970873786409,2.8585377278481006,38.333333333333336,38.333333333333336,16.0,4.33015250284074,4.28822990878221,0.7432432432432432,3.76
607192,Tyler Glasnow,,38.0,2.61,2.61,2.87,,1.677,-0.26,0.93,0.188,0.748,0.19,0.23,0.037,0.125,,,,,,14374,,,0.1875,1.6772010416666667,38.0,38.0,11.0,2.8679099399116774,2.8259873458531475,0.7476635514018692,2.61
694819,Jacob Misiorowski,,38.0,2.61,2.61,2.87,,2.428,-0.26,0.18,0.264,0.838,0.2,0.193,0.018,0.177,,,,,,-1,,,0.2638888888888889,2.4275996064516137,38.0,38.0,11.0,2.8679099399116774,2.8259873458531475,0.8383233532934132,2.61
657746,Joe Ryan,,37.7,4.78,4.78,2.87,,2.713,1.91,2.07,0.275,0.546,0.097,0.204,0.049,0.116,,,,,,21390,,,0.27450980392156865,2.712501593548386,37.666666666666664,37.666666666666664,20.0,2.866512641355553,2.824590047297023,0.5459770114942529,4.78
677960,Ryan Weathers,,37.7,2.87,2.87,3.5,,4.555,-0.63,-1.69,0.312,0.886,0.222,0.246,0.063,0.117,,,,,,23796,,,0.3125,4.555177797468355,37.666666666666664,37.666666666666664,12.0,3.503680782948473,3.461758188889943,0.8860759493670886,2.87
641927,Bailey Ober,,37.7,3.82,3.82,4.06,,3.675,-0.24,0.15,0.239,0.706,0.129,0.219,0.045,0.091,,,,,,21224,,,0.23853211009174313,3.6745001910828026,37.666666666666664,37.666666666666664,16.0,4.061202906842278,4.019280312783748,0.7062146892655368,3.82
656550,Grant Holmes,,37.3,4.58,4.58,4.93,,4.235,-0.35,0.34,0.241,0.694,0.194,0.287,0.048,0.128,,,,,,-1,,,0.24074074074074073,4.235358475000001,37.333333333333336,37.333333333333336,19.0,4.927590391039497,4.885667796980967,0.6936416184971098,4.58
622663,Luis Severino,,37.3,4.1,4.1,4.28,,4.21,-0.18,-0.11,0.304,0.759,0.148,0.264,0.042,0.092,,,,,,15890,,,0.30434782608695654,4.210025851851852,37.333333333333336,37.333333333333336,17.0,4.284733248182354,4.242810654123824,0.759493670886076,4.1
681347,Mike Burrows,,37.3,5.79,5.79,5.09,,3.704,0.7,2.09,0.373,0.714,0.25,0.218,0.038,0.124,,,,,,-1,,,0.37272727272727274,3.70396227218935,37.333333333333336,37.333333333333336,24.0,5.088304676753783,5.046382082695253,0.7142857142857143,5.79
676974,Max Meyer,,37.0,2.68,2.68,2.86,,3.698,-0.18,-1.02,0.24,0.773,0.083,0.272,0.047,0.139,,,,,,27474,,,0.23958333333333334,3.6982818571428573,37.0,37.0,11.0,2.8636425145916204,2.8217199205330905,0.7734806629834253,2.68
808967,Yoshinobu Yamamoto,,37.0,3.16,3.16,3.51,,3.858,-0.35,-0.7,0.248,0.748,0.129,0.253,0.049,0.128,,,,,,33825,,,0.24752475247524752,3.8576023061224496,37.0,37.0,13.0,3.512291163240269,3.470368569181739,0.7482993197278912,3.16
669302,Logan Gilbert,,37.0,3.89,3.89,3.21,,3.601,0.68,0.29,0.349,0.755,0.129,0.28,0.043,0.124,,,,,,22250,,,0.3490566037735849,3.6011054874999995,37.0,37.0,16.0,3.2149938659429718,3.173071271884442,0.7547169811320755,3.89
701542,Will Warren,,36.7,3.19,3.19,2.67,,3.127,0.52,0.06,0.301,0.764,0.167,0.247,0.036,0.097,,,,,,-1,,,0.3010752688172043,3.126960684210526,36.666666666666664,36.666666666666664,13.0,2.6712592222083282,2.6293366281497983,0.7643312101910829,3.19
801403,Chase Dollander,,36.7,3.28,3.28,3.39,,2.638,-0.11,0.64,0.286,0.791,0.182,0.275,0.049,0.131,,,,,,-1,,,0.2872340425531915,2.7066128076923066,36.666666666666664,35.666666666666664,13.0,3.390290658062194,3.3384275372407073,0.7909604519774012,3.44
607259,Nick Martínez,,36.7,1.47,1.47,3.52,,3.675,-2.05,-2.21,0.227,0.94,0.083,0.214,0.043,0.079,,,,,,12730,,,0.22727272727272727,3.675221183673468,36.666666666666664,36.666666666666664,6.0,3.516713767662874,3.474791173604344,0.9395973154362416,1.47
663436,Davis Martin,,36.3,1.98,1.98,2.75,,4.502,-0.77,-2.52,0.303,0.86,0.105,0.298,0.037,0.098,,,,,,21448,,,0.30303030303030304,4.501580291666668,36.333333333333336,36.333333333333336,8.0,2.7505753189556175,2.7086527248970875,0.8602150537634408,1.98
608379,Michael Wacha,,36.3,2.97,2.97,3.88,,4.466,-0.91,-1.5,0.253,0.808,0.118,0.266,0.048,0.111,,,,,,14078,,,0.25263157894736843,4.46635154054054,36.333333333333336,36.33333333333333,12.0,3.8790156859280946,3.8370930918695647,0.8083832335329342,2.97
691587,Eury Pérez,,36.0,5.0,5.0,4.53,,5.001,0.47,-0.0,0.295,0.691,0.2,0.243,0.064,0.135,,,,,,27768,,,0.29473684210526313,5.00126511392405,36.0,36.0,20.0,4.525804676753783,4.483882082695253,0.6914893617021276,5.0
605280,Clay Holmes,,36.0,1.75,1.75,3.72,,3.837,-1.97,-2.09,0.206,0.903,0.15,0.29,0.027,0.092,,,,,,13649,,,0.20588235294117646,3.836640007042254,36.0,36.0,7.0,3.7202491211982274,3.6783265271396974,0.9027777777777778,1.75
813349,Connelly Early,,35.7,3.53,3.53,4.79,,5.238,-1.26,-1.71,0.263,0.816,0.152,0.27,0.074,0.088,,,,,,-1,,,0.2631578947368421,5.238278450331127,35.666666666666664,35.666666666666664,14.0,4.792159816940699,4.750237222882169,0.8157894736842105,3.53
677944,Slade Cecconi,,35.7,6.81,6.81,5.72,,5.518,1.09,1.29,0.312,0.603,0.258,0.241,0.065,0.091,,,,,,27500,,,0.3125,5.518342073170731,35.666666666666664,35.666666666666664,27.0,5.717393461800512,5.675470867741982,0.6030150753768845,6.81
676440,Tanner Bibee,,35.3,3.57,3.57,4.24,,4.2,-0.67,-0.63,0.314,0.821,0.25,0.31,0.041,0.122,,,,,,30134,,,0.3137254901960784,4.199720745098039,35.333333333333336,35.333333333333336,14.0,4.242785808829254,4.200863214770724,0.8205128205128205,3.57
695076,Rhett Lowder,,35.3,3.18,3.18,2.82,,3.68,0.36,-0.5,0.279,0.718,0.033,0.271,0.044,0.079,,,,,,-1,,,0.30357142857142855,4.330746274509804,35.333333333333336,34.0,12.0,2.819922323812606,3.0687877430726114,0.7180851063829787,4.33
686799,Jack Kochanowicz,,35.0,2.57,2.57,3.65,,4.309,-1.08,-1.74,0.223,0.788,0.056,0.278,0.041,0.098,,,,,,-1,,,0.22330097087378642,4.308655285714284,35.0,35.0,10.0,3.6543761053252113,3.6124535112666813,0.7881773399014778,2.57
800048,Parker Messick,,35.0,1.29,1.29,2.17,,2.09,-0.88,-0.8,0.247,0.882,0.062,0.165,0.011,0.109,,,,,,-1,,,0.24705882352941178,2.090413688888889,35.0,35.0,5.0,2.1686618196109255,2.1267392255523956,0.8823529411764706,1.29
669461,Matthew Liberatore,,35.0,4.63,4.63,5.8,,5.7,-1.17,-1.07,0.292,0.805,0.186,0.293,0.051,0.079,,,,,,22294,,,0.2920353982300885,5.700059120253163,35.0,35.0,18.0,5.797233248182354,5.755310654123824,0.8045977011494253,4.63
663623,Jake Irvin,,34.7,4.93,4.93,3.92,,4.795,1.01,0.13,0.283,0.66,0.138,0.29,0.066,0.104,,,,,,21504,,,0.2826086956521739,4.795020785714285,34.666666666666664,34.666666666666664,19.0,3.920035445984552,3.878112851926022,0.6598984771573604,4.93
665795,Edward Cabrera,,34.7,3.63,3.63,3.6,,3.597,0.03,0.03,0.276,0.726,0.125,0.26,0.071,0.124,,,,,,21690,,,0.2755102040816326,3.5970748125000007,34.666666666666664,34.666666666666664,14.0,3.60272775367686,3.56080515961833,0.7262569832402235,3.63
669022,Mackenzie Gore,,34.7,4.41,4.41,3.95,,4.196,0.46,0.21,0.296,0.722,0.217,0.209,0.053,0.107,,,,,,22201,,,0.2962962962962963,4.196422774834438,34.666666666666664,34.666666666666664,17.0,3.948881599830706,3.906959005772176,0.7222222222222222,4.41
671096,Andrew Abbott,,34.3,5.5,5.5,4.83,,5.078,0.67,0.42,0.333,0.696,0.208,0.247,0.046,0.084,,,,,,29911,,,0.3333333333333333,5.077801303797468,34.333333333333336,34.333333333333336,21.0,4.831629919472229,4.7897073254136995,0.6956521739130435,5.5
676282,Joey Cantillo,,34.3,3.93,3.93,4.31,,4.146,-0.38,-0.22,0.314,0.784,0.192,0.257,0.051,0.115,,,,,,-1,,,0.313953488372093,4.145531137931035,34.333333333333336,34.333333333333336,15.0,4.307358074812035,4.265435480753505,0.7837837837837838,3.93
669387,Carmen Mlodzinski,,34.0,4.5,4.5,2.38,,4.431,2.12,0.07,0.381,0.692,0.056,0.324,0.048,0.091,,,,,,27572,,,0.38144329896907214,4.4309857857142845,34.0,34.0,17.0,2.378745853224371,2.336823259165841,0.691699604743083,4.5
694973,Paul Skenes,,34.0,2.16,2.16,2.85,,1.128,-0.69,1.03,0.189,0.833,0.267,0.188,0.026,0.117,,,,,,-1,,,0.22784810126582278,1.4588531127819544,34.0,33.333333333333336,8.0,2.8458046767537826,3.013293847401135,0.8333333333333333,3.44
680573,Simeon Woods richardson,,34.0,7.41,7.41,6.41,,5.169,1.0,2.24,0.325,0.607,0.222,0.291,0.055,0.062,,,,,,24494,,,0.325,5.16907849689441,34.0,34.0,28.0,6.408157617930254,6.366235023871724,0.6074766355140188,7.41
547179,Michael Lorenzen,,34.0,7.36,7.36,4.93,,5.436,2.43,1.92,0.378,0.609,0.207,0.358,0.054,0.091,,,,,,14843,,,0.36885245901639346,5.427524463414635,34.0,33.0,27.0,4.934895585844692,4.925058553283488,0.6092436974789915,7.15
624133,Ranger Suárez,,34.0,2.91,2.91,3.26,,3.322,-0.35,-0.41,0.231,0.736,0.143,0.236,0.046,0.089,,,,,,17277,,,0.23076923076923078,3.321619,34.0,34.0,11.0,3.2610987944008416,3.2191762003423117,0.7364341085271318,2.91
592791,Jameson Taillon,,34.0,4.76,4.76,5.79,,4.045,-1.03,0.71,0.207,0.707,0.273,0.205,0.07,0.105,,,,,,11674,,,0.20689655172413793,4.045329127659575,34.0,34.0,18.0,5.790510559106724,5.748587965048194,0.7065217391304348,4.76
695505,Chase Burns,,33.7,2.67,2.67,3.71,,2.727,-1.04,-0.06,0.259,0.885,0.227,0.253,0.049,0.154,,,,,,-1,,,0.25925925925925924,2.7267525693430654,33.666666666666664,33.666666666666664,10.0,3.708972993585466,3.667050399526936,0.8846153846153846,2.67
666200,Jesús Luzardo,,33.7,5.08,5.08,2.64,,2.927,2.44,2.15,0.352,0.608,0.176,0.194,0.032,0.151,,,,,,19959,,,0.3516483516483517,2.9266347172413796,33.666666666666664,33.666666666666664,19.0,2.6396660628923967,2.5977434688338668,0.6084656084656085,5.08
672456,Keider Montero,,33.3,2.97,2.97,3.33,,2.691,-0.36,0.28,0.245,0.746,0.094,0.299,0.048,0.076,,,,,,-1,,,0.24489795918367346,2.691232157894737,33.333333333333336,33.333333333333336,11.0,3.3258046767537826,3.2838820826952526,0.7462686567164178,2.97
669358,Shane Baz,,33.3,4.59,4.59,3.63,,4.009,0.96,0.58,0.352,0.721,0.13,0.207,0.034,0.094,,,,,,22264,,,0.3523809523809524,4.00860376,33.333333333333336,33.333333333333336,17.0,3.625804676753783,3.583882082695253,0.7205240174672489,4.59
677952,Braxton Ashcraft,,33.3,4.05,4.05,3.03,,2.173,1.02,1.88,0.293,0.671,0.115,0.229,0.046,0.134,,,,,,-1,,,0.2926829268292683,2.1731001521739133,33.333333333333336,33.333333333333336,15.0,3.0258046767537827,2.983882082695253,0.6707317073170732,4.05
680694,Kyle Bradish,,33.0,6.27,6.27,4.69,,5.03,1.58,1.24,0.375,0.673,0.208,0.254,0.069,0.103,,,,,,24586,,,0.375,5.030370350318471,33.0,33.0,23.0,4.69247134342045,4.65054874936192,0.673469387755102,6.27
681190,Randy Vásquez,,32.7,3.03,3.03,3.33,,5.04,-0.3,-2.01,0.287,0.799,0.12,0.297,0.071,0.124,,,,,,24719,,,0.28735632183908044,5.040010897810218,32.666666666666664,32.666666666666664,11.0,3.3319271257333747,3.2900045316748447,0.7988165680473374,3.03
607067,Colin Rea,,32.7,3.31,3.31,3.3,,4.341,0.01,-1.03,0.316,0.788,0.12,0.309,0.047,0.096,,,,,,12317,,,0.3163265306122449,4.34063204225352,32.666666666666664,32.666666666666664,12.0,3.3013148808354154,3.2593922867768854,0.7880434782608696,3.31
663460,Kris Bubic,,32.7,3.58,3.58,3.73,,4.299,-0.15,-0.72,0.247,0.74,0.111,0.22,0.05,0.121,,,,,,21455,,,0.24691358024691357,4.298574364963503,32.666666666666664,32.666666666666664,13.0,3.7298863094068437,3.687963715348314,0.7396449704142013,3.58
593958,Eduardo Rodríguez,,32.7,3.03,3.03,4.74,,5.011,-1.71,-1.98,0.257,0.852,0.148,0.272,0.052,0.06,,,,,,13164,,,0.25742574257425743,5.011393923076923,32.666666666666664,32.666666666666664,11.0,4.740090391039497,4.698167796980967,0.8516483516483517,3.03
607200,Erick Fedde,,32.7,3.86,3.86,4.86,,3.142,-1.0,0.72,0.204,0.72,0.167,0.267,0.045,0.079,,,,,,17425,,,0.20430107526881722,3.141597104477612,32.666666666666664,32.666666666666664,14.0,4.862539370631334,4.820616776572804,0.72,3.86
676083,Janson Junk,,32.3,3.62,3.62,3.37,,3.357,0.25,0.26,0.25,0.673,0.091,0.246,0.022,0.081,,,,,,23301,,,0.25,3.3567932781954894,32.333333333333336,32.333333333333336,13.0,3.366010862320793,3.3240882682622632,0.6730769230769231,3.62
668678,Zac Gallen,,31.7,4.55,4.55,3.53,,5.171,1.02,-0.62,0.343,0.701,0.074,0.278,0.048,0.075,,,,,,19291,,,0.3425925925925926,5.171150808510639,31.666666666666668,31.666666666666664,16.0,3.5310678346485194,3.4891452405899894,0.7013574660633484,4.55
663903,Brady Singer,,31.7,5.97,5.97,5.68,,5.723,0.29,0.25,0.348,0.728,0.241,0.323,0.063,0.083,,,,,,25377,,,0.34782608695652173,5.723292352941176,31.666666666666668,31.666666666666668,21.0,5.6784362557011505,5.636513661642621,0.7281553398058251,5.97
608372,Tomoyuki Sugano,,31.3,2.87,2.87,4.62,,5.483,-1.75,-2.61,0.24,0.88,0.167,0.278,0.072,0.087,,,,,,-1,,,0.23958333333333334,5.482994809160305,31.333333333333332,31.333333333333336,10.0,4.621549357604847,4.579626763546317,0.88,2.87
669194,Ryne Nelson,,31.3,5.23,5.23,5.28,,5.555,-0.05,-0.33,0.198,0.549,0.179,0.296,0.064,0.101,,,,,,26253,,,0.26595744680851063,5.932525461538462,31.333333333333332,31.0,18.0,5.283869192882815,5.249839529503763,0.5494505494505494,7.47
666142,Cole Ragans,,31.3,4.99,4.99,6.68,,5.186,-1.69,-0.2,0.219,0.85,0.357,0.224,0.081,0.124,,,,,,21846,,,0.24242424242424243,5.276069586956521,31.333333333333332,30.666666666666664,17.0,6.677978589797261,6.526435274184615,0.85,5.46
702070,Noah Cameron,,31.3,5.46,5.46,4.37,,6.179,1.09,-0.72,0.35,0.692,0.179,0.324,0.082,0.101,,,,,,-1,,,0.35,6.179318395833334,31.333333333333332,31.333333333333332,19.0,4.366230208668677,4.324307614610147,0.6923076923076923,5.46
669467,Andre Pallante,,31.3,4.02,4.02,4.56,,4.372,-0.54,-0.35,0.25,0.749,0.167,0.239,0.049,0.104,,,,,,26108,,,0.25,4.3721398043478255,31.333333333333332,31.333333333333332,14.0,4.5577195703708036,4.515796976312274,0.7485029940119761,4.02
605400,Aaron Nola,,31.0,6.1,6.1,4.54,,4.835,1.56,1.27,0.349,0.636,0.333,0.245,0.055,0.11,,,,,,16149,,,0.3488372093023256,4.834965292857143,31.0,31.0,21.0,4.541933709011847,4.500011114953317,0.6358381502890174,6.1
621121,Lance Mccullers,,31.0,5.52,5.52,4.41,,4.327,1.11,1.19,0.299,0.632,0.211,0.302,0.047,0.095,,,,,,14120,,,0.2987012987012987,4.326915616541353,31.0,31.0,19.0,4.412901450947331,4.370978856888801,0.6318681318681318,5.52
571927,Steven Matz,,31.0,4.06,4.06,4.96,,4.78,-0.9,-0.72,0.22,0.741,0.24,0.2,0.056,0.098,,,,,,13361,,,0.21951219512195122,4.7804705275590536,31.0,31.0,14.0,4.961288547721525,4.919365953662995,0.7407407407407407,4.06
683004,Jack Leiter,,30.7,5.58,5.58,4.79,,5.357,0.79,0.22,0.329,0.685,0.2,0.294,0.076,0.136,,,,,,-1,,,0.32941176470588235,5.356506847826087,30.666666666666668,30.666666666666668,19.0,4.786674241971173,4.7447516479126435,0.6845238095238095,5.58
579328,Yusei Kikuchi,,30.7,5.87,5.87,3.61,,4.693,2.26,1.18,0.352,0.631,0.13,0.269,0.043,0.102,,,,,,20633,,,0.3516483516483517,4.693487330985915,30.666666666666668,30.666666666666668,20.0,3.612761198492913,3.570838604434383,0.6308411214953271,5.87
656876,Drew Rasmussen,,30.7,3.23,3.23,3.55,,1.97,-0.32,1.26,0.2,0.714,0.263,0.209,0.043,0.104,,,,,,25385,,,0.2,1.9699103278688521,30.666666666666668,30.666666666666664,11.0,3.5475438071885654,3.5056212131300355,0.7142857142857143,3.23
680736,Justin Wrobleski,,30.3,1.48,1.48,3.03,,3.564,-1.55,-2.08,0.213,0.833,0.0,0.254,0.029,0.06,,,,,,-1,,,0.2127659574468085,3.5640242436974794,30.333333333333332,30.333333333333332,5.0,3.0258046767537827,2.983882082695253,0.8333333333333334,1.48
686218,Emmet Sheehan,,30.3,4.45,4.45,4.21,,4.257,0.24,0.19,0.325,0.761,0.316,0.257,0.048,0.155,,,,,,29839,,,0.325,4.25669775,30.333333333333332,30.333333333333336,15.0,4.21261786356697,4.17069526950844,0.7608695652173912,4.45
650644,Aaron Civale,,30.3,2.67,2.67,3.52,,4.625,-0.85,-1.95,0.305,0.854,0.097,0.326,0.039,0.085,,,,,,19479,,,0.30526315789473685,4.624500500000001,30.333333333333332,30.333333333333336,9.0,3.5203101712592773,3.4783875772007473,0.853658536585366,2.67
594798,Jacob Degrom,,30.3,2.08,2.08,2.7,,2.904,-0.62,-0.82,0.264,0.928,0.174,0.227,0.058,0.155,,,,,,10954,,,0.2638888888888889,2.9038620731707314,30.333333333333332,30.333333333333336,7.0,2.696134347083453,2.654211753024923,0.9278350515463918,2.08
663554,Casey Mize,,30.0,2.7,2.7,2.76,,3.191,-0.06,-0.49,0.304,0.813,0.087,0.257,0.047,0.123,,,,,,20492,,,0.3037974683544304,3.191411828125,30.0,30.0,9.0,2.759138010087116,2.717215416028586,0.8132530120481927,2.7
641816,Tyler Mahle,,30.0,5.7,5.7,5.39,,5.172,0.31,0.53,0.325,0.702,0.261,0.247,0.073,0.08,,,,,,16358,,,0.3253012048192771,5.172178441176472,30.0,30.0,19.0,5.39247134342045,5.35054874936192,0.7022471910112359,5.7
656849,David Peterson,,30.0,6.0,6.0,3.56,,4.871,2.44,1.13,0.375,0.65,0.167,0.322,0.026,0.104,,,,,,20302,,,0.375,4.8710425625,30.0,30.0,20.0,3.559138010087116,3.517215416028586,0.6504065040650406,6.0
605288,Adrian Houser,,30.0,7.2,7.2,5.66,,5.85,1.54,1.35,0.33,0.596,0.286,0.33,0.062,0.085,,,,,,12718,,,0.3302752293577982,5.850209846153847,30.0,30.0,24.0,5.659138010087116,5.617215416028586,0.5958549222797928,7.2
676979,Garrett Crochet,,30.0,3.49,3.49,2.96,,3.47,0.53,0.02,0.309,0.755,0.188,0.279,0.052,0.112,,,,,,27463,,,0.35,4.6389885652173914,30.0,28.333333333333332,11.0,2.955216441459665,4.183882082695253,0.7553956834532374,6.6
647336,Michael Soroka,,30.0,4.8,4.8,3.13,,5.054,1.67,-0.25,0.381,0.704,0.125,0.225,0.052,0.095,,,,,,18383,,,0.38095238095238093,5.0536324926470595,30.0,30.0,16.0,3.125804676753783,3.083882082695253,0.7035175879396985,4.8
660271,Shohei Ohtani,,30.0,1.2,1.2,1.86,,1.32,-0.66,-0.12,0.233,0.857,0.0,0.229,0.014,0.137,,,,,,19755,,,0.2328767123287671,1.3201384957983198,30.0,30.0,4.0,1.859138010087116,1.817215416028586,0.8571428571428571,1.2
669432,Trevor Rogers,,30.0,4.45,4.45,3.59,,3.095,0.86,1.36,0.318,0.692,0.158,0.222,0.033,0.121,,,,,,22286,,,0.33695652173913043,3.416514842105264,30.0,28.333333333333332,14.0,3.5905105591067237,3.583882082695253,0.6918238993710691,5.1
682052,Jacob Lopez,,29.7,6.04,6.04,6.34,,3.207,-0.3,2.83,0.308,0.732,0.182,0.196,0.022,0.079,,,,,,25098,,,0.30851063829787234,3.3464194041095885,29.666666666666668,28.333333333333332,19.0,6.343451735577313,6.287252869212107,0.7323232323232323,6.07
669372,J. t. Ginn,,29.3,3.86,3.86,4.45,,3.518,-0.59,0.34,0.234,0.729,0.136,0.226,0.041,0.107,,,,,,-1,,,0.2345679012345679,3.5975035609756096,29.333333333333332,28.0,12.0,4.4543761053252116,4.722518446331616,0.7291666666666666,4.3
691725,Andrew Painter,,29.0,4.34,4.34,3.47,,3.913,0.87,0.43,0.374,0.754,0.125,0.195,0.031,0.092,,,,,,,,,0.37362637362637363,3.9128938947368415,29.0,29.0,14.0,3.474080538822748,3.432157944764218,0.7537688442211056,4.34
696149,Bubba Chandler,,29.0,4.97,4.97,5.58,,5.134,-0.61,-0.16,0.234,0.719,0.192,0.208,0.042,0.104,,,,,,-1,,,0.23376623376623376,5.1341935,29.0,29.0,16.0,5.577528814684817,5.5356062206262875,0.71875,4.97
656427,Jack Flaherty,,29.0,5.59,5.59,6.06,,5.165,-0.47,0.43,0.301,0.75,0.227,0.247,0.052,0.088,,,,,,17479,,,0.3013698630136986,5.164926680851063,29.0,29.0,18.0,6.060287435374472,6.018364841315942,0.75,5.59
605540,Brandon Woodruff,,29.0,4.23,4.23,3.89,,2.703,0.34,1.53,0.235,0.619,0.114,0.208,0.045,0.107,,,,,,16162,,,0.23809523809523808,2.7270727272727266,29.0,27.666666666666668,13.0,3.893274556271855,3.776985530971115,0.6185567010309279,4.03
676917,Cade Cavalli,,29.0,4.23,4.23,2.41,,3.131,1.82,1.1,0.412,0.746,0.05,0.215,0.029,0.111,,,,,,27473,,,0.4186046511627907,3.6488137692307694,29.0,27.666666666666668,13.0,2.4113468454284814,2.673537255109046,0.7456140350877193,5.28
690986,Kyle Harrison,,28.7,1.88,1.88,2.75,,3.085,-0.87,-1.21,0.31,0.897,0.111,0.153,0.023,0.133,,,,,,27758,,,0.30985915492957744,3.0851052500000007,28.666666666666668,28.666666666666664,6.0,2.746734909311922,2.7048123152533923,0.8974358974358975,1.88
808963,Roki Sasaki,,28.7,5.97,5.97,6.72,,5.678,-0.75,0.29,0.309,0.755,0.267,0.297,0.07,0.12,,,,,,-1,,,0.30864197530864196,5.677540962686567,28.666666666666668,28.666666666666668,19.0,6.723479095358433,6.681556501299903,0.7547169811320754,5.97
663556,Shane Mcclanahan,,28.7,3.77,3.77,2.75,,3.812,1.02,-0.04,0.263,0.665,0.048,0.22,0.053,0.123,,,,,,21483,,,0.2631578947368421,3.812126909090909,28.666666666666668,28.666666666666668,12.0,2.746734909311922,2.7048123152533923,0.6645569620253164,3.77
681517,Kyle Leahy,,28.7,5.34,5.34,5.57,,5.99,-0.23,-0.65,0.348,0.765,0.316,0.324,0.064,0.076,,,,,,24763,,,0.34782608695652173,5.990407067164179,28.666666666666668,28.666666666666664,17.0,5.57231630466076,5.53039371060223,0.7650273224043715,5.34
677958,Kumar Rocker,,28.3,3.37,3.37,3.59,,4.226,-0.22,-0.86,0.288,0.769,0.143,0.32,0.047,0.107,,,,,,-1,,,0.3146067415730337,4.723824338582677,28.333333333333332,26.666666666666668,10.0,3.5883046767537827,3.8309409062246647,0.7692307692307693,4.76
641793,Zack Littell,,28.3,9.85,9.85,9.03,,7.595,0.82,2.26,0.268,0.319,0.325,0.302,0.083,0.059,,,,,,15823,,,0.26804123711340205,7.594823686131387,28.333333333333332,28.333333333333332,31.0,9.025804676753783,8.983882082695253,0.3191489361702127,9.85
527048,Martín Pérez,,28.3,1.91,1.91,4.33,,4.399,-2.42,-2.49,0.195,0.921,0.15,0.268,0.033,0.081,,,,,,6902,,,0.19480519480519481,4.399357750000001,28.333333333333332,28.333333333333332,6.0,4.331687029694959,4.289764435636429,0.9210526315789473,1.91
608566,Germán Márquez,,28.0,6.11,6.11,6.78,,5.58,-0.67,0.53,0.261,0.685,0.229,0.303,0.057,0.084,,,,,,15038,,,0.26136363636363635,5.5804543046875,28.0,28.0,19.0,6.775804676753783,6.733882082695253,0.6854838709677419,6.11
663978,Chris Paddack,,28.0,6.43,6.43,4.35,,3.578,2.08,2.85,0.341,0.581,0.179,0.279,0.039,0.107,,,,,,20099,,,0.3409090909090909,3.5776837890624997,28.0,28.0,20.0,4.347233248182354,4.305310654123824,0.5806451612903226,6.43
682227,Brandon Williamson,,28.0,6.11,6.11,5.99,,6.33,0.12,-0.22,0.268,0.66,0.143,0.272,0.057,0.098,,,,,,25463,,,0.2682926829268293,6.3296837265625,28.0,28.0,19.0,5.990090391039497,5.948167796980967,0.6598984771573604,6.11
694477,Chad Patrick,,27.7,2.6,2.6,4.22,,4.143,-1.62,-1.54,0.244,0.828,0.077,0.293,0.045,0.092,,,,,,-1,,,0.24390243902439024,4.143413947368421,27.666666666666668,27.666666666666668,8.0,4.218575761091132,4.176653167032602,0.8278145695364238,2.6
669160,Dustin May,,27.7,5.86,5.86,3.82,,4.103,2.04,1.76,0.385,0.67,0.176,0.288,0.027,0.064,,,,,,19716,,,0.3854166666666667,4.102938169230769,27.666666666666668,27.666666666666664,18.0,3.820985399645349,3.779062805586819,0.6698564593301436,5.86
622491,Luis Castillo,,27.3,7.57,7.57,4.45,,5.576,3.12,1.99,0.378,0.58,0.211,0.27,0.059,0.104,,,,,,15689,,,0.37777777777777777,5.575558156716418,27.333333333333332,27.333333333333332,23.0,4.452633945046466,4.410711350987936,0.5797101449275363,7.57
605135,Chris Bassitt,,27.3,5.6,5.6,5.07,,5.147,0.53,0.45,0.357,0.732,0.15,0.225,0.017,0.086,,,,,,12304,,,0.35714285714285715,5.1467121111111105,27.333333333333332,27.333333333333332,17.0,5.074585164558661,5.032662570500131,0.7322175732217574,5.6
571945,Miles Mikolas,,27.0,8.33,8.33,6.69,,5.327,1.64,3.0,0.315,0.504,0.267,0.285,0.073,0.077,,,,,,9803,,,0.3146067415730337,5.326539456692915,27.0,27.0,25.0,6.692471343420449,6.650548749361919,0.5035971223021583,8.33
694297,Brandon Pfaadt,,27.0,4.85,4.85,4.95,,4.616,-0.1,0.23,0.253,0.669,0.235,0.255,0.062,0.11,,,,,,27782,,,0.25,4.69836857894737,27.0,26.0,14.0,4.948881599830706,5.169067267880438,0.6692913385826772,5.0
641778,Eric Lauer,,26.7,5.74,5.74,6.4,,5.553,-0.66,0.19,0.259,0.702,0.2,0.21,0.066,0.067,,,,,,19316,,,0.25925925925925924,5.5532832213114744,26.666666666666668,26.666666666666664,17.0,6.400804676753783,6.358882082695253,0.7024793388429751,5.74
687075,Brandon Sproat,,25.0,6.12,6.12,6.47,,5.173,-0.35,0.95,0.318,0.725,0.241,0.242,0.054,0.088,,,,,,-1,,,0.3181818181818182,5.17349176521739,25.0,25.0,17.0,6.465804676753782,6.423882082695252,0.7251908396946564,6.12
678394,Brayan Bello,,25.0,8.64,8.64,7.63,,7.414,1.01,1.23,0.38,0.67,0.348,0.29,0.086,0.121,,,,,,23920,,,0.3804347826086957,7.414464842105263,25.0,25.0,24.0,7.625804676753782,7.583882082695252,0.6701030927835052,8.64
641743,Anthony Kay,,24.7,5.84,5.84,6.23,,7.426,-0.39,-1.59,0.286,0.722,0.211,0.319,0.062,0.079,,,,,,20387,,,0.2857142857142857,7.426123836065574,24.666666666666668,24.666666666666668,16.0,6.228507379456485,6.186584785397955,0.7219251336898396,5.84
621111,Walker Buehler,,24.7,4.74,4.74,3.31,,4.858,1.43,-0.12,0.347,0.699,0.077,0.268,0.022,0.08,,,,,,19374,,,0.3466666666666667,4.85770792105263,24.666666666666668,24.666666666666668,13.0,3.3095884605375665,3.2676658664790366,0.699481865284974,4.74
676962,Ben Brown,,24.3,3.97,3.97,2.58,,1.994,1.39,1.98,0.258,0.602,0.083,0.22,0.025,0.106,,,,,,23590,,,0.24615384615384617,2.0853956875,24.333333333333332,22.666666666666668,10.0,2.5846282061655472,2.4907313977637457,0.6018518518518519,4.07
500779,Jose Quintana,,24.0,4.5,4.5,6.23,,5.248,-1.73,-0.75,0.227,0.773,0.185,0.236,0.057,0.094,,,,,,11423,,,0.22666666666666666,5.247673114285713,24.0,24.0,12.0,6.234138010087117,6.192215416028587,0.7727272727272727,4.5
695418,Brad Lord,,23.7,3.98,3.98,3.86,,3.833,0.12,0.15,0.258,0.677,0.167,0.275,0.033,0.097,,,,,,-1,,,0.26666666666666666,4.015910529411763,23.666666666666668,20.333333333333332,9.0,3.861870250524275,4.040220110864267,0.6770833333333334,5.7
571578,Patrick Corbin,,23.3,3.86,3.86,4.27,,5.605,-0.41,-1.75,0.309,0.784,0.176,0.261,0.058,0.089,,,,,,9323,,,0.3088235294117647,5.605074058823528,23.333333333333332,23.333333333333332,10.0,4.268661819610926,4.226739225552396,0.7835820895522387,3.86
681293,Spencer Arrighetti,,23.0,1.96,1.96,3.76,,5.675,-1.8,-3.72,0.263,0.886,0.062,0.216,0.045,0.108,,,,,,-1,,,0.2631578947368421,5.675192722772278,23.0,23.0,5.0,3.764935111536391,3.723012517477861,0.8860759493670886,1.96
669947,Jesse Scholtens,,22.7,3.18,3.18,3.73,,4.047,-0.55,-0.87,0.269,0.776,0.133,0.218,0.038,0.097,,,,,,19205,,,0.26865671641791045,4.046731861702128,22.666666666666668,22.666666666666668,8.0,3.7316870296949594,3.6897644356364294,0.7758620689655172,3.18
625643,Reynaldo López,,22.7,3.32,3.32,4.13,,3.4,-0.81,-0.08,0.211,0.774,0.167,0.197,0.038,0.083,,,,,,16400,,,0.25396825396825395,4.561837089108913,22.666666666666668,21.666666666666668,8.0,4.13349698444609,4.925058553283488,0.7738095238095237,4.76
543243,Sonny Gray,,22.3,4.84,4.84,4.41,,5.305,0.43,-0.46,0.286,0.672,0.176,0.269,0.076,0.077,,,,,,12768,,,0.2857142857142857,5.304983999999999,22.333333333333332,22.333333333333332,12.0,4.41386437824632,4.37194178418779,0.6722689075630252,4.84
640455,Sean Manaea,,22.0,8.27,8.27,4.33,,5.064,3.94,3.21,0.361,0.468,0.158,0.227,0.064,0.098,,,,,,15873,,,0.359375,5.233695708737863,22.0,20.666666666666664,19.0,4.332256289657009,4.302063900877071,0.4676258992805755,7.77
668964,Tobias Myers,,22.0,2.37,2.37,3.6,,2.579,-1.23,-0.21,0.214,0.82,0.143,0.222,0.017,0.093,,,,,,-1,,,0.21311475409836064,2.0661204819277104,22.0,19.0,5.0,3.6047520451748354,3.120245719058889,0.819672131147541,2.05
592836,Taijuan Walker,,22.0,10.23,10.23,7.84,,6.7,2.39,3.53,0.359,0.521,0.276,0.233,0.075,0.061,,,,,,11836,,,0.358974358974359,6.700130304347826,22.0,22.0,25.0,7.843986494935601,7.802063900877071,0.5208333333333334,10.23
670990,Yohan Ramírez,,21.3,3.18,3.18,3.2,,2.065,-0.02,1.11,0.214,0.658,0.143,0.192,0.03,0.112,,,,,,19444,,,0.2692307692307692,2.3344517499999995,21.333333333333332,11.333333333333334,4.0,3.2022752649890767,2.187007082695253,0.6578947368421053,3.8
680802,Ryan Weiss,,21.3,7.97,7.97,6.17,,5.618,1.8,2.35,0.351,0.607,0.357,0.271,0.05,0.103,,,,,,,,,0.3559322033898305,5.740942396226415,21.333333333333332,20.333333333333332,18.0,6.17334566036034,6.546382082695253,0.6071428571428571,8.02
702273,Noah Schultz,,21.3,2.95,2.95,3.45,,3.226,-0.5,-0.28,0.176,0.714,0.083,0.217,0.022,0.089,,,,,,,,,0.17647058823529413,3.2257994235294123,21.333333333333332,21.333333333333332,7.0,3.4476796767537827,3.405757082695253,0.7142857142857142,2.95
676879,Aaron Ashby,,21.0,3.86,4.0,1.8,,2.328,2.06,1.53,0.389,0.658,0.25,0.247,0.035,0.14,,,,,,23550,,,0.36363636363636365,2.0410927391304345,21.0,9.0,4.0,1.8035824545315604,2.221977320790491,0.6578947368421053,3.86
678906,Kai-wei Teng,,20.7,1.93,1.93,1.95,,4.243,-0.02,-2.31,0.256,0.769,0.0,0.217,0.019,0.093,,,,,,24282,,,0.21153846153846154,2.878329999999999,20.666666666666668,14.0,3.0,1.9543761053252113,3.951624018179124,0.7692307692307693,3.05
670245,Ryan Watson,,20.7,5.23,3.86,6.56,,4.875,-1.33,0.36,0.24,1.0,0.75,0.269,0.084,0.1,,,,,,,,,0.3181818181818182,6.447132874999999,20.666666666666668,9.333333333333334,4.0,6.561518962468068,5.500011114953317,1.0,5.23
607536,Kyle Freeland,,20.7,3.48,3.48,3.95,,3.906,-0.47,-0.43,0.271,0.766,0.143,0.25,0.018,0.112,,,,,,16256,,,0.2711864406779661,3.905581689655172,20.666666666666668,20.666666666666664,8.0,3.94515951546346,3.9032369214049303,0.7657657657657658,3.48
690953,Mick Abel,,20.0,4.05,4.05,2.53,,5.03,1.52,-0.98,0.386,0.735,0.0,0.216,0.026,0.122,,,,,,-1,,,0.38596491228070173,5.030464387096775,20.0,20.0,9.0,2.5258046767537827,2.483882082695253,0.7352941176470589,4.05
622608,Antonio Senzatela,,19.7,1.23,1.23,1.53,,0.456,-0.3,0.77,0.211,0.8,0.0,0.2,0.032,0.118,,,,,,15488,,,0.19148936170212766,1.5890371971830977,19.666666666666668,14.666666666666666,2.0,1.5258046767537827,1.661848184390168,0.8,1.37
673540,Kodai Senga,,19.7,9.15,9.15,6.13,,4.651,3.02,4.5,0.382,0.536,0.263,0.248,0.053,0.12,,,,,,31838,,,0.38181818181818183,4.6511512371134005,19.666666666666668,19.666666666666668,20.0,6.12749959200802,6.08557699794949,0.5357142857142857,9.15
663372,Ryan Feltner,,19.3,6.52,6.52,5.87,,6.3,0.65,0.22,0.293,0.611,0.238,0.283,0.088,0.113,,,,,,21446,,,0.29310344827586204,6.300331750000001,19.333333333333332,19.333333333333336,14.0,5.8706322629606795,5.82870966890215,0.6111111111111112,6.52
623454,Drew Anderson,,19.3,0.68,0.68,2.95,,0.25,-2.27,0.43,0.179,1.0,0.2,0.278,0.052,0.137,,,,,,15130,,,0.2765957446808511,4.16625675,19.333333333333332,13.333333333333334,1.0,2.9508046767537826,4.276985530971115,1.0,4.66
661563,Luis Gil,,19.0,5.21,5.21,8.39,,6.169,-3.18,-0.96,0.161,0.822,0.3,0.317,0.059,0.05,,,,,,21052,,,0.16071428571428573,6.168639647058825,19.0,19.0,11.0,8.394225729385361,8.352303135326832,0.821917808219178,5.21
665871,Javier Assad,,19.0,8.5,8.5,4.97,,5.134,3.53,3.37,0.317,0.385,0.188,0.336,0.034,0.056,,,,,,21741,,,0.30158730158730157,5.329474928571429,19.0,18.0,17.0,4.970249121198227,4.8259873458531475,0.3846153846153846,8.05
663687,Hogan Harris,,18.7,5.79,0.0,1.03,,-3.431,4.76,9.22,0.0,,0.0,0.133,0.027,0.095,,,,,,21520,,,0.26,3.705104125000001,18.666666666666668,2.0,0.0,1.0258046767537827,4.912453511266682,,5.79
676760,Ron Marinaccio,,18.7,3.86,3.86,4.45,,4.793,-0.59,-0.93,0.302,0.775,0.182,0.22,0.028,0.122,,,,,,23488,,,0.3389830508474576,4.175152862500001,18.666666666666668,14.0,6.0,4.4543761053252116,3.948167796980967,0.7746478873239437,5.3
688642,Zach Agnos,,18.3,3.48,3.48,4.38,,3.631,-0.9,-0.15,0.222,0.769,0.222,0.198,0.052,0.142,,,,,,-1,,,0.3508771929824561,4.549654523255814,18.333333333333332,10.333333333333334,4.0,4.380643386431202,3.856609355422526,0.7692307692307692,5.4
805123,Aj Blubaugh,,18.3,5.4,4.32,5.67,,4.273,-0.27,1.13,0.292,0.854,0.167,0.234,0.054,0.129,,,,,,-1,,,0.25,4.2881745121951225,18.333333333333332,8.333333333333334,4.0,5.665804676753782,5.274791173604344,0.853658536585366,5.4
669330,Tyler Wells,,18.3,3.93,1.12,2.53,,0.518,1.4,3.41,0.133,1.0,0.167,0.194,0.031,0.138,,,,,,20000,,,0.32,3.3717512105263157,18.333333333333332,8.0,1.0,2.5258046767537827,3.2566093554225257,1.0,3.93
663558,Jovani Morán,,18.3,2.6,2.6,4.3,,1.639,-1.7,0.96,0.136,0.804,0.105,0.192,0.038,0.127,,,,,,20422,,,0.1702127659574468,2.1927932105263164,18.333333333333332,17.333333333333332,5.0,4.295035445984552,4.292972991786161,0.8035714285714286,2.95
700669,Gordon Graceffo,,18.3,0.98,1.08,2.79,,2.028,-1.81,-1.05,0.1,0.833,0.0,0.312,0.038,0.057,,,,,,-1,,,0.16666666666666666,4.889359850746268,18.333333333333332,8.333333333333334,1.0,2.7858046767537825,3.3657002645134346,0.8333333333333334,0.98
608718,Brent Suter,,18.3,3.86,3.86,3.03,,2.49,0.83,1.37,0.273,0.658,0.143,0.2,0.048,0.108,,,,,,13942,,,0.30612244897959184,3.252277337499999,18.333333333333332,9.333333333333334,4.0,3.0258046767537827,4.347518446331616,0.6578947368421053,5.4
666171,Ryan Zeferjahn,,18.3,0.9,0.9,1.03,,-0.058,-0.13,0.96,0.158,0.8,0.0,0.195,0.012,0.121,,,,,,-1,,,0.2558139534883721,1.0990208026315789,18.333333333333332,10.0,1.0,1.0258046767537827,2.0566093554225255,0.8,3.44
453286,Max Scherzer,,18.3,8.84,8.84,8.37,,6.534,0.47,2.31,0.259,0.423,0.368,0.229,0.062,0.064,,,,,,3137,,,0.25862068965517243,6.534378,18.333333333333332,18.333333333333336,18.0,8.371259222208327,8.329336628149798,0.4225352112676056,8.84
641835,Tim Mayza,,18.0,4.0,0.0,2.28,,0.444,1.72,3.56,0.19,1.0,0.0,0.295,0.023,0.097,,,,,,15042,,,0.2127659574468085,2.4438432,18.0,8.0,0.0,2.2758046767537827,3.594993193806364,1.0,4.0
656794,Sean Newcomb,,17.7,4.08,4.15,2.1,,3.825,1.98,0.26,0.385,0.667,0.0,0.198,0.019,0.086,,,,,,16943,,,0.37037037037037035,3.4896875874999997,17.666666666666668,8.666666666666666,4.0,2.1027277536768594,2.0782217053367624,0.6666666666666666,4.08
656641,Jacob Latz,,17.7,2.04,0.0,1.9,,0.831,0.14,1.21,0.05,1.0,0.0,0.256,0.035,0.112,,,,,,21306,,,0.09302325581395349,0.2704033387096767,17.666666666666668,8.0,0.0,1.9008046767537827,2.5310518940160076,1.0,2.04
694335,Matt Svanson,,17.7,8.15,6.23,6.95,,5.533,1.2,2.62,0.273,0.714,0.333,0.364,0.034,0.06,,,,,,-1,,,0.36363636363636365,7.2517461249999995,17.666666666666668,4.333333333333334,3.0,6.948881599830705,6.323504724204687,0.7142857142857143,8.15
663969,Tyler Phillips,,17.7,2.7,2.7,3.93,,3.31,-1.23,-0.61,0.25,0.843,0.083,0.312,0.062,0.125,,,,,,-1,,,0.2553191489361702,4.144243,17.666666666666668,13.333333333333334,4.0,3.9258046767537826,3.776334912883932,0.8433734939759036,2.04
683175,Connor Phillips,,17.7,4.58,3.0,5.36,,3.841,-0.78,0.74,0.143,0.833,0.167,0.207,0.034,0.102,,,,,,27649,,,0.2,5.492162207317073,17.666666666666668,6.0,2.0,5.359138010087117,5.304636799676384,0.8333333333333333,4.58
672782,Yoendrys Gómez,,17.3,6.23,6.23,6.1,,7.493,0.13,-1.26,0.3,0.676,0.188,0.263,0.081,0.091,,,,,,22872,,,0.2692307692307692,7.140319036585365,17.333333333333332,13.0,9.0,6.102727753676859,6.791574390387561,0.6756756756756757,8.31
571510,Matt Boyd,,17.3,5.71,5.71,1.64,,4.074,4.07,1.64,0.435,0.593,0.1,0.283,0.047,0.152,,,,,,15440,,,0.43478260869565216,4.074093038461538,17.333333333333332,17.333333333333332,11.0,1.641189292138398,1.599266698079868,0.5932203389830508,5.71
642121,Cole Sulser,,17.3,3.63,4.26,2.71,,6.387,0.92,-2.76,0.353,0.7,0.0,0.293,0.071,0.098,,,,,,15256,,,0.32727272727272727,5.039078936708861,17.333333333333332,6.333333333333334,3.0,2.710015203069572,3.1569590057721757,0.7,3.63
686973,Louis Varland,,17.0,2.65,,0.57,,-0.046,2.08,2.7,0.406,,,0.152,0.0,0.142,,,,,,27691,,,0.40625,-0.04646050769230836,17.0,,,,0.5721173768129,,2.65
680755,Braydon Fisher,,16.7,2.7,0.0,0.53,,-0.943,2.17,3.64,0.0,1.0,,0.307,0.053,0.117,,,,,,-1,,,0.275,3.587094861538461,16.666666666666668,2.0,0.0,0.5258046767537827,2.8038820826952526,1.0,2.7
691799,Grant Taylor,,16.7,2.7,0.0,1.03,,6.244,1.67,-3.54,0.0,,0.0,0.202,0.03,0.111,,,,,,-1,,,0.40476190476190477,2.3008828904109584,16.666666666666668,2.0,0.0,1.0258046767537827,1.0638820826952529,,2.7
643511,Tyler Rogers,,16.3,1.65,,1.94,,0.125,-0.29,1.53,0.17,,,0.123,0.0,0.071,,,,,,15541,,,0.1702127659574468,0.12471632258064558,16.333333333333332,,,,1.9430657561646405,,1.65
700249,Cade Povich,,16.3,4.41,4.41,4.98,,5.199,-0.57,-0.79,0.265,0.725,0.2,0.299,0.065,0.119,,,,,,-1,,,0.2653061224489796,5.199191852941176,16.333333333333332,16.333333333333336,8.0,4.98498835022317,4.943065756164641,0.7246376811594203,4.41
696147,Sam Bachman,,16.3,3.31,1.35,1.83,,2.416,1.48,0.89,0.133,0.75,0.0,0.18,0.049,0.15,,,,,,29754,,,0.23076923076923078,2.566621220588235,16.333333333333332,6.666666666666666,1.0,1.8258046767537826,3.4124535112666816,0.75,3.31
674370,Osvaldo Bido,,16.3,4.97,4.97,6.1,,5.307,-1.13,-0.34,0.2,0.682,0.143,0.26,0.052,0.09,,,,,,23150,,,0.2608695652173913,5.852149750000001,16.333333333333332,12.666666666666666,7.0,6.104752045174836,6.2287800418789265,0.6818181818181819,6.06
686993,Justin Sterner,,16.3,5.51,0.0,0.72,,3.217,4.79,2.29,0.3,1.0,0.0,0.314,0.038,0.138,,,,,,-1,,,0.3617021276595745,2.4928296447368417,16.333333333333332,4.333333333333334,0.0,0.7181123690614752,3.963473919429947,1.0,5.51
693686,Spencer Miles,,16.3,0.93,0.93,1.78,,0.713,-0.85,0.22,0.2,0.857,0.0,0.198,0.033,0.091,,,,,,,,,0.2391304347826087,3.7116804558823544,16.333333333333332,9.666666666666666,1.0,1.784425366408955,3.657351470450355,0.8571428571428571,3.31
677865,Justin Bruihl,,16.0,8.44,0.0,2.53,,0.511,5.91,7.93,0.2,1.0,,0.247,0.031,0.053,,,,,,23779,,,0.23529411764705882,6.1732651780821906,16.0,2.0,0.0,2.5258046767537827,5.546382082695253,1.0,8.44
676755,Isaac Mattson,,16.0,3.38,,3.17,,6.319,0.21,-2.94,0.294,,,0.286,0.057,0.078,,,,,,20385,,,0.29411764705882354,6.3185149166666665,16.0,,,,3.171382082695253,,3.38
668933,Graham Ashcraft,,16.0,1.69,,2.55,,2.193,-0.86,-0.5,0.297,,,0.286,0.029,0.134,,,,,,27552,,,0.2972972972972973,2.192681142857143,16.0,,,,2.546382082695253,,1.69
668941,Jojo Romero,,16.0,2.81,,5.11,,5.626,-2.3,-2.82,0.256,,,0.286,0.052,0.058,,,,,,19574,,,0.2558139534883721,5.626359686567163,16.0,,,,5.108882082695253,,2.81
700712,Walbert Ureña,,16.0,3.14,3.14,3.93,,2.421,-0.79,0.72,0.289,0.816,0.1,0.202,0.03,0.098,,,,,,,,,0.3333333333333333,3.2040024050632905,16.0,14.333333333333334,5.0,3.932781420939829,3.921382082695253,0.8163265306122448,5.62
601713,Nick Pivetta,,16.0,4.5,4.5,1.15,,0.464,3.35,4.04,0.333,0.556,0.0,0.137,0.011,0.117,,,,,,15454,,,0.3333333333333333,0.46445550000000013,16.0,16.0,8.0,1.1508046767537827,1.1088820826952528,0.5555555555555556,4.5
641312,Shaun Anderson,,16.0,5.11,5.11,6.19,,4.901,-1.08,0.21,0.235,0.714,0.429,0.247,0.045,0.106,,,,,,19453,,,0.2916666666666667,5.581900205479452,16.0,12.333333333333334,7.0,6.187966838915944,5.608882082695253,0.7142857142857142,6.19
664199,Taylor Clarke,,16.0,5.62,,3.36,,2.161,2.26,3.46,0.204,,,0.203,0.038,0.082,,,,,,17611,,,0.20408163265306123,2.161164571428571,16.0,,,,3.358882082695253,,5.62
676617,Riley O'brien,,16.0,5.06,,1.17,,1.286,3.89,3.77,0.349,,,0.293,0.012,0.126,,,,,,20348,,,0.3488372093023256,1.2857428923076926,16.0,,,,1.1713820826952528,,5.06
660761,José Suarez,,16.0,3.29,3.29,2.59,,2.533,0.7,0.76,0.361,0.762,0.0,0.274,0.009,0.131,,,,,,19911,,,0.4782608695652174,3.8642246329113923,16.0,13.666666666666666,5.0,2.5867802865098803,2.608882082695253,0.7619047619047619,7.31
672335,Cionel Pérez,,15.7,4.02,2.25,3.03,,1.628,0.99,2.39,0.25,0.75,0.0,0.413,0.087,0.071,,,,,,19614,,,0.27450980392156865,8.167177164383563,15.666666666666666,4.0,1.0,3.0258046767537827,5.600903359290998,0.75,4.02
606996,Kyle Hart,,15.7,4.09,4.09,3.03,,3.02,1.06,1.07,0.229,0.583,0.0,0.176,0.024,0.071,,,,,,19646,,,0.24489795918367346,3.546932656716419,15.666666666666666,11.0,5.0,3.0258046767537827,3.366860806099508,0.5833333333333334,4.02
681982,Grant Anderson,,15.7,4.6,2.25,1.78,,-1.401,2.82,6.0,0.25,0.667,0.0,0.278,0.044,0.108,,,,,,20546,,,0.23076923076923078,3.357339903225806,15.666666666666666,4.0,1.0,1.7758046767537827,3.6860097422697207,0.6666666666666666,4.6
642397,Gregory Soto,,15.7,1.72,,2.47,,0.702,-0.75,1.02,0.167,,,0.134,0.015,0.106,,,,,,19677,,,0.16666666666666666,0.7018105254237286,15.666666666666666,,,,2.4732437848229125,,1.72
666661,Juan Morillo,,15.7,2.87,,2.15,,0.356,0.72,2.51,0.216,,,0.205,0.026,0.159,,,,,,-1,,,0.21621621621621623,0.35550542622950765,15.666666666666666,,,,2.1540948486527,,2.87
670970,Adrián Morejón,,15.7,6.89,,2.6,,2.95,4.29,3.94,0.354,,,0.203,0.013,0.162,,,,,,20039,,,0.3541666666666667,2.950354591549296,15.666666666666666,,,,2.6009033592909976,,6.89
669199,Lake Bachar,,15.7,1.32,1.32,2.66,,0.614,-1.34,0.71,0.133,0.909,0.111,0.216,0.027,0.176,,,,,,-1,,,0.17647058823529413,1.837268,15.666666666666666,13.666666666666668,2.0,2.6599510182171975,3.5583501678016356,0.9090909090909092,2.87
699134,Bradgley Rodriguez,,15.3,4.7,0.0,0.03,,-4.443,4.67,9.14,0.0,,,0.244,0.013,0.147,,,,,,-1,,,0.28888888888888886,1.2614562380952385,15.333333333333334,2.0,0.0,0.02580467675378273,2.201273387043079,,4.7
695243,Mason Miller,,15.3,1.17,,-0.21,,-2.286,1.38,3.46,0.273,,,0.098,0.0,0.256,,,,,,31757,,,0.2727272727272727,-2.285530777777778,15.333333333333334,,,,-0.21177009121779067,,1.17
605130,Scott Barlow,,15.3,2.93,,5.14,,3.724,-2.21,-0.79,0.132,,,0.268,0.036,0.147,,,,,,14993,,,0.13157894736842105,3.7242382923076915,15.333333333333334,,,,5.136055995738731,,2.93
656271,Brock Burke,,15.3,5.28,0.0,2.6,,-0.157,2.68,5.44,0.0,1.0,0.0,0.256,0.064,0.134,,,,,,17968,,,0.38095238095238093,4.302086304347827,15.333333333333334,2.3333333333333335,0.0,2.5972332481823543,2.070838604434383,1.0,5.28
663567,Peter Lambert,,15.3,2.93,2.93,2.31,,2.552,0.62,0.38,0.316,0.762,0.0,0.228,0.025,0.137,,,,,,17969,,,0.3157894736842105,2.551662000000001,15.333333333333334,15.333333333333332,5.0,2.3084133724059566,2.2664907783474266,0.7619047619047619,2.93
596001,Jakob Junis,,15.3,0.0,0.0,1.03,,0.623,-1.03,-0.62,0.0,,0.0,0.203,0.013,0.05,,,,,,13619,,,0.15217391304347827,3.442877500000001,15.333333333333334,2.0,0.0,1.0258046767537827,3.1795342566082962,,0.0
623211,Huascar Brazobán,,15.3,6.46,0.0,0.78,,1.254,5.68,5.21,0.333,1.0,,0.198,0.012,0.147,,,,,,6107,,,0.23809523809523808,2.1896295084745754,15.333333333333334,2.6666666666666665,0.0,0.7758046767537827,2.7230125174778617,1.0,6.46
669276,Dylan Lee,,15.3,1.17,,1.03,,0.922,0.14,0.25,0.171,,,0.276,0.026,0.204,,,,,,19996,,,0.17142857142857143,0.9222694000000002,15.333333333333334,,,,1.027360343564818,,1.17
671212,Joe Boyle,,15.3,6.46,6.46,2.96,,4.58,3.5,1.88,0.233,0.342,0.1,0.238,0.025,0.11,,,,,,29608,,,0.23255813953488372,4.579991999999999,15.333333333333334,15.333333333333332,11.0,2.960587285449435,2.918664691390905,0.3424657534246575,6.46
671922,Cade Smith,,15.3,5.28,,2.07,,3.519,3.21,1.76,0.357,,,0.215,0.054,0.142,,,,,,27867,,,0.35714285714285715,3.518606661538461,15.333333333333334,,,,2.070838604434383,,5.28
678606,Jose Ferrer,,15.3,2.93,0.0,3.78,,3.033,-0.85,-0.1,0.364,1.0,0.0,0.157,0.0,0.122,,,,,,24017,,,0.4074074074074074,1.7580916575342456,15.333333333333334,4.0,0.0,3.7758046767537827,2.3969255609561224,1.0,2.93
640448,Kyle Finnegan,,15.3,0.59,,4.22,,2.571,-3.63,-1.98,0.205,,,0.205,0.027,0.097,,,,,,15009,,,0.20512820512820512,2.5714278709677414,15.333333333333334,,,,4.223012517477861,,0.59
675848,Juan Mejia,,15.0,3.0,0.0,2.03,,0.153,0.97,2.85,0.167,1.0,0.0,0.223,0.021,0.13,,,,,,-1,,,0.4222222222222222,4.322522749999999,15.0,2.0,0.0,2.0258046767537827,3.6505487493619193,1.0,3.0
660825,Eduard Bazardo,,15.0,1.8,,2.52,,2.589,-0.72,-0.79,0.238,,,0.263,0.039,0.073,,,,,,20997,,,0.23809523809523808,2.588618448275862,15.0,,,,2.517215416028586,,1.8
681867,Cooper Criswell,,15.0,3.0,3.6,3.03,,3.881,-0.03,-0.88,0.444,0.833,0.25,0.329,0.055,0.106,,,,,,24975,,,0.22857142857142856,3.9970435535714284,15.0,5.0,2.0,3.0258046767537827,4.317215416028586,0.8333333333333333,3.0
664875,Justin Lawrence,,15.0,6.0,,4.85,,5.436,1.15,0.56,0.237,,,0.267,0.067,0.115,,,,,,17639,,,0.23684210526315788,5.435730484375,15.0,,,,4.85054874936192,,6.0
689296,Anthony Nunez,,15.0,8.4,2.25,3.78,,0.615,4.62,7.78,0.125,,0.5,0.29,0.043,0.153,,,,,,,,,0.2926829268292683,3.248503313432835,15.0,4.0,1.0,3.7758046767537827,3.3172154160285863,,8.4
656464,Kevin Ginkel,,15.0,4.8,4.5,-0.97,,-5.166,5.77,9.97,0.5,0.5,0.0,0.256,0.038,0.124,,,,,,19876,,,0.3076923076923077,2.1185550322580653,15.0,2.0,1.0,-0.9741953232462173,2.2505487493619194,0.5,4.8
593974,Wandy Peralta,,15.0,7.2,0.0,2.53,,2.724,4.67,4.48,0.0,1.0,,0.192,0.03,0.137,,,,,,14295,,,0.3023255813953488,4.291292015384617,15.0,2.0,0.0,2.5258046767537827,5.050548749361919,1.0,7.2
687396,Brent Headrick,,15.0,1.8,,1.78,,3.556,0.02,-1.76,0.375,,,0.247,0.013,0.142,,,,,,27702,,,0.375,3.556419238095238,15.0,,,,1.7838820826952528,,1.8
676571,Pj Poulin,,15.0,5.4,9.0,7.53,,8.228,-2.13,-2.83,0.2,,0.25,0.362,0.053,0.066,,,,,,-1,,,0.22727272727272727,5.964316,15.0,2.0,2.0,7.525804676753783,6.050548749361919,,5.4
544150,Albert Suárez,,15.0,4.73,4.73,5.43,,4.314,-0.7,0.42,0.135,0.588,0.154,0.222,0.044,0.097,,,,,,6175,,,0.17777777777777778,4.9397715,15.0,13.333333333333332,7.0,5.425804676753783,6.183882082695253,0.5882352941176471,6.0
571948,Hoby Milner,,14.7,3.07,,5.3,,4.983,-2.23,-1.91,0.178,,,0.211,0.039,0.042,,,,,,13346,,,0.17777777777777778,4.983175258620689,14.666666666666666,,,,5.302063900877071,,3.07
641302,Tyler Alexander,,14.7,1.84,0.0,2.6,,0.499,-0.76,1.34,0.333,1.0,0.0,0.174,0.0,0.053,,,,,,17735,,,0.32608695652173914,1.9365950781250003,14.666666666666666,2.3333333333333335,0.0,2.5972332481823543,2.370245719058889,1.0,1.84
663765,Jake Woodford,,14.7,4.5,4.5,2.43,,5.183,2.07,-0.68,0.314,0.615,0.0,0.367,0.051,0.083,,,,,,18674,,,0.35294117647058826,5.491258830769231,14.666666666666666,10.0,5.0,2.4258046767537826,2.779336628149798,0.6153846153846154,3.68
666277,George Soriano,,14.7,4.3,0.0,1.53,,1.872,2.77,2.43,0.1,1.0,0.0,0.205,0.048,0.129,,,,,,21863,,,0.175,4.36445679032258,14.666666666666666,4.0,0.0,1.5258046767537827,3.870245719058889,1.0,4.3
670036,Matt Festa,,14.7,7.98,4.15,1.87,,3.414,6.11,4.57,0.308,0.6,0.0,0.315,0.041,0.103,,,,,,19330,,,0.28888888888888886,2.4314125230769226,14.666666666666666,4.333333333333334,2.0,1.871958522907629,3.6657002645134344,0.6,7.98
676428,Brant Hurter,,14.7,3.68,3.68,3.98,,2.442,-0.3,1.24,0.13,0.0,0.333,0.231,0.046,0.065,,,,,,-1,,,0.17073170731707318,3.8374255,14.666666666666666,7.333333333333333,3.0,3.9803501312992373,3.3247911736043436,0.0,4.91
687064,Brandon Young,,14.7,7.98,7.98,5.48,,5.702,2.5,2.28,0.314,0.476,0.188,0.283,0.054,0.083,,,,,,-1,,,0.3137254901960784,5.702015279411765,14.666666666666666,14.666666666666668,13.0,5.480350131299237,5.438427537240708,0.47619047619047616,7.98
656222,Jalen Beeks,,14.7,3.07,,3.46,,2.865,-0.39,0.21,0.243,,,0.299,0.045,0.108,,,,,,17192,,,0.24324324324324326,2.8648989999999994,14.666666666666666,,,,3.4611548099679803,,3.07
642701,Dennis Santana,,14.7,3.68,,5.03,,5.055,-1.35,-1.38,0.175,,,0.225,0.062,0.1,,,,,,17878,,,0.175,5.055371918032788,14.666666666666666,,,,5.029336628149798,,3.68
681870,Erik Sabrowski,,14.7,3.07,,1.82,,2.02,1.25,1.05,0.231,,,0.172,0.047,0.163,,,,,,-1,,,0.23076923076923078,2.0204996315789474,14.666666666666666,,,,1.8247911736043436,,3.07
642528,Jonathan Loáisiga,,14.7,5.52,,3.05,,3.385,2.47,2.14,0.318,,,0.282,0.024,0.121,,,,,,19753,,,0.3181818181818182,3.3849535737704923,14.666666666666666,,,,3.052063900877071,,5.52
663542,Bryan Hudson,,14.7,3.07,9.0,3.53,,5.548,-0.46,-2.48,0.2,0.0,0.0,0.167,0.0,0.092,,,,,,19924,,,0.34285714285714286,3.097987796875,14.666666666666666,2.0,2.0,3.5258046767537827,2.1657002645134344,0.0,3.07
693855,Ian Seymour,,14.3,5.65,0.0,1.03,,-3.287,4.62,8.94,0.25,1.0,0.0,0.286,0.086,0.139,,,,,,-1,,,0.3783783783783784,4.4961660000000006,14.333333333333334,2.0,0.0,1.0258046767537827,2.7745797571138575,1.0,5.65
679358,Eric Orze,,14.3,5.65,2.08,3.95,,0.041,1.7,5.61,0.143,0.75,0.0,0.183,0.0,0.102,,,,,,-1,,,0.3170731707317073,2.155892918032787,14.333333333333334,4.333333333333334,1.0,3.9488815998307056,2.635044873392927,0.75,5.65
594580,Sam Moll,,14.3,3.77,0.0,4.03,,2.737,-0.26,1.03,0.0,1.0,,0.19,0.017,0.082,,,,,,14874,,,0.17142857142857143,3.2136073809523813,14.333333333333334,2.0,0.0,4.025804676753783,4.44899836176502,1.0,3.77
623437,Justin Topa,,14.3,4.4,,4.8,,4.434,-0.4,-0.03,0.295,,,0.212,0.047,0.043,,,,,,15145,,,0.29545454545454547,4.433515590163934,14.333333333333334,,,,4.7978355710673455,,4.4
673929,Jordan Leasure,,14.3,8.16,,7.03,,7.389,1.13,0.77,0.2,,,0.23,0.126,0.131,,,,,,29950,,,0.2,7.388864209677418,14.333333333333334,,,,7.03039371060223,,8.16
685299,Tanner Gordon,,14.3,6.91,6.91,5.82,,5.026,1.09,1.88,0.333,0.429,0.385,0.253,0.107,0.117,,,,,,-1,,,0.3333333333333333,5.026455262295082,14.333333333333334,14.333333333333332,11.0,5.816502351172387,5.774579757113857,0.42857142857142855,6.91
592773,Ryne Stanek,,14.0,8.36,,3.98,,4.604,4.38,3.76,0.436,,,0.219,0.031,0.15,,,,,,15947,,,0.4358974358974359,4.603602095890411,14.0,,,,3.983882082695253,,8.36
664141,Jt Brubaker,,14.0,1.29,1.29,2.17,,5.589,-0.88,-4.3,0.333,0.889,0.0,0.227,0.04,0.088,,,,,,17578,,,0.2926829268292683,5.993167550000001,14.0,7.0,1.0,2.1686618196109255,4.198167796980967,0.8888888888888888,1.93
643377,Griffin Jax,,14.0,5.79,0.0,2.63,,4.919,3.16,0.87,0.167,1.0,0.0,0.247,0.065,0.139,,,,,,20253,,,0.2647058823529412,6.029844903225808,14.0,5.0,0.0,2.625804676753783,5.483882082695253,1.0,5.79
595345,Steven Okert,,14.0,7.07,,4.84,,3.548,2.23,3.52,0.231,,,0.157,0.036,0.102,,,,,,13580,,,0.23076923076923078,3.5484117894736835,14.0,,,,4.84102493983811,,7.07
667297,Tommy Nance,,14.0,4.5,,2.77,,2.763,1.73,1.74,0.314,,,0.209,0.03,0.104,,,,,,19178,,,0.3142857142857143,2.7632408500000007,14.0,,,,2.7695963684095384,,4.5
656546,Jeff Hoffman,,14.0,7.07,,2.34,,3.331,4.73,3.74,0.548,,,0.167,0.042,0.19,,,,,,17432,,,0.5483870967741935,3.331213514285715,14.0,,,,2.34102493983811,,7.07
687570,Connor Prielipp,,14.0,3.86,3.86,4.03,,3.041,-0.17,0.82,0.182,0.652,0.167,0.227,0.057,0.105,,,,,,,,,0.18181818181818182,3.0410471071428566,14.0,14.0,6.0,4.025804676753783,3.983882082695253,0.6521739130434783,3.86
641755,Tyler Kinley,,14.0,1.93,,2.48,,1.751,-0.55,0.18,0.25,,,0.127,0.0,0.111,,,,,,18297,,,0.25,1.7511364827586213,14.0,,,,2.483882082695253,,1.93
687330,Kevin Kelly,,14.0,3.86,2.25,5.53,,5.483,-1.67,-1.62,0.111,1.0,0.5,0.261,0.058,0.098,,,,,,25679,,,0.17142857142857143,4.706748547169812,14.0,4.0,1.0,5.525804676753783,3.0553106541238244,1.0,3.86
607455,Anthony Banda,,13.7,11.85,,4.96,,4.157,6.89,7.69,0.333,,,0.224,0.047,0.105,,,,,,14706,,,0.3333333333333333,4.156823388059703,13.666666666666666,,,,4.959491838792814,,11.85
676263,Jack Dreyer,,13.7,5.27,0.0,1.53,,-2.544,3.74,7.81,0.0,1.0,0.0,0.235,0.044,0.12,,,,,,-1,,,0.28125,2.570906052631579,13.666666666666666,2.0,0.0,1.5258046767537827,2.7643698875733014,1.0,5.27
669084,Dl Hall,,13.7,4.61,4.26,3.03,,4.611,1.58,-0.0,0.133,0.5,0.0,0.239,0.06,0.104,,,,,,22207,,,0.25806451612903225,4.287500868852459,13.666666666666666,6.333333333333334,3.0,3.0258046767537827,4.081443058305009,0.5,4.61
663362,Matt Waldron,,13.7,8.56,8.56,6.25,,4.522,2.31,4.04,0.38,0.596,0.273,0.224,0.041,0.069,,,,,,25550,,,0.38,4.522003086956522,13.666666666666666,13.666666666666666,13.0,6.245316871875734,6.203394277817204,0.5963302752293578,8.56
667463,John King,,13.7,1.98,,3.35,,1.321,-1.37,0.66,0.034,,,0.137,0.039,0.101,,,,,,22051,,,0.034482758620689655,1.3208316400000002,13.666666666666666,,,,3.349735741231838,,1.98
670329,Rico Garcia,,13.7,0.66,0.0,0.03,,-0.461,0.63,1.12,0.0,,0.0,0.128,0.021,0.167,,,,,,20023,,,0.0,0.5235525869565221,13.666666666666666,2.0,0.0,0.02580467675378273,2.6180284241586675,,0.66
518876,Merrill Kelly,,13.7,9.22,9.22,8.88,,10.592,0.34,-1.37,0.34,0.65,0.294,0.325,0.156,0.113,,,,,,11156,,,0.3404255319148936,10.592313229729733,13.666666666666666,13.666666666666666,14.0,8.879463213339148,8.837540619280619,0.65,9.22
663992,Richard Lovelady,,13.7,4.61,2.25,4.28,,2.23,0.33,2.38,0.111,,0.333,0.203,0.027,0.093,,,,,,19337,,,0.3333333333333333,3.7691788387096774,13.666666666666666,4.0,1.0,4.275804676753783,3.2765650095245213,,4.61
663158,Robert Suarez,,13.7,1.32,,1.37,,1.189,-0.05,0.13,0.278,,,0.182,0.0,0.128,,,,,,30115,,,0.2777777777777778,1.188938788461539,13.666666666666666,,,,1.374125985134277,,1.32
668390,Cole Winn,,13.7,4.61,,4.81,,3.607,-0.2,1.0,0.257,,,0.198,0.025,0.151,,,,,,-1,,,0.2571428571428571,3.60695405,13.666666666666666,,,,4.8131503753781795,,4.61
687911,Bryan King,,13.7,7.24,13.5,5.03,,7.945,2.21,-0.7,0.25,0.25,,0.157,0.0,0.083,,,,,,-1,,,0.3333333333333333,3.3844213,13.666666666666666,2.0,3.0,5.025804676753783,2.6180284241586675,0.25,7.24
622554,Seranthony Domínguez,,13.7,5.93,,5.54,,5.588,0.39,0.34,0.172,,,0.2,0.057,0.108,,,,,,19249,,,0.1724137931034483,5.588446199999998,13.666666666666666,,,,5.54485769245135,,5.93
682254,Mason Montgomery,,13.3,2.7,,2.23,,3.182,0.47,-0.48,0.357,,,0.233,0.041,0.171,,,,,,-1,,,0.35714285714285715,3.1818014137931048,13.333333333333334,,,,2.233882082695253,,2.7
641745,Brad Keller,,13.3,5.4,,3.81,,2.111,1.59,3.29,0.242,,,0.205,0.027,0.108,,,,,,15734,,,0.24242424242424243,2.1107116000000006,13.333333333333334,,,,3.808882082695253,,5.4
656945,Tanner Scott,,13.3,2.7,,3.43,,3.898,-0.73,-1.2,0.188,,,0.222,0.048,0.176,,,,,,17586,,,0.1875,3.898061653061224,13.333333333333334,,,,3.433882082695253,,2.7
641941,Emilio Pagán,,13.3,5.4,,4.78,,4.167,0.62,1.23,0.256,,,0.347,0.056,0.113,,,,,,14771,,,0.2564102564102564,4.167439724137932,13.333333333333334,,,,4.783882082695253,,5.4
656638,Alex Lange,,13.3,7.42,2.25,0.78,,3.319,6.64,4.1,0.4,0.8,0.0,0.25,0.092,0.144,,,,,,19883,,,0.34375,5.091344031249999,13.333333333333334,4.0,1.0,0.7758046767537827,4.558882082695253,0.8,7.42
668984,Casey Legumina,,13.3,4.05,4.15,4.18,,8.07,-0.13,-4.02,0.357,0.75,0.0,0.286,0.06,0.076,,,,,,25921,,,0.37209302325581395,5.172364491803278,13.333333333333334,4.333333333333334,2.0,4.179650830599936,3.058882082695253,0.75,4.05
668674,Lucas Erceg,,13.3,4.05,,3.28,,3.578,0.77,0.47,0.286,,,0.193,0.024,0.074,,,,,,19360,,,0.2857142857142857,3.5775567586206884,13.333333333333334,,,,3.2838820826952526,,4.05
688158,David Morgan,,13.3,8.77,0.0,3.78,,2.058,4.99,6.71,0.111,1.0,0.0,0.202,0.012,0.129,,,,,,-1,,,0.40540540540540543,3.4919814999999987,13.333333333333334,4.0,0.0,3.7758046767537827,5.383882082695253,1.0,8.77
662253,Andrés Muñoz,,13.3,5.4,,3.13,,4.814,2.27,0.59,0.357,,,0.316,0.07,0.191,,,,,,20373,,,0.35714285714285715,4.813920684210526,13.333333333333334,,,,3.1338820826952527,,5.4
678022,Jack Perkins,,13.3,0.0,0.0,1.53,,3.176,-1.53,-3.18,0.263,1.0,0.0,0.257,0.027,0.168,,,,,,-1,,,0.3333333333333333,2.9663344,13.333333333333334,8.666666666666668,0.0,1.525804676753783,1.5588820826952527,1.0,2.7
572955,Pierce Johnson,,13.0,4.15,,3.91,,7.177,0.24,-3.03,0.351,,,0.258,0.091,0.085,,,,,,13435,,,0.35135135135135137,7.176849210526316,13.0,,,,3.906959005772176,,4.15
621112,Paul Blackburn,,13.0,6.43,6.43,2.45,,3.114,3.98,3.32,0.211,0.167,0.0,0.288,0.027,0.078,,,,,,14739,,,0.32558139534883723,3.640938196428571,13.0,7.0,5.0,2.4543761053252116,2.522343621156791,0.16666666666666666,5.54
663574,Tony Santillan,,13.0,2.08,,4.29,,3.264,-2.21,-1.18,0.207,,,0.214,0.036,0.086,,,,,,19926,,,0.20689655172413793,3.264446188679244,13.0,,,,4.29157439038756,,2.08
657612,Tim Hill,,13.0,0.69,,3.83,,2.206,-3.14,-1.52,0.135,,,0.349,0.016,0.056,,,,,,16814,,,0.13513513513513514,2.2062460000000006,13.0,,,,3.830035928849099,,0.69
663855,Jordan Hicks,,13.0,4.85,,4.06,,3.368,0.79,1.48,0.348,,,0.195,0.0,0.055,,,,,,19618,,,0.34782608695652173,3.3682564999999993,13.0,,,,4.060805159618329,,4.85
657424,Matt Gage,,13.0,2.08,,4.6,,3.852,-2.52,-1.77,0.171,,,0.164,0.03,0.089,,,,,,17381,,,0.17142857142857143,3.8519819245283022,13.0,,,,4.599266698079868,,2.08
623474,Jimmy Herget,,13.0,3.46,,2.52,,4.41,0.94,-0.95,0.324,,,0.24,0.08,0.138,,,,,,17556,,,0.3235294117647059,4.40953996226415,13.0,,,,2.522343621156791,,3.46
669622,Anthony Bender,,13.0,6.92,,2.6,,2.583,4.32,4.34,0.324,,,0.265,0.015,0.054,,,,,,19742,,,0.3235294117647059,2.583428249999999,13.0,,,,2.599266698079868,,6.92
660853,Enyel De los santos,,13.0,3.46,4.5,9.03,,-0.209,-5.57,3.67,0.2,1.0,0.333,0.218,0.026,0.138,,,,,,18403,,,0.3170731707317073,2.7779619473684214,13.0,2.0,1.0,9.025804676753783,3.2146513134644836,1.0,3.46
668873,Caleb Kilian,,13.0,1.38,0.0,1.03,,-1.784,0.35,3.16,0.111,1.0,0.0,0.245,0.019,0.124,,,,,,26213,,,0.14814814814814814,2.0862924705882353,13.0,4.0,0.0,1.0258046767537827,3.2915743903875603,1.0,1.38
670280,David Bednar,,12.7,6.39,,1.96,,2.402,4.43,3.99,0.39,,,0.184,0.0,0.112,,,,,,19569,,,0.3902439024390244,2.4021097049180336,12.666666666666666,,,,1.9575662932215685,,6.39
621381,Matt Strahm,,12.7,3.55,,4.48,,1.399,-0.93,2.15,0.25,,,0.274,0.014,0.097,,,,,,13799,,,0.25,1.3992339999999999,12.666666666666666,,,,4.483882082695253,,3.55
688883,Peyton Pallette,,12.7,3.55,1.5,2.86,,5.81,0.69,-2.26,0.167,1.0,0.5,0.258,0.045,0.119,,,,,,,,,0.25,5.136577600000001,12.666666666666666,6.0,1.0,2.859138010087116,4.08914524058999,1.0,3.55
641401,Connor Brogdon,,12.7,4.97,,4.64,,3.786,0.33,1.18,0.235,,,0.265,0.074,0.125,,,,,,21205,,,0.23529411764705882,3.786385499999999,12.666666666666666,,,,4.641776819537358,,4.97
596133,Luke Weaver,,12.7,7.11,,4.4,,4.377,2.71,2.73,0.222,,,0.194,0.069,0.115,,,,,,16918,,,0.2222222222222222,4.376559264150943,12.666666666666666,,,,4.4049347142742,,7.11
643410,Mark Leiter,,12.7,7.82,,4.01,,5.491,3.81,2.33,0.4,,,0.235,0.037,0.14,,,,,,15551,,,0.4,5.490503016129033,12.666666666666666,,,,4.010197872168937,,7.82
680767,Victor Vodnik,,12.7,7.11,4.5,6.03,,6.011,1.08,1.1,0.143,0.667,0.0,0.277,0.062,0.108,,,,,,24614,,,0.40476190476190477,4.795334571428572,12.666666666666666,2.0,1.0,6.025804676753783,5.194408398484727,0.6666666666666666,7.11
657514,Brennan Bernardino,,12.7,4.26,,2.83,,2.625,1.43,1.64,0.324,,,0.123,0.025,0.112,,,,,,16835,,,0.32432432432432434,2.6247292777777775,12.666666666666666,,,,2.8259873458531475,,4.26
681402,Gus Varland,,12.7,7.11,,2.51,,4.512,4.6,2.6,0.361,,,0.357,0.086,0.137,,,,,,24737,,,0.3611111111111111,4.511567799999998,12.666666666666666,,,,2.510197872168937,,7.11
663947,Tyler Holton,,12.7,6.39,0.0,1.03,,-0.444,5.36,6.83,0.0,,,0.338,0.039,0.074,,,,,,26231,,,0.35714285714285715,5.933556225806452,12.666666666666666,2.0,0.0,1.0258046767537827,5.747039977432095,,6.39
657044,Ryan Thompson,,12.3,4.38,,5.42,,4.172,-1.04,0.21,0.194,,,0.217,0.05,0.081,,,,,,16647,,,0.19444444444444445,4.172130538461538,12.333333333333334,,,,5.416314515127685,,4.38
676254,Ryan Walker,,12.3,4.38,,2.9,,2.765,1.48,1.62,0.333,,,0.243,0.029,0.065,,,,,,20423,,,0.3333333333333333,2.764725732142856,12.333333333333334,,,,2.9028010016141716,,4.38
621383,Tanner Banks,,12.3,7.3,,3.31,,4.693,3.99,2.61,0.5,,,0.147,0.011,0.106,,,,,,16990,,,0.5,4.692668,12.333333333333334,,,,3.308206407019577,,7.3
681892,Kody Funderburk,,12.3,2.19,,5.66,,5.927,-3.47,-3.74,0.194,,,0.239,0.028,0.047,,,,,,24993,,,0.19444444444444445,5.92670152631579,12.333333333333334,,,,5.659557758370928,,2.19
694361,Will Klein,,12.3,3.65,2.25,0.53,,2.904,3.12,0.75,0.417,0.8,0.0,0.181,0.014,0.078,,,,,,-1,,,0.3888888888888889,1.6649968,12.333333333333334,4.0,1.0,0.5258046767537827,1.037936136749307,0.8,3.65
641329,Bryan Baker,,12.3,2.92,,2.5,,0.892,0.42,2.03,0.258,,,0.127,0.016,0.174,,,,,,19804,,,0.25806451612903225,0.8915333469387758,12.333333333333334,,,,2.4973955962087664,,2.92
665622,Luis Medina,,12.3,1.42,1.42,5.55,,6.906,-4.13,-5.49,0.278,1.0,0.143,0.277,0.077,0.112,,,,,,21649,,,0.23529411764705882,5.38006,12.333333333333334,6.333333333333334,1.0,5.552120466227467,3.9568550556682256,1.0,1.46
656848,Michael Petersen,,12.3,3.65,0.0,2.03,,0.417,1.62,3.23,0.167,1.0,0.0,0.277,0.077,0.097,,,,,,-1,,,0.25,3.8458835294117644,12.333333333333334,2.0,0.0,2.0258046767537827,3.146044244857415,1.0,3.65
663738,Daniel Lynch,,12.3,3.65,0.0,0.03,,-1.454,3.62,5.1,0.25,1.0,0.0,0.204,0.061,0.167,,,,,,21537,,,0.14814814814814814,1.8335162978723392,12.333333333333334,2.0,0.0,0.02580467675378273,2.5784766772898475,1.0,3.65
656730,Trevor Megill,,12.3,5.84,,2.34,,4.417,3.5,1.42,0.312,,,0.27,0.048,0.151,,,,,,17722,,,0.3125,4.416667962264151,12.333333333333334,,,,2.335233434046604,,5.84
677961,Cole Wilcox,,12.3,6.57,4.5,0.78,,5.458,5.79,1.11,0.5,0.714,0.0,0.267,0.067,0.126,,,,,,-1,,,0.43243243243243246,6.685183599999999,12.333333333333334,4.0,2.0,0.7758046767537827,4.28117937999255,0.7142857142857143,6.57
669438,Mason Englert,,12.3,10.22,7.5,4.03,,5.993,6.19,4.23,0.381,0.526,0.111,0.407,0.093,0.109,,,,,,22288,,,0.35714285714285715,7.95676215,12.333333333333334,6.0,5.0,4.025804676753783,6.0649631637763335,0.5263157894736842,10.22
669711,Greg Weissert,,12.3,9.49,,5.17,,3.816,4.32,5.67,0.333,,,0.25,0.047,0.1,,,,,,20375,,,0.3333333333333333,3.8164327857142872,12.333333333333334,,,,5.173071271884442,,9.49
642100,Gabe Speier,,12.3,3.65,,3.31,,4.537,0.34,-0.89,0.361,,,0.187,0.053,0.116,,,,,,17170,,,0.3611111111111111,4.537303642857143,12.333333333333334,,,,3.308206407019577,,3.65
694918,Blade Tidwell,,12.0,2.57,2.57,2.17,,1.877,0.4,0.69,0.35,0.778,0.0,0.286,0.036,0.132,,,,,,-1,,,0.28125,3.199817404255319,12.0,7.0,2.0,2.1686618196109255,3.4005487493619193,0.7777777777777778,3.0
657097,Jacob Webb,,12.0,6.75,0.0,1.53,,-2.108,5.22,8.86,0.0,1.0,,0.338,0.054,0.133,,,,,,19274,,,0.38235294117647056,6.3342689830508485,12.0,2.0,0.0,1.5258046767537827,5.483882082695253,1.0,6.75
689254,Mason Fluharty,,12.0,3.75,,2.9,,1.371,0.85,2.38,0.345,,,0.169,0.042,0.153,,,,,,-1,,,0.3448275862068966,1.3714485555555558,12.0,,,,2.9005487493619193,,3.75
677053,Andrew Nardi,,12.0,6.75,,5.07,,5.762,1.68,0.99,0.345,,,0.279,0.059,0.14,,,,,,25942,,,0.3448275862068966,5.761812999999999,12.0,,,,5.067215416028587,,6.75
677955,Jaden Hill,,12.0,7.5,,3.9,,4.657,3.6,2.84,0.343,,,0.197,0.015,0.123,,,,,,-1,,,0.34285714285714286,4.657408101694914,12.0,,,,3.9005487493619193,,7.5
702275,JR Ritchie,,12.0,3.75,3.75,5.94,,4.74,-2.19,-0.99,0.226,0.909,0.3,0.317,0.05,0.075,,,,,,,,,0.22580645161290322,4.739887176470589,12.0,12.0,5.0,5.942471343420449,5.900548749361919,0.9090909090909091,3.75
682842,Abner Uribe,,12.0,3.0,,2.48,,2.936,0.52,0.06,0.281,,,0.241,0.034,0.074,,,,,,25327,,,0.28125,2.9360852799999995,12.0,,,,2.483882082695253,,3.0
676477,Garrett Whitlock,,12.0,3.75,,4.23,,5.093,-0.48,-1.34,0.258,,,0.148,0.049,0.11,,,,,,20191,,,0.25806451612903225,5.092844176470589,12.0,,,,4.233882082695253,,3.75
519141,Drew Pomeranz,,11.7,12.34,,6.93,,6.564,5.41,5.78,0.314,,,0.232,0.072,0.085,,,,,,11426,,,0.3142857142857143,6.563804736842105,11.666666666666666,,,,6.926739225552396,,12.34
548384,Brooks Raley,,11.7,3.86,,2.47,,3.068,1.39,0.79,0.2,,,0.204,0.061,0.097,,,,,,10061,,,0.2,3.067738266666667,11.666666666666666,,,,2.4695963684095386,,3.86
683232,Nick Mears,,11.7,4.63,,3.24,,5.554,1.39,-0.92,0.2,,,0.306,0.081,0.089,,,,,,25376,,,0.2,5.553821851063831,11.666666666666666,,,,3.24102493983811,,4.63
681911,Alex Vesia,,11.7,2.31,,1.96,,2.08,0.35,0.23,0.167,,,0.173,0.019,0.149,,,,,,25007,,,0.16666666666666666,2.080299066666666,11.666666666666666,,,,1.955310654123824,,2.31
689147,Orion Kerkering,,11.7,3.09,,4.36,,1.021,-1.27,2.07,0.242,,,0.1,0.029,0.082,,,,,,31776,,,0.24242424242424243,1.0210091176470586,11.666666666666666,,,,4.355310654123825,,3.09
672582,Angel Zerpa,,11.7,7.71,,5.38,,6.741,2.33,0.97,0.368,,,0.324,0.044,0.06,,,,,,22717,,,0.3684210526315789,6.7413322,11.666666666666666,,,,5.383882082695253,,7.71
676775,Keaton Winn,,11.7,1.54,4.5,6.03,,6.596,-4.49,-5.06,0.333,0.75,0.0,0.235,0.0,0.124,,,,,,23499,,,0.21428571428571427,-0.007449499999999887,11.666666666666666,2.0,1.0,6.025804676753783,1.8695963684095385,0.75,1.54
682995,Hunter Barco,,11.7,8.0,8.0,6.69,,5.665,1.31,2.34,0.286,0.574,0.286,0.268,0.042,0.056,,,,,,-1,,,0.2894736842105263,6.1386211,11.666666666666666,9.0,8.0,6.692471343420449,7.783882082695253,0.5737704918032788,7.71
669270,Joel Kuhnel,,11.7,2.31,,2.9,,4.635,-0.59,-2.32,0.27,,,0.321,0.0,0.109,,,,,,19995,,,0.2702702702702703,4.634851800000001,11.666666666666666,,,,2.898167796980967,,2.31
675660,Shane Drohan,,11.7,5.91,5.91,2.93,,3.832,2.98,2.08,0.324,0.588,0.0,0.239,0.028,0.103,,,,,,,,,0.3076923076923077,3.3710953396226415,11.666666666666666,10.666666666666666,7.0,2.9320546767537827,2.7267392255523957,0.5882352941176471,5.4
677161,Zack Kelly,,11.7,5.4,4.5,7.53,,6.027,-2.13,-0.63,0.0,,0.5,0.193,0.07,0.09,,,,,,20349,,,0.24242424242424243,5.252360760869564,11.666666666666666,2.0,1.0,7.525804676753783,2.898167796980967,,5.4
670167,John Schreiber,,11.7,6.17,,5.64,,4.959,0.53,1.21,0.25,,,0.27,0.027,0.041,,,,,,20020,,,0.25,4.959263038461538,11.666666666666666,,,,5.64102493983811,,6.17
683742,Jose Franco,,11.7,8.0,8.0,6.58,,6.075,1.42,1.93,0.333,0.606,0.286,0.2,0.057,0.08,,,,,,,,,0.36363636363636365,5.366561166666666,11.666666666666666,9.0,8.0,6.581360232309338,5.383882082695253,0.6060606060606061,6.17
663485,Cole Sands,,11.7,6.17,0.0,1.03,,-0.007,5.14,6.18,0.125,1.0,0.0,0.339,0.048,0.11,,,,,,21461,,,0.3125,4.153393239999998,11.666666666666666,4.0,0.0,1.0258046767537827,4.355310654123825,1.0,6.17
573009,Joe Mantiply,,11.7,4.63,,2.38,,3.313,2.25,1.32,0.407,,,0.322,0.051,0.099,,,,,,14857,,,0.4074074074074074,3.3126251799999986,11.666666666666666,,,,2.3838820826952527,,4.63
676684,Will Vest,,11.7,6.17,,3.41,,2.778,2.76,3.39,0.312,,,0.215,0.031,0.113,,,,,,19769,,,0.3125,2.7782784423076925,11.666666666666666,,,,3.4124535112666816,,6.17
681217,Chase Silseth,,11.3,10.32,,5.01,,4.428,5.31,5.89,0.281,,,0.226,0.032,0.153,,,,,,30074,,,0.28125,4.4282507777777775,11.333333333333334,,,,5.013293847401135,,10.32
518585,Fernando Cruz,,11.3,5.56,,4.57,,4.514,0.99,1.05,0.318,,,0.184,0.061,0.188,,,,,,7048,,,0.3181818181818182,4.514291924528301,11.333333333333334,,,,4.5721173768128995,,5.56
669062,Erik Miller,,11.3,5.56,,1.57,,1.106,3.99,4.45,0.32,,,0.196,0.02,0.115,,,,,,26252,,,0.32,1.1060093125,11.333333333333334,,,,1.5721173768129,,5.56
680730,Mitchell Parker,,11.3,3.6,3.6,3.53,,4.291,0.07,-0.69,0.31,0.729,0.2,0.361,0.033,0.179,,,,,,-1,,,0.3225806451612903,4.271246530612245,11.333333333333334,10.0,4.0,3.5258046767537827,3.6897644356364294,0.7291666666666667,3.18
702193,Andrew Morris,,11.0,3.24,3.24,3.03,,3.248,0.21,-0.01,0.407,0.849,0.1,0.2,0.012,0.11,,,,,,,,,0.40540540540540543,3.85308146153846,11.0,8.333333333333332,3.0,3.0258046767537827,3.1657002645134344,0.8490566037735849,4.91
623149,Paul Sewald,,11.0,4.09,,4.98,,3.888,-0.89,0.2,0.136,,,0.246,0.07,0.111,,,,,,13892,,,0.13636363636363635,3.8883146428571425,11.0,,,,4.983882082695253,,4.09
554430,Zack Wheeler,,11.0,2.45,2.45,1.84,,1.684,0.61,0.77,0.25,0.727,0.0,0.207,0.034,0.146,,,,,,10310,,,0.25,1.684118325581395,11.0,11.0,3.0,1.8439864949356009,1.802063900877071,0.7272727272727273,2.45
694851,Andrew Hoffmann,,11.0,2.84,2.84,3.97,,3.073,-1.13,-0.23,0.154,0.833,0.25,0.258,0.045,0.061,,,,,,-1,,,0.38235294117647056,4.789729152542374,11.0,6.333333333333334,2.0,3.973173097806414,6.802063900877071,0.8333333333333333,9.82
687606,Paxton Schultz,,11.0,3.18,3.18,5.85,,5.194,-2.67,-2.01,0.143,,0.25,0.263,0.07,0.088,,,,,,-1,,,0.30303030303030304,5.317058285714285,11.0,5.666666666666666,2.0,5.849334088518489,3.892972991786162,,3.27
666808,Camilo Doval,,11.0,7.36,,4.8,,2.87,2.56,4.49,0.259,,,0.333,0.037,0.136,,,,,,21992,,,0.25925925925925924,2.869834957446808,11.0,,,,4.802063900877071,,7.36
666374,Matt Brash,,11.0,0.82,,2.07,,3.624,-1.25,-2.8,0.115,,,0.3,0.05,0.107,,,,,,25756,,,0.11538461538461539,3.6238842368421063,11.0,,,,2.0747911736043436,,0.82
664991,Grant Wolfram,,11.0,4.09,,0.53,,2.224,3.56,1.87,0.483,,,0.213,0.016,0.122,,,,,,-1,,,0.4827586206896552,2.2243709411764696,11.0,,,,0.5293366281497982,,4.09
665152,Dean Kremer,,11.0,5.73,5.73,5.39,,4.028,0.34,1.7,0.19,0.0,0.364,0.24,0.08,0.142,,,,,,19350,,,0.19047619047619047,4.027549627906977,11.0,11.0,7.0,5.389441040390146,5.347518446331616,0.0,5.73
676534,Calvin Faucher,,11.0,8.18,,3.62,,5.596,4.56,2.58,0.296,,,0.312,0.062,0.102,,,,,,20116,,,0.2962962962962963,5.59638558490566,11.0,,,,3.620245719058889,,8.18
690925,Clayton Beeter,,10.7,4.22,,5.7,,4.806,-1.48,-0.59,0.115,,,0.296,0.056,0.081,,,,,,27494,,,0.11538461538461539,4.805966173913043,10.666666666666666,,,,5.702632082695253,,4.22
678368,Valente Bellozo,,10.7,5.23,5.23,8.25,,8.135,-3.02,-2.9,0.192,0.926,0.333,0.353,0.098,0.118,,,,,,-1,,,0.19230769230769232,8.869066125000002,10.666666666666666,10.333333333333332,6.0,8.251611128366687,9.265132082695253,0.9259259259259258,5.06
657756,Connor Seabold,,10.7,9.28,0.0,1.41,,0.693,7.87,8.59,0.273,1.0,0.0,0.151,0.027,0.11,,,,,,19695,,,0.3225806451612903,2.13467769387755,10.666666666666666,4.333333333333334,0.0,1.4104200613691675,4.765132082695253,1.0,9.28
573124,Taylor Rogers,,10.7,5.91,,3.36,,6.591,2.55,-0.68,0.368,,,0.194,0.042,0.069,,,,,,13449,,,0.3684210526315789,6.591460235294118,10.666666666666666,,,,3.358882082695253,,5.91
686613,Hunter Brown,,10.7,0.84,0.84,1.53,,0.564,-0.69,0.28,0.25,0.909,0.0,0.17,0.0,0.106,,,,,,25880,,,0.25,0.5643316279069763,10.666666666666666,10.666666666666668,1.0,1.525804676753783,1.4838820826952528,0.9090909090909091,0.84
664854,Ryan Helsley,,10.7,0.84,,1.86,,2.464,-1.02,-1.62,0.292,,,0.271,0.021,0.168,,,,,,18138,,,0.2916666666666667,2.4636060869565215,10.666666666666666,,,,1.8588820826952528,,0.84
542888,Shawn Armstrong,,10.7,1.69,,5.23,,4.779,-3.54,-3.09,0.25,,,0.286,0.054,0.09,,,,,,12857,,,0.25,4.779368723404255,10.666666666666666,,,,5.233882082695253,,1.69
681895,Evan Sisk,,10.7,3.38,0.0,3.03,,2.795,0.35,0.59,0.25,1.0,,0.241,0.0,0.101,,,,,,-1,,,0.38461538461538464,1.70580969387755,10.666666666666666,2.0,0.0,3.0258046767537827,1.9526320826952528,1.0,3.38
701719,Tyler Samaniego,,10.3,0.0,0.0,3.78,,2.849,-3.78,-2.85,0.214,1.0,0.0,0.244,0.022,0.054,,,,,,,,,0.25,3.9288399268292684,10.333333333333334,4.0,0.0,3.7758046767537827,2.887107889146866,1.0,0.0
682120,Tim Herrin,,10.3,3.48,,3.76,,2.168,-0.28,1.31,0.235,,,0.123,0.018,0.117,,,,,,25139,,,0.23529411764705882,2.1677029782608694,10.333333333333334,,,,3.7580756310823498,,3.48
683618,Edgardo Henriquez,,10.3,6.1,,4.63,,3.95,1.47,2.15,0.296,,,0.218,0.018,0.11,,,,,,-1,,,0.2962962962962963,3.950170717391304,10.333333333333334,,,,4.629043373017833,,6.1
621237,José Alvarado,,10.3,7.84,,2.5,,3.792,5.34,4.05,0.514,,,0.243,0.0,0.134,,,,,,17780,,,0.5142857142857142,3.792495421052631,10.333333333333334,,,,2.5000111149533173,,7.84
656234,Jake Bird,,10.3,7.84,,3.47,,3.551,4.37,4.29,0.355,,,0.292,0.062,0.097,,,,,,21267,,,0.3548387096774194,3.5510579565217384,10.333333333333334,,,,3.4677530504371883,,7.84
801139,Payton Tolle,,10.3,2.61,2.61,2.83,,0.496,-0.22,2.11,0.238,0.814,0.143,0.261,0.022,0.149,,,,,,-1,,,0.23809523809523808,0.4960985,10.333333333333334,10.333333333333332,3.0,2.8322562896570087,2.7903336955984788,0.813953488372093,2.61
642232,Ryan Yarbrough,,10.3,5.23,8.31,6.49,,2.483,-1.26,2.75,0.214,0.278,0.167,0.193,0.018,0.077,,,,,,16502,,,0.22580645161290322,2.111614456521739,10.333333333333334,4.333333333333334,4.0,6.487343138292244,4.145172405275898,0.2777777777777778,5.23
607481,Aaron Bummer,,10.3,8.71,,6.66,,5.917,2.05,2.79,0.219,,,0.348,0.072,0.09,,,,,,16258,,,0.21875,5.9169184375,10.333333333333334,,,,6.661301437533963,,8.71
621366,Ryan Borucki,,10.3,8.71,,4.92,,3.846,3.79,4.86,0.344,,,0.296,0.037,0.154,,,,,,16350,,,0.34375,3.8461624255319147,10.333333333333334,,,,4.919365953662995,,8.71
666974,Yennier Cano,,10.3,2.61,,2.4,,3.389,0.21,-0.78,0.16,,,0.364,0.068,0.139,,,,,,25911,,,0.16,3.388563842105264,10.333333333333334,,,,2.4032369214049303,,2.61
669212,Eli Morgan,,10.3,3.48,0.0,1.83,,1.009,1.65,2.47,0.167,1.0,0.0,0.288,0.019,0.09,,,,,,20203,,,0.21428571428571427,5.553655399999999,10.333333333333334,5.0,0.0,1.8258046767537828,5.500011114953317,1.0,3.48
615698,Cal Quantrill,,10.0,5.0,5.0,3.8,,5.493,1.2,-0.49,0.304,0.625,0.143,0.246,0.088,0.101,,,,,,19312,,,0.3076923076923077,5.2494361000000005,10.0,9.0,5.0,3.8035824545315604,3.683882082695253,0.625,4.5
800311,Didier Fuentes,,10.0,5.0,5.0,2.8,,3.579,2.2,1.42,0.333,0.625,0.111,0.189,0.057,0.132,,,,,,-1,,,0.3076923076923077,3.8078509767441857,10.0,9.0,5.0,2.8035824545315604,3.083882082695253,0.625,4.5
642207,Devin Williams,,9.7,7.45,,2.67,,4.012,4.78,3.44,0.56,,,0.182,0.055,0.167,,,,,,15816,,,0.56,4.011901119999999,9.666666666666666,,,,2.673537255109046,,7.45
679775,Kyle Backhus,,9.7,6.52,,3.91,,2.998,2.61,3.52,0.321,,,0.214,0.036,0.068,,,,,,-1,,,0.32142857142857145,2.9980588292682917,9.666666666666666,,,,3.914916565453874,,6.52
608371,Lucas Sims,,9.7,5.59,0.0,5.03,,5.806,0.56,-0.22,0.167,1.0,0.0,0.246,0.035,0.088,,,,,,13470,,,0.32,4.214928282608697,9.666666666666666,2.0,0.0,5.025804676753783,4.742502772350425,1.0,5.59
806960,Luis Morales,,9.3,12.54,12.54,12.67,,9.098,-0.13,3.44,0.4,0.667,0.556,0.288,0.076,0.052,,,,,,-1,,,0.4,9.098151999999999,9.333333333333334,9.333333333333332,13.0,12.668661819610927,12.626739225552395,0.6666666666666666,12.54
665660,Elvis Alvarado,,9.3,11.57,13.5,6.03,,8.519,5.54,3.05,0.429,0.4,0.0,0.296,0.13,0.143,,,,,,-1,,,0.37037037037037035,7.043066500000001,9.333333333333334,2.0,3.0,6.025804676753783,4.698167796980967,0.4,11.57
646241,Enmanuel De jesus,,9.3,10.61,9.0,1.03,,2.032,9.58,8.58,0.286,0.0,0.0,0.19,0.032,0.067,,,,,,18554,,,0.48484848484848486,5.486221000000001,9.333333333333334,3.0,3.0,1.0258046767537827,3.09102493983811,0.0,10.61
675989,Cody Bolton,,9.3,1.23,1.23,3.3,,1.642,-2.07,-0.41,0.333,1.0,0.25,0.275,0.02,0.069,,,,,,23265,,,0.3181818181818182,4.4476682499999995,9.333333333333334,7.333333333333333,1.0,3.2985319494810557,4.912453511266682,1.0,2.89
664299,Cristian Javier,,9.3,10.8,10.8,9.39,,6.682,1.41,4.12,0.308,0.556,0.182,0.232,0.071,0.091,,,,,,17606,,,0.3548387096774194,6.86165825,9.333333333333334,8.333333333333334,10.0,9.385804676753782,8.448167796980966,0.5555555555555556,10.61
686610,Ken Waldichuk,,9.3,5.68,5.68,9.5,,6.468,-3.82,-0.79,0.077,1.0,0.375,0.25,0.125,0.107,,,,,,27681,,,0.18181818181818182,6.6031125999999984,9.333333333333334,6.333333333333334,4.0,9.499488887280098,8.769596368409537,1.0,7.71
547973,Aroldis Chapman,,9.3,2.89,,1.91,,5.368,0.98,-2.48,0.273,,,0.31,0.119,0.167,,,,,,10233,,,0.2727272727272727,5.368049783783784,9.333333333333334,,,,1.9124535112666814,,2.89
664126,Pete Fairbanks,,9.0,8.0,,2.87,,3.092,5.13,4.91,0.364,,,0.28,0.08,0.112,,,,,,17998,,,0.36363636363636365,3.092190926829268,9.0,,,,2.8727709715841416,,8.0
650556,Bryan Abreu,,9.0,9.0,,10.21,,6.688,-1.21,2.31,0.389,,,0.294,0.059,0.121,,,,,,16609,,,0.3888888888888889,6.687923471698112,9.0,,,,10.206104304917474,,9.0
676467,Colton Gordon,,9.0,14.62,14.62,11.4,,7.163,3.22,7.46,0.52,0.395,0.667,0.234,0.052,0.077,,,,,,-1,,,0.5172413793103449,6.975186279999999,9.0,8.0,13.0,11.400804676753783,10.206104304917474,0.3947368421052631,13.0
573204,Caleb Thielbar,,8.7,4.15,,4.48,,1.817,-0.33,2.33,0.2,,,0.167,0.033,0.114,,,,,,10078,,,0.2,1.8171953783783792,8.666666666666666,,,,4.483882082695253,,4.15
837227,Tatsuya Imai,,8.7,4.32,4.32,2.43,,2.456,1.89,1.86,0.353,0.692,0.0,0.222,0.0,0.112,,,,,,,,,0.3684210526315789,4.031704,8.666666666666666,8.333333333333334,4.0,2.4258046767537826,4.137728236541407,0.6923076923076923,7.27
663767,Chase Shugart,,8.7,2.08,0.0,1.28,,1.061,0.8,1.02,0.333,1.0,0.0,0.231,0.026,0.076,,,,,,-1,,,0.30434782608695654,2.8616757027027013,8.666666666666666,4.0,0.0,1.2758046767537827,3.7915743903875603,1.0,2.08
628452,Raisel Iglesias,,8.7,0.0,,0.79,,-0.998,-0.79,1.0,0.263,,,0.205,0.0,0.217,,,,,,17130,,,0.2631578947368421,-0.997728645161291,8.666666666666666,,,,0.7915743903875603,,0.0
680742,Jonathan Bowlan,,8.3,7.56,,1.9,,2.488,5.66,5.07,0.407,,,0.185,0.019,0.121,,,,,,24607,,,0.4074074074074074,2.4880254615384607,8.333333333333334,,,,1.903882082695253,,7.56
702303,Riley Martin,,8.3,2.16,,3.22,,1.684,-1.06,0.48,0.235,,,0.268,0.024,0.093,,,,,,,,,0.23529411764705882,1.68385684375,8.333333333333334,,,,3.223882082695253,,2.16
595014,Blake Treinen,,8.3,4.32,,5.02,,6.607,-0.7,-2.29,0.36,,,0.26,0.1,0.116,,,,,,12572,,,0.36,6.606570153846153,8.333333333333334,,,,5.023882082695253,,4.32
663465,Kolby Allard,,8.3,12.27,12.27,5.62,,5.964,6.65,6.31,0.44,0.357,0.4,0.254,0.07,0.066,,,,,,18694,,,0.4666666666666667,6.186525,8.333333333333334,7.333333333333333,10.0,5.616713767662874,5.023882082695253,0.35714285714285715,12.96
472610,Luis García,,8.3,10.8,0.0,3.03,,3.646,7.77,7.15,0.143,1.0,0.0,0.292,0.015,0.121,,,,,,6984,,,0.43243243243243246,6.298650200000001,8.333333333333334,2.0,0.0,3.0258046767537827,3.4638820826952528,1.0,10.8
685801,Hunter Bigge,,8.0,5.62,,5.61,,4.818,0.01,0.8,0.091,,,0.278,0.056,0.092,,,,,,-1,,,0.09090909090909091,4.818252914285715,8.0,,,,5.608882082695253,,5.62
605447,Jordan Romano,,8.0,4.5,,4.23,,4.267,0.27,0.23,0.455,,,0.265,0.041,0.13,,,,,,16122,,,0.45454545454545453,4.267249714285715,8.0,,,,4.233882082695253,,4.5
670059,Colin Holderman,,8.0,2.25,2.25,2.28,,3.596,-0.03,-1.35,0.091,0.5,0.0,0.457,0.114,0.117,,,,,,22361,,,0.09523809523809523,3.739660799999998,8.0,4.0,1.0,2.2758046767537827,3.858882082695253,0.5,4.5
681343,Shane Smith,,8.0,11.37,11.37,6.03,,4.494,5.34,6.88,0.4,0.548,0.2,0.172,0.0,0.102,,,,,,-1,,,0.4230769230769231,4.728398897959185,8.0,6.333333333333333,8.0,6.025804676753783,5.608882082695253,0.547945205479452,13.5
543056,Danny Coulombe,,8.0,4.5,,4.86,,4.646,-0.36,-0.15,0.308,,,0.189,0.019,0.067,,,,,,13293,,,0.3076923076923077,4.646056583333333,8.0,,,,4.858882082695253,,4.5
679883,Luinder Avila,,8.0,9.0,9.0,4.6,,6.432,4.4,2.57,0.481,0.641,0.125,0.304,0.071,0.101,,,,,,-1,,,0.5,7.025992,8.0,7.0,7.0,4.597233248182354,3.858882082695253,0.6410256410256411,9.0
592094,Jason Adam,,8.0,2.25,,4.73,,1.343,-2.48,0.91,0.167,,,0.226,0.019,0.155,,,,,,11861,,,0.16666666666666666,1.3428626875000003,8.0,,,,4.733882082695253,,2.25
669093,Jeremiah Estrada,,8.0,3.38,,2.11,,4.887,1.27,-1.51,0.312,,,0.235,0.088,0.145,,,,,,22210,,,0.3125,4.886820000000001,8.0,,,,2.108882082695253,,3.38
676395,Robert Garcia,,8.0,3.38,,4.11,,4.487,-0.73,-1.11,0.238,,,0.2,0.0,0.111,,,,,,23363,,,0.23809523809523808,4.48749638235294,8.0,,,,4.108882082695253,,3.38
606303,Joel Payamps,,7.7,5.87,,5.59,,5.921,0.28,-0.05,0.333,,,0.224,0.082,0.106,,,,,,14332,,,0.3333333333333333,5.920778749999998,7.666666666666667,,,,5.592577734869166,,5.87
681252,Jack Anderson,,7.7,3.52,3.52,3.94,,5.746,-0.42,-2.23,0.304,0.789,0.125,0.24,0.06,0.095,,,,,,,,,0.30434782608695654,5.746369281249999,7.666666666666667,7.666666666666666,3.0,3.9388481550146524,3.8969255609561224,0.7894736842105263,3.52
815083,Mitch Farris,,7.7,3.37,3.37,5.28,,4.505,-1.91,-1.14,0.286,0.893,0.5,0.163,0.02,0.123,,,,,,-1,,,0.3181818181818182,4.632274,7.666666666666667,5.333333333333334,2.0,5.275804676753783,4.679534256608296,0.8928571428571429,4.7
685005,Christian Roa,,7.7,8.22,7.71,3.88,,6.519,4.34,1.7,0.444,0.667,,0.298,0.035,0.084,,,,,,-1,,,0.34615384615384615,7.214813186046513,7.666666666666667,2.3333333333333335,2.0,3.88294753389664,7.027360343564818,0.6666666666666666,8.22
671382,Cameron Foster,,7.7,2.25,2.25,3.03,,2.06,-0.78,0.19,0.462,0.875,0.0,0.13,0.0,0.136,,,,,,,,,0.5,2.6357749230769225,7.666666666666667,4.0,1.0,3.0258046767537827,2.983882082695253,0.875,7.04
572143,Burch Smith,,7.3,3.0,3.0,0.69,,2.768,2.31,0.23,0.462,0.75,0.0,0.235,0.029,0.122,,,,,,12784,,,0.4375,3.2066778709677433,7.333333333333333,6.0,2.0,0.6924713434204492,1.21115480996798,0.75,2.45
445276,Kenley Jansen,,7.3,3.68,,7.48,,5.213,-3.8,-1.53,0.278,,,0.178,0.067,0.128,,,,,,3096,,,0.2777777777777778,5.213436205882353,7.333333333333333,,,,7.483882082695253,,3.68
693312,Kyle Nicolas,,7.3,12.27,4.5,7.53,,4.375,4.74,7.89,0.143,0.75,0.0,0.225,0.025,0.051,,,,,,27775,,,0.3333333333333333,7.185443642857144,7.333333333333333,2.0,1.0,7.525804676753783,8.165700264513434,0.75,12.27
690990,Cade Horton,,7.3,2.84,2.84,4.29,,2.802,-1.45,0.04,0.188,0.769,1.0,0.267,0.033,0.098,,,,,,-1,,,0.15789473684210525,2.4341855384615374,7.333333333333333,6.333333333333333,2.0,4.288962571490625,4.483882082695253,0.7692307692307692,2.45
701552,Andre Granillo,,7.3,2.25,2.25,5.53,,5.334,-3.28,-3.08,0.167,0.833,0.0,0.288,0.058,0.024,,,,,,-1,,,0.3076923076923077,6.398175153846153,7.333333333333333,4.0,1.0,5.525804676753783,7.21115480996798,0.8333333333333334,7.36
647315,Zach Pop,,7.3,4.91,4.5,2.03,,8.613,2.88,-3.7,0.375,0.667,0.0,0.316,0.026,0.054,,,,,,20185,,,0.23809523809523808,3.9577057096774197,7.333333333333333,2.0,1.0,2.0258046767537827,2.983882082695253,0.6666666666666666,4.91
669371,Cole Henry,,7.0,9.0,0.0,1.03,,0.139,7.97,8.86,0.2,1.0,0.0,0.196,0.022,0.101,,,,,,-1,,,0.35,4.456401314285714,7.0,2.0,0.0,1.0258046767537827,5.126739225552395,1.0,9.0
669165,Kyle Hurt,,7.0,2.57,,0.84,,-0.642,1.73,3.21,0.2,,,0.125,0.0,0.213,,,,,,27514,,,0.2,-0.6416163200000007,7.0,,,,0.84102493983811,,2.57
