name,mlbam_id,april_pa,actual_hr,actual_r,actual_rbi,actual_avg,actual_ros_woba,naive_hr,naive_r,naive_rbi,naive_avg,naive_woba,rtm_hr,rtm_r,rtm_rbi,rtm_avg,rtm_woba,model_hr,model_r,model_rbi,model_avg,model_woba,signal_hr,signal_avg,signal_woba,steamer_hr,steamer_r,steamer_rbi,steamer_avg,steamer_woba,zips_hr,zips_r,zips_rbi,zips_avg,zips_woba
Aaron Judge,592450,140.0,53.0,137.0,114.0,0.331,0.43369905956112853,39.6,104.39999999999999,99.6,0.4,0.535357142857143,28.799999999999997,86.39999999999999,81.6,0.34,0.42667857142857146,28.799999999999997,85.2,80.39999999999999,0.32,0.46473,28.799999999999997,0.32,0.4275516,44.233001708984375,107.0553970336914,103.74449920654297,0.27579732961052117,0.4117942916035936,46.0,103.0,122.0,0.2804642166344294,0.4196464651267245
Shohei Ohtani,660271,125.0,55.0,146.0,102.0,0.282,0.4076601671309193,26.4,75.6,68.39999999999999,0.28,0.3924,22.8,69.6,63.599999999999994,0.264,0.3552,24.0,79.2,72.0,0.302,0.40899,24.48,0.302,0.42534960000000005,42.17380142211914,119.22799682617188,101.1675033569336,0.2796417147309067,0.39355650310445606,45.0,126.0,138.0,0.2901023890784983,0.40705542103282694
Juan Soto,665742,137.0,43.0,120.0,105.0,0.263,0.4004504504504504,12.0,61.199999999999996,48.0,0.245,0.3521897810218978,14.399999999999999,62.4,52.8,0.247,0.3350948905109489,15.6,68.39999999999999,58.8,0.27,0.37283,16.38,0.27,0.4026564,32.37160110473633,104.77429962158203,88.7925033569336,0.28341893660329126,0.41118813207245214,33.0,108.0,100.0,0.27586206896551724,0.4053689225054369
Cal Raleigh,663728,135.0,60.0,110.0,125.0,0.247,0.41153846153846163,40.8,76.8,75.6,0.235,0.3844444444444444,30.0,70.8,67.2,0.241,0.3512222222222222,22.8,64.8,60.0,0.234,0.34259,22.8,0.234,0.34259,28.227100372314453,67.28589630126953,77.06210327148438,0.22427206882945677,0.3221081270207075,28.0,63.0,80.0,0.22795698924731184,0.3274974450040001
Kyle Schwarber,656941,134.0,56.0,111.0,132.0,0.24,0.40257879656160456,37.199999999999996,79.2,72.0,0.248,0.4044776119402984,27.599999999999998,70.8,64.8,0.248,0.36123880597014923,19.2,64.8,56.4,0.238,0.37585,19.2,0.238,0.37585,37.75199890136719,98.32559967041016,81.86589813232422,0.22796890258436855,0.3560927890148108,36.0,93.0,95.0,0.22037037037037038,0.3471216087772096
Geraldo Perdomo,672695,135.0,20.0,98.0,100.0,0.29,0.3545058139534884,15.6,67.2,55.199999999999996,0.269,0.3559259259259259,16.8,64.8,56.4,0.259,0.33696296296296296,12.0,60.0,50.4,0.241,0.31363,12.0,0.241,0.31363,6.881800174713135,55.78010177612305,44.517398834228516,0.25440369311260186,0.31468247526848586,7.0,70.0,44.0,0.24813895781637718,0.314092184341005
Francisco Lindor,596019,137.0,31.0,117.0,86.0,0.267,0.2989942528735632,24.0,78.0,75.6,0.311,0.3886861313868613,21.599999999999998,70.8,67.2,0.279,0.35334306569343066,15.6,66.0,60.0,0.269,0.35269,15.6,0.269,0.3385824,26.47879981994629,94.97859954833984,77.4906997680664,0.2582898357105047,0.3418518622319568,26.0,97.0,91.0,0.25989672977624784,0.3430091829700324
Corbin Carroll,682998,142.0,31.0,107.0,84.0,0.259,0.34577205882352946,34.8,80.39999999999999,81.6,0.289,0.41056338028169015,26.4,72.0,69.6,0.269,0.3642816901408451,21.599999999999998,69.6,66.0,0.269,0.36989,21.599999999999998,0.269,0.36989,25.351200103759766,102.45989990234375,79.09860229492188,0.2642128540333363,0.3577029168076567,22.0,109.0,87.0,0.26017699115044246,0.34902407839272453
Pete Alonso,624413,137.0,38.0,87.0,126.0,0.272,0.31636636636636634,28.799999999999997,87.6,79.2,0.343,0.4733576642335767,22.8,75.6,68.39999999999999,0.295,0.39567883211678834,24.0,72.0,66.0,0.267,0.40326,24.0,0.267,0.37099920000000003,34.99610137939453,84.90879821777344,95.79550170898438,0.2389017319792839,0.3449349658095549,32.0,81.0,100.0,0.24187725631768953,0.3428263368102654
Fernando Tatis Jr.,665487,127.0,25.0,111.0,71.0,0.268,0.3376453488372093,34.8,93.6,91.2,0.358,0.4570866141732284,26.4,79.2,74.39999999999999,0.303,0.3875433070866142,24.0,73.2,69.6,0.279,0.37981,24.0,0.279,0.3494252,33.20880126953125,91.11160278320312,86.9363021850586,0.2792240192452425,0.3748403070958383,29.0,83.0,82.0,0.27505330490405117,0.37175393766827053
George Springer,543807,102.0,32.0,106.0,84.0,0.309,0.39133986928104575,10.799999999999999,69.6,56.4,0.306,0.3887254901960785,14.399999999999999,67.2,57.599999999999994,0.277,0.3533627450980392,18.0,66.0,58.8,0.254,0.33377,18.0,0.254,0.3070684,20.16830062866211,68.54840087890625,63.50339889526367,0.2453311169738726,0.32121251063018746,17.0,71.0,61.0,0.24081632653061225,0.31586658243244853
Rafael Devers,646240,149.0,35.0,99.0,109.0,0.252,0.36885714285714294,18.0,62.4,51.6,0.229,0.348993288590604,18.0,62.4,55.199999999999996,0.238,0.333496644295302,24.0,75.6,69.6,0.285,0.37407,25.200000000000003,0.285,0.40399560000000007,29.163400650024414,87.53839874267578,86.69840240478516,0.27052455615972815,0.3604144650495365,29.0,87.0,95.0,0.26678765880217786,0.35633626721228123
Junior Caminero,691406,120.0,45.0,93.0,110.0,0.264,0.34968750000000004,27.599999999999998,70.8,70.8,0.264,0.3625,22.8,67.2,64.8,0.256,0.34025,18.0,63.599999999999994,60.0,0.248,0.31378,18.0,0.248,0.31378,23.866199493408203,64.29679870605469,77.22209930419922,0.2679925783834234,0.3392862312305996,21.0,58.0,72.0,0.2570806100217865,0.32225118145255965
Elly De La Cruz,682829,135.0,22.0,102.0,86.0,0.264,0.3789705882352941,20.4,70.8,66.0,0.281,0.3474074074074074,19.2,66.0,61.199999999999996,0.264,0.3327037037037037,18.0,64.8,58.8,0.252,0.32992,18.0,0.252,0.30352640000000003,24.85219955444336,88.40689849853516,83.3270034790039,0.25456994219741075,0.3403168449000426,26.0,105.0,90.0,0.26666666666666666,0.3534369298127981
Cody Bellinger,641355,115.0,29.0,89.0,98.0,0.272,0.39424920127795526,14.399999999999999,52.8,45.6,0.204,0.2843478260869565,15.6,57.599999999999994,51.6,0.226,0.3011739130434783,14.399999999999999,63.599999999999994,55.199999999999996,0.255,0.30566,15.12,0.255,0.3301128,22.591100692749023,68.67230224609375,75.81620025634766,0.25644813807453753,0.3276133616500649,20.0,79.0,82.0,0.266,0.32878607641095703
Vladimir Guerrero Jr.,665489,130.0,23.0,96.0,84.0,0.292,0.4020114942528736,12.0,63.599999999999994,54.0,0.268,0.3523076923076923,15.6,63.599999999999994,56.4,0.258,0.33515384615384614,20.4,74.39999999999999,67.2,0.292,0.3726,21.419999999999998,0.292,0.402408,32.601200103759766,97.2323989868164,97.10449981689453,0.29907639959630766,0.3865171291287664,29.0,91.0,97.0,0.2906574394463668,0.37244494918314813
Matt Olson,621566,131.0,29.0,98.0,95.0,0.272,0.3626420454545455,16.8,62.4,50.4,0.234,0.3469465648854962,16.8,62.4,54.0,0.241,0.3324732824427481,21.599999999999998,70.8,63.599999999999994,0.268,0.38045,22.68,0.268,0.41088600000000003,32.030799865722656,86.56390380859375,94.50430297851562,0.2519811143707824,0.3552581041441622,31.0,84.0,100.0,0.2491103202846975,0.3496740982284071
Pete Crow-Armstrong,691718,123.0,31.0,91.0,95.0,0.247,0.3725552050473186,26.4,75.6,75.6,0.292,0.38536585365853665,22.8,69.6,67.2,0.27,0.3516829268292683,19.2,61.199999999999996,57.599999999999994,0.234,0.307,19.2,0.234,0.29472,13.439800262451172,52.04819869995117,53.847999572753906,0.24273838555838728,0.30283292137020656,16.0,79.0,72.0,0.2525458248472505,0.3129379212968967
Josh Naylor,647304,125.0,20.0,81.0,92.0,0.295,0.3333892617449664,18.0,76.8,68.39999999999999,0.321,0.39280000000000004,18.0,69.6,63.599999999999994,0.285,0.35540000000000005,14.399999999999999,66.0,58.8,0.27,0.3452,14.399999999999999,0.27,0.331392,21.214099884033203,69.7593002319336,79.11409759521484,0.26935037883270896,0.339613939415747,21.0,63.0,95.0,0.26717557251908397,0.33540662968980856
Trea Turner,607208,126.0,15.0,94.0,69.0,0.304,0.35774647887323946,3.5999999999999996,60.0,49.199999999999996,0.284,0.33452380952380956,10.799999999999999,61.199999999999996,52.8,0.266,0.32626190476190475,12.0,64.8,57.599999999999994,0.276,0.31873,12.0,0.276,0.31873,19.452999114990234,79.10320281982422,69.72859954833984,0.27841230808586226,0.3356599160586945,21.0,89.0,75.0,0.28363636363636363,0.34180149836028184
Kyle Tucker,663656,136.0,22.0,91.0,73.0,0.266,0.37782874617737006,28.799999999999997,79.2,72.0,0.289,0.4113970588235294,22.8,70.8,64.8,0.269,0.3646985294117647,21.599999999999998,73.2,67.2,0.284,0.38653,21.599999999999998,0.284,0.38653,26.353500366210938,79.90390014648438,83.60659790039062,0.27540480704115644,0.36948697903169125,23.0,71.0,75.0,0.2621145374449339,0.35554334315760383
Manny Machado,592518,122.0,27.0,91.0,95.0,0.275,0.3958092485549133,8.4,62.4,54.0,0.279,0.3303278688524591,13.2,62.4,55.199999999999996,0.264,0.32416393442622954,19.2,70.8,66.0,0.283,0.3641,19.584,0.283,0.378664,27.970399856567383,76.18000030517578,89.14340209960938,0.26718671506811115,0.34216329875783474,25.0,74.0,92.0,0.26268115942028986,0.3297567238410314
Vinnie Pasquantino,686469,125.0,32.0,72.0,113.0,0.264,0.3773413897280967,18.0,49.199999999999996,46.8,0.179,0.25160000000000005,18.0,56.4,52.8,0.213,0.28480000000000005,14.399999999999999,63.599999999999994,57.599999999999994,0.258,0.30668,15.12,0.258,0.3312144,22.830799102783203,73.27120208740234,79.4645004272461,0.271668513652786,0.35354446068613676,22.0,60.0,79.0,0.26371308016877637,0.344854891524701
Brent Rooker,667670,134.0,30.0,92.0,89.0,0.262,0.3770893371757925,33.6,74.39999999999999,75.6,0.258,0.35111940298507466,25.2,68.39999999999999,66.0,0.253,0.33455970149253733,20.4,69.6,66.0,0.273,0.36969,20.808,0.273,0.38447760000000003,34.073299407958984,85.34239959716797,87.0238037109375,0.2490394979213121,0.35083883977045666,37.0,76.0,101.0,0.27011494252873564,0.374503538494825
Randy Arozarena,668227,131.0,27.0,95.0,76.0,0.238,0.3663235294117647,20.4,60.0,50.4,0.208,0.3427480916030535,19.2,61.199999999999996,54.0,0.228,0.33037404580152674,14.399999999999999,63.599999999999994,54.0,0.252,0.34246,14.399999999999999,0.252,0.34246,21.642099380493164,76.47859954833984,77.13860321044922,0.24091718111084517,0.32870989971911513,20.0,81.0,72.0,0.24723247232472326,0.33274092073440553
Maikel Garcia,672580,116.0,16.0,81.0,74.0,0.286,0.36748466257668716,9.6,63.599999999999994,55.199999999999996,0.282,0.328448275862069,13.2,62.4,55.199999999999996,0.265,0.3232241379310345,10.799999999999999,60.0,52.8,0.254,0.30805,10.799999999999999,0.254,0.30805,7.640699863433838,62.20199966430664,50.34429931640625,0.2636334926965543,0.30716156446913556,7.0,81.0,59.0,0.2564102564102564,0.29665586560964585
Jarren Duran,680776,149.0,16.0,86.0,84.0,0.256,0.3649408284023669,7.199999999999999,61.199999999999996,54.0,0.281,0.3395973154362416,12.0,61.199999999999996,55.199999999999996,0.265,0.3287986577181208,15.6,67.2,61.199999999999996,0.274,0.33395,15.6,0.274,0.33395,17.71109962463379,91.64710235595703,66.73310089111328,0.2646664687399647,0.3337015979012005,18.0,89.0,77.0,0.2620689655172414,0.33543063045486693
Byron Buxton,621439,117.0,35.0,97.0,83.0,0.264,0.42105263157894735,28.799999999999997,66.0,69.6,0.239,0.3162393162393162,22.8,64.8,62.4,0.243,0.31711965811965814,19.2,62.4,58.8,0.239,0.32863,19.2,0.239,0.32863,22.16830062866211,56.97420120239258,64.1874008178711,0.23892309671914866,0.33054283758076275,19.0,59.0,54.0,0.25073746312684364,0.3487018204870678
James Wood,695578,136.0,31.0,87.0,94.0,0.256,0.36347305389221557,37.199999999999996,78.0,74.39999999999999,0.252,0.3922794117647059,27.599999999999998,70.8,66.0,0.25,0.35513970588235294,21.599999999999998,72.0,64.8,0.274,0.36431,21.599999999999998,0.274,0.36431,18.451200485229492,66.20790100097656,66.73139953613281,0.263001357396647,0.34659138880018986,21.0,82.0,78.0,0.2644787644787645,0.35146212455970466
Brice Turang,668930,134.0,18.0,97.0,81.0,0.288,0.30390879478827365,12.0,73.2,66.0,0.328,0.3761194029850746,15.6,68.39999999999999,62.4,0.288,0.3470597014925373,14.399999999999999,61.199999999999996,55.199999999999996,0.245,0.3085,14.399999999999999,0.245,0.28382,9.609299659729004,61.15520095825195,51.69269943237305,0.2550507900677201,0.30708969788713536,9.0,70.0,56.0,0.2533081285444234,0.29803151825824414
Trevor Story,596115,132.0,25.0,91.0,96.0,0.263,0.3094059405940594,20.4,64.8,63.599999999999994,0.26,0.30757575757575756,19.2,63.599999999999994,61.199999999999996,0.254,0.3127878787878788,15.6,58.8,55.199999999999996,0.235,0.30695,15.6,0.235,0.294672,12.095000267028809,48.472599029541016,48.615699768066406,0.22464636850734737,0.2910011918577188,10.0,38.0,39.0,0.23344947735191637,0.3056840101251091
Christian Yelich,592885,130.0,29.0,88.0,103.0,0.264,0.3504934210526316,21.599999999999998,62.4,55.199999999999996,0.222,0.32346153846153847,19.2,62.4,56.4,0.235,0.32073076923076926,12.0,64.8,55.199999999999996,0.271,0.33618,12.600000000000001,0.271,0.3630744,13.658499717712402,63.20130157470703,50.4906005859375,0.2672722147106859,0.3451445360155551,16.0,73.0,59.0,0.2652582159624413,0.3462666259654004
Freddie Freeman,518692,81.0,24.0,81.0,90.0,0.295,0.35337423312883437,34.8,87.6,84.0,0.319,0.4450617283950617,25.2,74.39999999999999,69.6,0.28,0.38153086419753085,20.4,79.2,73.2,0.32,0.40753,20.4,0.32,0.3912288,23.695899963378906,90.97380065917969,89.41349792480469,0.28808189593036515,0.36745415831575795,22.0,92.0,87.0,0.2962962962962963,0.3730606324121307
Gunnar Henderson,683002,97.0,17.0,85.0,68.0,0.274,0.38358433734939756,16.8,57.599999999999994,55.199999999999996,0.228,0.2907216494845361,18.0,60.0,56.4,0.238,0.30436082474226805,16.8,66.0,61.199999999999996,0.265,0.34399,17.64,0.265,0.37150920000000004,31.480100631713867,94.94309997558594,85.67620086669922,0.27569466468870196,0.3758923847054845,28.0,106.0,97.0,0.2735191637630662,0.3665678309704797
Taylor Ward,621493,119.0,36.0,86.0,103.0,0.228,0.36536231884057974,27.599999999999998,57.599999999999994,58.8,0.191,0.2798319327731093,22.8,60.0,58.8,0.219,0.29891596638655465,18.0,64.8,60.0,0.256,0.31949,18.900000000000002,0.256,0.3450492,22.167600631713867,80.72589874267578,67.79409790039062,0.2512759035487644,0.3313613251283733,20.0,69.0,69.0,0.249500998003992,0.3291072238973895
Mookie Betts,605141,125.0,20.0,95.0,82.0,0.258,0.2990353697749196,18.0,63.599999999999994,56.4,0.25,0.3276,18.0,63.599999999999994,57.599999999999994,0.249,0.3228,12.0,67.2,57.599999999999994,0.282,0.354,12.600000000000001,0.282,0.38232,27.778499603271484,102.0552978515625,83.77020263671875,0.27924612258639314,0.372275797953016,24.0,94.0,86.0,0.282,0.37545084227419634
Nico Hoerner,663538,115.0,7.0,89.0,61.0,0.297,0.33031746031746034,0.0,61.199999999999996,50.4,0.304,0.33608695652173914,8.4,61.199999999999996,54.0,0.276,0.32704347826086955,8.4,61.199999999999996,54.0,0.271,0.30512,8.4,0.271,0.30512,7.711299896240234,60.28160095214844,50.414100646972656,0.2781654621629793,0.3190734306291025,9.0,79.0,59.0,0.2753108348134991,0.316409729324378
Bo Bichette,666182,138.0,18.0,78.0,94.0,0.311,0.35790229885057473,0.0,58.8,50.4,0.297,0.3105072463768116,8.4,60.0,54.0,0.272,0.3142536231884058,14.399999999999999,67.2,62.4,0.283,0.34024,15.12,0.283,0.3674592,18.9414005279541,78.47090148925781,67.1365966796875,0.28041088741843656,0.33347544538277174,17.0,71.0,71.0,0.28599221789883267,0.3341818488661044
C.J. Abrams,682928,77.0,19.0,92.0,60.0,0.257,0.35583090379008747,28.799999999999997,74.39999999999999,76.8,0.282,0.3616883116883117,22.8,68.39999999999999,66.0,0.263,0.33984415584415584,16.8,63.599999999999994,58.8,0.249,0.31726,16.8,0.249,0.31726,19.385400772094727,80.07749938964844,61.31760025024414,0.25627484783165666,0.3237951991942606,18.0,81.0,69.0,0.2564575645756458,0.3198597696987358
Seiya Suzuki,673548,112.0,32.0,75.0,103.0,0.245,0.3387240356083086,34.8,85.2,84.0,0.313,0.4258928571428572,26.4,74.39999999999999,70.8,0.281,0.37194642857142857,21.599999999999998,73.2,68.39999999999999,0.284,0.36677,21.599999999999998,0.284,0.3374284,18.523399353027344,68.34970092773438,63.1442985534668,0.2561789064361792,0.3371963629663543,21.0,72.0,72.0,0.2668024439918534,0.3495745471942382
Michael Busch,683737,107.0,34.0,78.0,90.0,0.261,0.38405797101449274,25.2,75.6,70.8,0.293,0.40794392523364487,21.599999999999998,69.6,64.8,0.271,0.3629719626168224,15.6,62.4,55.199999999999996,0.245,0.3348,15.6,0.245,0.308016,16.558000564575195,55.40800094604492,58.197601318359375,0.23533547435661786,0.3215643325091256,22.0,81.0,74.0,0.24803149606299213,0.3362862676072698
Willy Adames,642715,137.0,30.0,94.0,87.0,0.225,0.3524767801857585,7.199999999999999,49.199999999999996,39.6,0.208,0.2762773722627737,13.2,56.4,49.199999999999996,0.228,0.29713868613138683,14.399999999999999,60.0,52.8,0.235,0.31227,14.687999999999999,0.235,0.3247608,23.55579948425293,79.16000366210938,76.12969970703125,0.24033960199331342,0.32500340463826,24.0,79.0,83.0,0.2504378283712785,0.3301156517849238
Ketel Marte,606466,32.0,28.0,87.0,72.0,0.283,0.39917763157894737,0.0,70.8,50.4,0.346,0.4171875,13.2,64.8,55.199999999999996,0.272,0.36759375,15.6,67.2,60.0,0.274,0.36544,15.6,0.274,0.36544,24.824499130249023,90.78389739990234,78.73699951171875,0.27929768192950893,0.36446660002772835,23.0,80.0,81.0,0.2714570858283433,0.35487025513640574
Riley Greene,682985,126.0,36.0,84.0,111.0,0.258,0.3804347826086957,26.4,69.6,69.6,0.261,0.32420634920634916,21.599999999999998,66.0,63.599999999999994,0.254,0.3211031746031746,16.8,64.8,60.0,0.261,0.3157,16.8,0.261,0.3157,21.575300216674805,81.23690032958984,72.6864013671875,0.26970375546560915,0.35037113932592523,20.0,77.0,71.0,0.26746506986027946,0.34783687496607285
Brandon Nimmo,607043,120.0,25.0,81.0,92.0,0.262,0.3616719242902208,27.599999999999998,62.4,62.4,0.216,0.28500000000000003,22.8,62.4,60.0,0.232,0.3015,19.2,66.0,62.4,0.257,0.33357,20.16,0.257,0.3602556,16.37540054321289,70.32949829101562,63.2672004699707,0.25305403281632355,0.3363999654573835,18.0,81.0,71.0,0.25,0.33522223917566446
Tyler Soderstrom,691016,129.0,25.0,75.0,93.0,0.276,0.3192675159235669,38.4,82.8,84.0,0.284,0.3856589147286822,28.799999999999997,73.2,70.8,0.266,0.3518294573643411,20.4,61.199999999999996,57.599999999999994,0.224,0.33323,20.4,0.224,0.31990080000000004,20.889699935913086,51.87779998779297,59.33359909057617,0.23504360140287195,0.31833362261481135,19.0,45.0,59.0,0.22409638554216868,0.29987692398740756
Steven Kwan,680757,130.0,11.0,81.0,56.0,0.272,0.3225460122699387,16.8,75.6,70.8,0.325,0.36730769230769234,16.8,68.39999999999999,63.599999999999994,0.286,0.3426538461538462,10.799999999999999,64.8,57.599999999999994,0.281,0.33036,10.799999999999999,0.281,0.33036,11.308600425720215,77.83290100097656,51.15019989013672,0.2852009826898782,0.3417756602558097,8.0,86.0,57.0,0.2846715328467153,0.3335073984749495
Jose Altuve,514888,127.0,26.0,80.0,77.0,0.265,0.36687499999999995,16.8,67.2,62.4,0.276,0.3240157480314961,18.0,64.8,60.0,0.262,0.32100787401574804,14.399999999999999,68.39999999999999,62.4,0.285,0.32367,14.399999999999999,0.285,0.32367,19.560100555419922,83.30660247802734,61.8380012512207,0.26915508206872657,0.33461717393434987,19.0,85.0,68.0,0.269449715370019,0.3342610245308106
Bryce Harper,547180,135.0,27.0,72.0,75.0,0.261,0.39545454545454545,20.4,66.0,54.0,0.234,0.3496296296296296,19.2,63.599999999999994,56.4,0.241,0.3338148148148148,18.0,73.2,63.599999999999994,0.289,0.37188,18.900000000000002,0.289,0.4016304,28.927799224853516,88.26219940185547,92.66790008544922,0.28076406966496814,0.37813052537305514,25.0,80.0,82.0,0.28482328482328484,0.37866513601448487
Nick Kurtz,701762,25.0,36.0,90.0,86.0,0.29,0.45513307984790874,0.0,48.0,44.4,0.25,0.21600000000000003,14.399999999999999,60.0,55.199999999999996,0.248,0.267,10.799999999999999,57.599999999999994,51.6,0.24,0.29128,10.799999999999999,0.24,0.29128,nan,nan,nan,nan,nan,11.0,54.0,41.0,0.25609756097560976,0.31064094440443213
Ian Happ,664023,142.0,23.0,87.0,79.0,0.243,0.3164406779661017,7.199999999999999,60.0,49.199999999999996,0.268,0.3422535211267605,13.2,62.4,54.0,0.258,0.33012676056338025,15.6,64.8,57.599999999999994,0.261,0.35137,15.6,0.261,0.35137,20.659000396728516,81.00599670410156,66.30719757080078,0.24462823071932985,0.33411338203095553,22.0,81.0,80.0,0.24954128440366974,0.34013029196235745
Jackson Chourio,694192,137.0,21.0,88.0,78.0,0.27,0.34328358208955223,24.0,69.6,72.0,0.277,0.3529197080291971,21.599999999999998,67.2,66.0,0.262,0.33545985401459855,16.8,64.8,62.4,0.265,0.31083,16.8,0.265,0.31083,27.1825008392334,90.92130279541016,78.55899810791016,0.27013468031797405,0.34173070468623873,19.0,82.0,85.0,0.2737030411449016,0.32963935725899185
William Contreras,661388,125.0,17.0,89.0,76.0,0.26,0.324685534591195,13.2,64.8,52.8,0.265,0.3456,15.6,63.599999999999994,55.199999999999996,0.256,0.3318,12.0,66.0,55.199999999999996,0.275,0.33006,12.0,0.275,0.33006,23.369600296020508,80.9032974243164,80.99720001220703,0.27492500289761534,0.3550863875405092,20.0,76.0,75.0,0.27125506072874495,0.3496390420903442
Andy Pages,681624,100.0,27.0,74.0,86.0,0.272,0.3318181818181818,33.6,81.6,82.8,0.297,0.38249999999999995,25.2,72.0,69.6,0.272,0.35024999999999995,14.399999999999999,61.199999999999996,55.199999999999996,0.247,0.30814,14.399999999999999,0.247,0.29581440000000003,7.803800106048584,24.91900062561035,25.5310001373291,0.24674494420454984,0.3261747151222594,22.0,74.0,75.0,0.24435318275154005,0.328407863230059
Spencer Torkelson,679529,131.0,31.0,82.0,78.0,0.24,0.3342622950819672,33.6,73.2,69.6,0.241,0.37709923664122136,26.4,68.39999999999999,64.8,0.244,0.3475496183206107,19.2,63.599999999999994,57.599999999999994,0.237,0.34355,19.2,0.237,0.34355,13.529600143432617,40.76570129394531,42.50210189819336,0.22234572023503113,0.31091886869006513,28.0,85.0,85.0,0.23157894736842105,0.32590256373823423
TJ Friedl,670770,134.0,14.0,82.0,53.0,0.261,0.3669724770642202,3.5999999999999996,58.8,49.199999999999996,0.277,0.31641791044776113,10.799999999999999,60.0,52.8,0.263,0.3172089552238806,9.6,58.8,50.4,0.248,0.30704,9.6,0.248,0.30704,16.20840072631836,66.15670013427734,52.356998443603516,0.2508443243832941,0.32711261265488356,12.0,53.0,56.0,0.24681933842239187,0.31771800678767514
Luis Arraez,650333,104.0,8.0,66.0,61.0,0.292,0.3216332378223496,15.6,69.6,66.0,0.298,0.3350961538461539,16.8,66.0,61.199999999999996,0.273,0.32654807692307697,8.4,68.39999999999999,61.199999999999996,0.31,0.31632,8.82,0.31,0.34162560000000003,8.869000434875488,77.60749816894531,54.14569854736328,0.3077721677174587,0.3340158005247657,7.0,77.0,61.0,0.30847457627118646,0.3272017795758642
Trent Grisham,663757,81.0,34.0,87.0,74.0,0.235,0.3568345323741007,55.199999999999996,96.0,102.0,0.296,0.4462962962962963,34.8,78.0,78.0,0.269,0.3821481481481481,18.0,56.4,51.6,0.205,0.3215,18.0,0.205,0.3215,8.545000076293945,28.69569969177246,26.72450065612793,0.21321087019800564,0.30814101765861196,17.0,52.0,53.0,0.21081081081081082,0.3158049985905674
Dansby Swanson,621020,127.0,24.0,84.0,77.0,0.244,0.32859424920127794,21.599999999999998,55.199999999999996,54.0,0.198,0.28976377952755905,20.4,60.0,56.4,0.223,0.3038818897637795,15.6,63.599999999999994,57.599999999999994,0.254,0.31705,16.38,0.254,0.342414,17.59980010986328,64.63729858398438,65.7593994140625,0.24447130382075624,0.3125649166311864,18.0,79.0,69.0,0.24723247232472326,0.31570828852067356
Hunter Goodman,696100,110.0,31.0,73.0,91.0,0.278,0.361913357400722,25.2,72.0,68.39999999999999,0.271,0.3695454545454545,21.599999999999998,67.2,63.599999999999994,0.259,0.34377272727272723,13.2,52.8,45.6,0.202,0.29149,13.2,0.202,0.29149,14.774299621582031,36.22850036621094,41.19409942626953,0.23904016985864177,0.32190556365477785,21.0,59.0,74.0,0.24299065420560748,0.32550324681484216
Ozzie Albies,645277,133.0,16.0,74.0,74.0,0.24,0.2981651376146789,16.8,60.0,55.199999999999996,0.238,0.2924812030075188,16.8,61.199999999999996,56.4,0.243,0.3052406015037594,12.0,61.199999999999996,54.0,0.255,0.30277,12.600000000000001,0.255,0.3269916,20.315799713134766,72.71829986572266,72.71009826660156,0.26711549177906463,0.33354657674350174,17.0,68.0,70.0,0.2574468085106383,0.32115179949697353
Gleyber Torres,650402,85.0,16.0,79.0,74.0,0.256,0.36945288753799393,19.2,68.39999999999999,63.599999999999994,0.273,0.32705882352941174,19.2,66.0,61.199999999999996,0.259,0.32252941176470584,15.6,66.0,60.0,0.266,0.33888,16.38,0.266,0.36599040000000005,16.691099166870117,69.3364028930664,67.42849731445312,0.2589069250943583,0.3236547560405001,18.0,77.0,64.0,0.2615658362989324,0.3276097614247844
Shea Langeliers,669127,113.0,31.0,73.0,72.0,0.277,0.3430622009569378,28.799999999999997,69.6,68.39999999999999,0.245,0.3398230088495575,24.0,66.0,63.599999999999994,0.247,0.3289115044247788,15.6,57.599999999999994,52.8,0.224,0.31785,15.6,0.224,0.31785,24.784299850463867,58.10609817504883,68.47100067138672,0.23132818669433786,0.3224759275205073,27.0,62.0,78.0,0.23779193205944799,0.3268864232059604
Heliot Ramos,671218,134.0,21.0,85.0,69.0,0.256,0.34206586826347307,16.8,62.4,57.599999999999994,0.25,0.32873134328358206,16.8,62.4,56.4,0.249,0.32336567164179103,18.0,64.8,60.0,0.254,0.32091,18.0,0.254,0.32091,18.515899658203125,58.13650131225586,62.34230041503906,0.24859501317010768,0.3207879721554456,20.0,70.0,77.0,0.25375939849624063,0.3209203664679879
Sal Frelick,686217,125.0,12.0,76.0,63.0,0.288,0.3302158273381295,3.5999999999999996,64.8,54.0,0.309,0.36599999999999994,10.799999999999999,63.599999999999994,55.199999999999996,0.279,0.34199999999999997,7.199999999999999,57.599999999999994,49.199999999999996,0.253,0.30274,7.199999999999999,0.253,0.2785208,5.6219000816345215,43.47800064086914,39.67319869995117,0.2640840447861539,0.31189934063429364,7.0,70.0,54.0,0.27346938775510204,0.31589513872810804
Salvador Perez,521692,123.0,30.0,54.0,100.0,0.236,0.3370915032679738,8.4,52.8,48.0,0.237,0.2967479674796748,13.2,57.599999999999994,52.8,0.242,0.3073739837398374,20.4,69.6,66.0,0.271,0.35261,21.419999999999998,0.271,0.3808188,23.420700073242188,65.59700012207031,78.79149627685547,0.260886707961331,0.3228400757162606,23.0,54.0,80.0,0.2583826429980276,0.3198644318711867
Jo Adell,666176,89.0,37.0,63.0,98.0,0.236,0.3693103448275862,12.0,46.8,44.4,0.19,0.24157303370786518,15.6,55.199999999999996,51.6,0.221,0.2797865168539326,15.6,56.4,51.6,0.217,0.29604,16.38,0.217,0.31972320000000004,21.11090087890625,54.12220001220703,59.01219940185547,0.22547793124687623,0.3120452926449367,22.0,57.0,69.0,0.22794117647058823,0.3175850084470481
Jung Hoo Lee,808982,128.0,8.0,73.0,55.0,0.266,0.2870065789473684,13.2,73.2,64.8,0.322,0.401171875,15.6,68.39999999999999,61.199999999999996,0.285,0.3595859375,10.799999999999999,63.599999999999994,55.199999999999996,0.271,0.31611,10.799999999999999,0.271,0.2908212,11.085100173950195,59.58829879760742,59.65530014038086,0.2954671769261909,0.3429952393872636,7.0,48.0,50.0,0.2787286063569682,0.32193014715494733
Jorge Polanco,593871,80.0,26.0,64.0,78.0,0.265,0.2833333333333334,62.4,116.39999999999999,127.19999999999999,0.389,0.51375,38.4,86.39999999999999,88.8,0.311,0.415875,22.8,67.2,64.8,0.25,0.366,22.8,0.25,0.366,15.84939956665039,49.28919982910156,50.42839813232422,0.221982328025692,0.30111862260314376,18.0,53.0,57.0,0.2318840579710145,0.3113906578770999
Wyatt Langford,694671,88.0,22.0,73.0,62.0,0.241,0.30847457627118646,38.4,86.39999999999999,85.2,0.299,0.409659090909091,27.599999999999998,73.2,70.8,0.272,0.3638295454545455,18.0,66.0,60.0,0.26,0.34076,18.0,0.26,0.3271296,18.295900344848633,67.28669738769531,68.38130187988281,0.2683020887292139,0.34451068898770304,22.0,85.0,88.0,0.2706766917293233,0.349929322983322
Ceddanne Rafaela,678882,104.0,16.0,84.0,63.0,0.249,0.3405923344947735,10.799999999999999,51.6,45.6,0.215,0.27692307692307694,14.399999999999999,57.599999999999994,51.6,0.232,0.29746153846153844,19.2,64.8,60.0,0.249,0.31038,20.16,0.249,0.3352104,10.961999893188477,43.77859878540039,43.654998779296875,0.2519772552492694,0.3018958340921056,16.0,77.0,77.0,0.25849056603773585,0.30910674092189455
Ben Rice,700250,111.0,26.0,74.0,65.0,0.255,0.3132034632034632,39.6,81.6,80.39999999999999,0.266,0.40990990990991,28.799999999999997,72.0,69.6,0.257,0.363954954954955,22.8,68.39999999999999,63.599999999999994,0.253,0.33567,22.8,0.253,0.33567,8.648900032043457,23.45800018310547,24.352399826049805,0.22681959470043347,0.32429808640767555,23.0,64.0,72.0,0.2285012285012285,0.33061164260929465
Lawrence Butler,671732,131.0,21.0,83.0,63.0,0.234,0.3094512195121951,20.4,66.0,60.0,0.254,0.33358778625954194,19.2,64.8,58.8,0.251,0.325793893129771,16.8,63.599999999999994,56.4,0.247,0.3077,16.8,0.247,0.295392,26.003599166870117,82.03890228271484,69.91719818115234,0.2579701293019279,0.3354123537754509,20.0,73.0,72.0,0.25100401606425704,0.3198334113420809
Bryson Stott,681082,115.0,13.0,66.0,66.0,0.257,0.26678966789667896,9.6,67.2,56.4,0.297,0.3573913043478262,13.2,64.8,56.4,0.273,0.33769565217391306,10.799999999999999,60.0,51.6,0.252,0.30215,10.799999999999999,0.252,0.277978,12.50100040435791,61.17789840698242,56.74660110473633,0.25942004137636776,0.31792438530735195,12.0,70.0,61.0,0.26129666011787817,0.3150897693340724
Willson Contreras,575929,131.0,20.0,70.0,80.0,0.257,0.37098360655737705,12.0,54.0,48.0,0.222,0.28587786259541986,15.6,58.8,54.0,0.235,0.30193893129770993,16.8,64.8,58.8,0.256,0.34253,17.136000000000003,0.256,0.3562312,20.236099243164062,65.9374008178711,60.976898193359375,0.24830345145983893,0.34570146591705797,15.0,50.0,51.0,0.2430939226519337,0.33878719651303585
Brandon Lowe,664040,114.0,31.0,79.0,83.0,0.256,0.397165991902834,19.2,56.4,55.199999999999996,0.217,0.2649122807017544,19.2,60.0,57.599999999999994,0.232,0.2914561403508772,16.8,61.199999999999996,56.4,0.239,0.33185,17.64,0.239,0.358398,24.131900787353516,63.98780059814453,68.9124984741211,0.2405024499949726,0.3353341627531029,21.0,60.0,66.0,0.2436548223350254,0.3384217631950807
Otto Lopez,672640,119.0,15.0,66.0,77.0,0.246,0.35442307692307695,8.4,54.0,45.6,0.231,0.2936974789915967,13.2,58.8,51.6,0.24,0.3058487394957984,15.6,68.39999999999999,61.199999999999996,0.278,0.32372,16.38,0.278,0.34961760000000003,5.827700138092041,40.605499267578125,39.3306999206543,0.2779251398006062,0.3165458002773111,5.0,58.0,44.0,0.2776470588235294,0.3110668753800185
Christian Walker,572233,119.0,27.0,72.0,88.0,0.238,0.3144904458598726,18.0,54.0,50.4,0.198,0.288655462184874,18.0,57.599999999999994,54.0,0.223,0.303327731092437,18.0,63.599999999999994,58.8,0.247,0.32116,18.900000000000002,0.247,0.3468528,28.147300720214844,73.82890319824219,84.3948974609375,0.24389027999200322,0.3405284751340298,27.0,70.0,83.0,0.23553719008264462,0.3332700230858543
Xavier Edwards,669364,141.0,3.0,75.0,43.0,0.283,0.3459259259259259,0.0,54.0,43.199999999999996,0.266,0.29326241134751774,8.4,57.599999999999994,50.4,0.257,0.3056312056737589,7.199999999999999,67.2,57.599999999999994,0.3,0.3058,7.199999999999999,0.3,0.3058,5.471700191497803,71.2489013671875,43.393699645996094,0.28482867337322826,0.32634677171915066,3.0,56.0,41.0,0.2912621359223301,0.32355106894244773
J.P. Crawford,641487,114.0,12.0,69.0,58.0,0.265,0.3206798866855524,9.6,67.2,51.6,0.289,0.37105263157894736,13.2,64.8,54.0,0.268,0.3445263157894737,13.2,62.4,52.8,0.249,0.33795,13.2,0.249,0.31091399999999997,9.733499526977539,56.29759979248047,44.153099060058594,0.2396975124097271,0.3124300806413176,11.0,68.0,51.0,0.24152542372881355,0.3138826479587485
Miguel Vargas,678246,119.0,16.0,80.0,60.0,0.234,0.32389240506329114,3.5999999999999996,48.0,38.4,0.219,0.2773109243697479,10.799999999999999,55.199999999999996,48.0,0.234,0.29765546218487393,10.799999999999999,48.0,40.8,0.186,0.27259,10.799999999999999,0.186,0.27259,14.89780044555664,60.38290023803711,46.805198669433594,0.22710447383382787,0.3161036251913083,15.0,71.0,54.0,0.2399103139013453,0.32189195443684027
Jacob Wilson,805779,117.0,13.0,62.0,63.0,0.311,0.36446428571428574,14.399999999999999,73.2,72.0,0.327,0.3598290598290598,15.6,67.2,63.599999999999994,0.288,0.3389145299145299,9.6,57.599999999999994,52.8,0.249,0.2974,9.6,0.249,0.2974,8.07979965209961,50.45220184326172,49.214599609375,0.2911235111031746,0.3334612734655565,8.0,48.0,40.0,0.2901023890784983,0.3398938930223859
Alec Burleson,676475,91.0,18.0,54.0,69.0,0.29,0.38387096774193546,0.0,52.8,43.199999999999996,0.259,0.27197802197802196,9.6,57.599999999999994,50.4,0.253,0.294989010989011,8.4,56.4,49.199999999999996,0.243,0.27559,8.4,0.243,0.27559,15.693699836730957,51.654701232910156,55.23429870605469,0.27518438015532404,0.334955568767137,18.0,64.0,74.0,0.2774451097804391,0.3313204558617478
Jackson Holliday,702616,90.0,17.0,70.0,55.0,0.242,0.3237536656891496,12.0,60.0,52.8,0.253,0.32611111111111113,15.6,61.199999999999996,56.4,0.25,0.32205555555555554,9.6,49.199999999999996,42.0,0.196,0.27218,9.6,0.196,0.2504056,9.59570026397705,47.52370071411133,40.215599060058594,0.23603763014996706,0.3169470139416874,15.0,103.0,67.0,0.23471400394477318,0.32064624664536556
Matt Chapman,656305,133.0,21.0,76.0,61.0,0.231,0.3566371681415929,20.4,60.0,48.0,0.198,0.3360902255639098,19.2,61.199999999999996,52.8,0.223,0.3270451127819549,13.2,61.199999999999996,50.4,0.242,0.32816,13.2,0.242,0.32816,22.459199905395508,70.5322036743164,76.05149841308594,0.24144760976025473,0.33211009901388344,24.0,81.0,71.0,0.24236641221374045,0.33560062072747526
Bryan Reynolds,668804,136.0,16.0,68.0,73.0,0.245,0.2968543046357616,12.0,56.4,50.4,0.236,0.28345588235294117,14.399999999999999,58.8,54.0,0.242,0.3007279411764706,16.8,66.0,61.199999999999996,0.265,0.33213,16.8,0.265,0.33213,22.167200088500977,81.7177963256836,72.61650085449219,0.26296558101482553,0.3380397501293894,21.0,75.0,83.0,0.26527050610820246,0.3355997468757331
Ernie Clement,676391,77.0,9.0,83.0,50.0,0.277,0.3253822629969419,0.0,48.0,39.6,0.239,0.2512987012987013,9.6,56.4,49.199999999999996,0.244,0.28464935064935065,9.6,57.599999999999994,50.4,0.245,0.27706,9.6,0.245,0.27706,7.817599773406982,35.9025993347168,37.292301177978516,0.271128035858839,0.3119152412998673,9.0,45.0,48.0,0.2625994694960212,0.29848333773900515
Spencer Steer,668715,101.0,21.0,66.0,75.0,0.238,0.3342281879194631,10.799999999999999,45.6,39.6,0.176,0.25495049504950495,14.399999999999999,54.0,48.0,0.212,0.2864752475247525,15.6,61.199999999999996,55.199999999999996,0.241,0.30752,16.38,0.241,0.3321216,19.846599578857422,69.79039764404297,71.91680145263672,0.24433899680471818,0.3326417456642705,21.0,75.0,86.0,0.24866785079928952,0.33503653859943383
Ryan O'Hearn,656811,83.0,17.0,67.0,63.0,0.281,0.35871886120996443,33.6,81.6,79.2,0.292,0.39096385542168677,25.2,70.8,67.2,0.268,0.3544819277108434,16.8,68.39999999999999,61.199999999999996,0.275,0.34356,16.8,0.275,0.34356,13.655200004577637,45.70640182495117,51.416099548339844,0.2693477340054,0.33308599268833705,16.0,54.0,61.0,0.26463104325699743,0.330278366734976
Oneil Cruz,665833,120.0,20.0,62.0,61.0,0.2,0.3084482758620689,37.199999999999996,78.0,74.39999999999999,0.253,0.37833333333333335,27.599999999999998,70.8,66.0,0.25,0.3481666666666667,22.8,70.8,64.8,0.262,0.36073,22.8,0.262,0.36073,24.251399993896484,73.34519958496094,79.02529907226562,0.258324954566904,0.3403722927140751,25.0,83.0,84.0,0.2523540489642185,0.3360505517256462
Alex Bregman,608324,142.0,18.0,64.0,62.0,0.273,nan,27.599999999999998,84.0,80.39999999999999,0.331,0.42640845070422534,22.8,73.2,69.6,0.289,0.37220422535211267,18.0,67.2,61.199999999999996,0.265,0.35101,18.0,0.265,0.3229292,22.539600372314453,82.6884994506836,83.18990325927734,0.2683255160756873,0.3491086103517231,20.0,80.0,80.0,0.2550091074681239,0.33375098412497
Xander Bogaerts,593428,121.0,11.0,63.0,53.0,0.263,0.33062500000000006,3.5999999999999996,52.8,42.0,0.243,0.3090909090909091,10.799999999999999,58.8,50.4,0.245,0.31354545454545457,10.799999999999999,64.8,56.4,0.276,0.31113,10.799999999999999,0.276,0.31113,15.362799644470215,63.1234016418457,62.24530029296875,0.2703386618413605,0.32823596278838496,13.0,63.0,58.0,0.26229508196721313,0.3146796480536021
Kyle Stowers,669065,111.0,25.0,61.0,73.0,0.288,0.40711743772241993,19.2,78.0,69.6,0.323,0.39189189189189194,19.2,70.8,64.8,0.285,0.354945945945946,20.4,61.199999999999996,56.4,0.225,0.32169,20.4,0.225,0.2959548,13.80620002746582,40.810001373291016,44.57320022583008,0.227630685747198,0.31042542990303357,17.0,50.0,60.0,0.23300970873786409,0.3176957167171199
Nolan Schanuel,694384,111.0,12.0,64.0,53.0,0.264,0.3543731778425656,9.6,58.8,49.199999999999996,0.253,0.331981981981982,13.2,61.199999999999996,52.8,0.25,0.324990990990991,9.6,58.8,50.4,0.249,0.30107,9.6,0.249,0.30107,14.83329963684082,68.03579711914062,53.70320129394531,0.26045601670452395,0.33726927791544375,13.0,70.0,59.0,0.2549800796812749,0.3257631809797336
Anthony Volpe,683011,132.0,19.0,65.0,72.0,0.212,0.2870860927152318,20.4,63.599999999999994,57.599999999999994,0.239,0.343939393939394,19.2,63.599999999999994,57.599999999999994,0.243,0.330969696969697,14.399999999999999,58.8,52.8,0.234,0.3091,14.399999999999999,0.234,0.3091,16.86400032043457,70.4406967163086,64.60669708251953,0.24447697774828886,0.31183052158699587,17.0,80.0,74.0,0.2382608695652174,0.3076197102009875
Zach McKinstry,656716,112.0,12.0,68.0,49.0,0.259,0.3385057471264368,4.8,68.39999999999999,54.0,0.323,0.384375,10.799999999999999,66.0,55.199999999999996,0.285,0.3511875,13.2,58.8,49.199999999999996,0.227,0.30372,13.2,0.227,0.2794224,5.049600124359131,29.9596004486084,22.574100494384766,0.23394290017138814,0.29483950086829436,8.0,48.0,31.0,0.23714285714285716,0.29861904022305513
Mike Trout,545361,121.0,26.0,73.0,64.0,0.232,0.3745833333333334,40.8,66.0,68.39999999999999,0.179,0.30206611570247943,30.0,64.8,63.599999999999994,0.214,0.3100330578512397,21.599999999999998,70.8,66.0,0.271,0.37038,22.68,0.271,0.4000104,25.195199966430664,63.61970138549805,68.60749816894531,0.25249687669786386,0.35910644191215874,18.0,48.0,49.0,0.26181818181818184,0.38005352169275286
Caleb Durbin,702332,45.0,11.0,60.0,53.0,0.256,0.3272556390977444,12.0,60.0,56.4,0.263,0.3333333333333333,15.6,62.4,56.4,0.253,0.32566666666666666,10.799999999999999,58.8,52.8,0.249,0.31817,10.799999999999999,0.249,0.31817,2.8991000652313232,18.591100692749023,15.956000328063965,0.23875273543338105,0.3025156810509639,7.0,53.0,47.0,0.23333333333333334,0.29909324499186624
Nick Castellanos,592206,122.0,17.0,72.0,72.0,0.25,0.3242857142857143,13.2,63.599999999999994,57.599999999999994,0.27,0.32868852459016396,15.6,63.599999999999994,57.599999999999994,0.259,0.32334426229508195,15.6,66.0,60.0,0.265,0.33054,15.6,0.265,0.33054,20.434799194335938,64.39430236816406,72.36859893798828,0.253673851717242,0.3169332649800342,21.0,70.0,80.0,0.2591240875912409,0.31982574779571815
Mickey Moniak,666160,83.0,24.0,62.0,68.0,0.27,0.38100961538461536,19.2,55.199999999999996,51.6,0.2,0.3,19.2,60.0,55.199999999999996,0.226,0.309,15.6,61.199999999999996,55.199999999999996,0.24,0.31114,16.38,0.24,0.33603120000000003,9.065099716186523,28.984399795532227,30.451000213623047,0.2515099328322455,0.3122521659513166,16.0,48.0,54.0,0.23469387755102042,0.2998483663242586
Mike Yastrzemski,573262,107.0,17.0,68.0,46.0,0.233,0.2849056603773585,25.2,74.39999999999999,67.2,0.278,0.39999999999999997,21.599999999999998,68.39999999999999,62.4,0.263,0.359,14.399999999999999,60.0,51.6,0.232,0.32664,14.399999999999999,0.232,0.3005088,13.539999961853027,44.79890060424805,45.16790008544922,0.22561858623334524,0.3101968240025199,16.0,56.0,52.0,0.22250639386189258,0.3134336157278581
Gavin Sheets,657757,94.0,19.0,57.0,71.0,0.252,0.3224252491694352,18.0,64.8,60.0,0.262,0.3351063829787234,18.0,63.599999999999994,58.8,0.255,0.3265531914893617,12.0,56.4,49.199999999999996,0.229,0.29511,12.0,0.229,0.2715012,8.759599685668945,31.324399948120117,33.315399169921875,0.23839912743315209,0.30317600305524844,15.0,39.0,59.0,0.2315270935960591,0.2992041295419359
Drake Baldwin,686948,58.0,19.0,56.0,80.0,0.274,0.37925,19.2,64.8,58.8,0.25,0.3241379310344828,18.0,63.599999999999994,57.599999999999994,0.249,0.3210689655172414,16.8,64.8,57.599999999999994,0.253,0.33213,16.8,0.253,0.33213,4.470399856567383,20.463499069213867,20.25670051574707,0.2367048539875158,0.30279888033432156,12.0,49.0,57.0,0.2360097323600973,0.30891620945104786
Alejandro Kirk,672386,93.0,15.0,45.0,76.0,0.282,0.3719367588932806,12.0,55.199999999999996,52.8,0.239,0.2682795698924731,14.399999999999999,58.8,55.199999999999996,0.243,0.29313978494623655,13.2,63.599999999999994,57.599999999999994,0.261,0.31279,13.86,0.261,0.33781320000000004,10.8302001953125,48.34090042114258,48.52519989013672,0.2737921120788294,0.3369599915141517,10.0,36.0,49.0,0.2671957671957672,0.3246276963562954
Will Smith,669257,85.0,17.0,64.0,61.0,0.296,0.41882591093117416,19.2,74.39999999999999,67.2,0.306,0.3788235294117647,19.2,69.6,62.4,0.274,0.34841176470588237,18.0,66.0,60.0,0.259,0.34098,18.0,0.259,0.3273408,18.134899139404297,59.318199157714844,61.1875,0.24983233450350223,0.3362615666639171,20.0,74.0,74.0,0.25158562367864695,0.3360534967297185
Addison Barger,680718,28.0,21.0,61.0,74.0,0.243,0.36486486486486486,0.0,37.199999999999996,31.2,0.185,0.22321428571428573,14.399999999999999,57.599999999999994,52.8,0.234,0.2706071428571429,15.6,54.0,49.199999999999996,0.203,0.28029,15.6,0.203,0.28029,3.009700059890747,10.781999588012695,10.98639965057373,0.2383381202381709,0.3127528750821689,16.0,60.0,63.0,0.24489795918367346,0.3193574664782893
Jordan Beck,687597,65.0,16.0,62.0,53.0,0.258,0.333695652173913,43.199999999999996,85.2,85.2,0.278,0.42769230769230765,27.599999999999998,72.0,68.39999999999999,0.26,0.3728461538461538,16.8,61.199999999999996,54.0,0.233,0.28576,16.8,0.233,0.28576,10.360199928283691,37.91310119628906,37.8922004699707,0.24511512797606286,0.3126288651227575,12.0,52.0,51.0,0.24390243902439024,0.3067336447223063
Josh Bell,605137,114.0,22.0,54.0,63.0,0.239,0.3509727626459144,19.2,46.8,42.0,0.15,0.23684210526315788,19.2,54.0,49.199999999999996,0.193,0.27742105263157896,14.399999999999999,61.199999999999996,55.199999999999996,0.247,0.30107,15.12,0.247,0.32515560000000004,17.542200088500977,57.70719909667969,62.56769943237305,0.2508172948518753,0.32691459650975874,20.0,60.0,66.0,0.2450592885375494,0.3205298248200509
Yainer Diaz,673237,95.0,20.0,56.0,70.0,0.256,0.3344178082191781,10.799999999999999,44.4,43.199999999999996,0.189,0.24368421052631578,14.399999999999999,54.0,50.4,0.219,0.2808421052631579,16.8,69.6,64.8,0.282,0.31601,17.64,0.282,0.34129080000000006,20.098800659179688,63.60409927368164,73.92659759521484,0.2820775880102019,0.3349598627878206,19.0,63.0,79.0,0.27680311890838205,0.32311097682071216
Brendan Donovan,680977,125.0,10.0,64.0,50.0,0.287,0.3245253164556962,13.2,74.39999999999999,68.39999999999999,0.333,0.3772,15.6,68.39999999999999,63.599999999999994,0.291,0.3476,15.6,69.6,63.599999999999994,0.29,0.37125,15.6,0.29,0.37125,12.554499626159668,65.0020980834961,60.82320022583008,0.2789384432858895,0.3385906894294775,12.0,68.0,63.0,0.2771317829457364,0.33630863995584726
Trevor Larnach,663616,123.0,17.0,62.0,60.0,0.25,0.32581227436823107,18.0,62.4,55.199999999999996,0.24,0.3276422764227643,18.0,62.4,56.4,0.244,0.32282113821138214,10.799999999999999,58.8,50.4,0.242,0.31864,10.799999999999999,0.242,0.31864,15.639900207519531,51.27429962158203,53.25,0.24402971191099987,0.3281480907242317,14.0,54.0,55.0,0.24258760107816713,0.3223536300602816
Marcus Semien,543760,124.0,15.0,62.0,62.0,0.23,0.3295522388059702,8.4,45.6,37.199999999999996,0.183,0.24072580645161293,13.2,54.0,48.0,0.216,0.2793629032258065,15.6,63.599999999999994,56.4,0.252,0.31715,16.38,0.252,0.342522,22.26729965209961,85.381103515625,65.42610168457031,0.25657074625066834,0.3294618787538636,23.0,97.0,82.0,0.24792013311148087,0.323559045791626
Kyle Manzardo,700932,108.0,27.0,47.0,70.0,0.234,0.3277056277056277,40.8,73.2,74.39999999999999,0.22,0.3550925925925926,30.0,68.39999999999999,66.0,0.234,0.3365462962962963,20.4,66.0,60.0,0.249,0.31594,20.4,0.249,0.31594,16.02280044555664,47.50510025024414,51.16460037231445,0.24122327734160726,0.33487565956249404,18.0,63.0,65.0,0.24941176470588236,0.3353451589539311
Cedric Mullins,656775,119.0,17.0,58.0,59.0,0.216,0.27669491525423734,27.599999999999998,76.8,68.39999999999999,0.281,0.4113445378151261,22.8,70.8,63.599999999999994,0.265,0.36467226890756305,13.2,62.4,52.8,0.25,0.32976,13.2,0.25,0.3165696,15.207900047302246,55.524200439453125,54.646400451660156,0.24577768750409215,0.3149222248065398,16.0,65.0,63.0,0.24210526315789474,0.31050398299902565
Carlos Correa,621043,115.0,13.0,63.0,52.0,0.276,0.33979999999999994,4.8,46.8,40.8,0.215,0.2643478260869565,10.799999999999999,54.0,48.0,0.231,0.2911739130434783,13.2,63.599999999999994,57.599999999999994,0.264,0.31712,13.86,0.264,0.34248960000000006,17.211200714111328,67.54840087890625,59.86119842529297,0.2683241258109857,0.344518211145104,17.0,64.0,63.0,0.2678983833718245,0.34514843799718997
Corey Seager,608369,84.0,21.0,61.0,50.0,0.271,0.37421259842519683,26.4,75.6,72.0,0.286,0.35119047619047616,21.599999999999998,68.39999999999999,64.8,0.265,0.33459523809523806,20.4,72.0,67.2,0.285,0.37656,21.419999999999998,0.285,0.4066848,26.1299991607666,78.3593978881836,72.1404037475586,0.28458079983697454,0.37138463470327965,28.0,76.0,85.0,0.2786885245901639,0.3675880841842735
Lenyn Sosa,672820,107.0,22.0,57.0,75.0,0.264,0.3316239316239316,9.6,60.0,56.4,0.272,0.31401869158878504,14.399999999999999,61.199999999999996,57.599999999999994,0.26,0.31600934579439255,10.799999999999999,55.199999999999996,50.4,0.233,0.28827,10.799999999999999,0.233,0.28827,13.281599998474121,41.02149963378906,47.00859832763672,0.25420818300938364,0.30353087245372334,14.0,52.0,57.0,0.2489451476793249,0.29053978386991275
Paul Goldschmidt,502671,130.0,10.0,76.0,45.0,0.274,0.314963503649635,8.4,75.6,67.2,0.356,0.3861538461538462,13.2,69.6,62.4,0.302,0.35207692307692307,16.8,68.39999999999999,63.599999999999994,0.279,0.35927,16.8,0.279,0.3305284,22.72570037841797,73.52870178222656,77.2041015625,0.2538697110847475,0.3315276982450347,24.0,74.0,84.0,0.25239005736137665,0.3343964320135443
Kerry Carpenter,681481,104.0,26.0,66.0,62.0,0.252,0.35345744680851066,37.199999999999996,76.8,82.8,0.268,0.3634615384615385,27.599999999999998,69.6,70.8,0.258,0.3407307692307693,25.2,73.2,72.0,0.277,0.35312,25.2,0.277,0.35312,19.99679946899414,53.76300048828125,62.89250183105469,0.2564552436722521,0.33741313286917357,18.0,50.0,65.0,0.2544529262086514,0.3286243210005206
Lars Nootbaar,663457,140.0,13.0,68.0,48.0,0.234,0.28699186991869924,19.2,69.6,57.599999999999994,0.265,0.38321428571428573,19.2,66.0,57.599999999999994,0.257,0.3506071428571429,16.8,66.0,56.4,0.256,0.35653,16.8,0.256,0.35653,17.590999603271484,68.5916976928711,54.147300720214844,0.25577876246408426,0.34731065401373035,16.0,65.0,56.0,0.2457002457002457,0.34036807023830495
Harrison Bader,664056,89.0,17.0,61.0,54.0,0.277,0.34840909090909095,18.0,62.4,57.599999999999994,0.247,0.33370786516853934,18.0,62.4,57.599999999999994,0.247,0.32585393258426965,14.399999999999999,58.8,52.8,0.236,0.28021,14.399999999999999,0.236,0.2690016,8.449299812316895,35.27170181274414,34.91239929199219,0.24603212381113568,0.29827980720998504,10.0,50.0,45.0,0.25,0.29995727328339006
Jake Cronenworth,630105,45.0,11.0,61.0,59.0,0.246,0.3202846975088968,24.0,72.0,61.199999999999996,0.257,0.3844444444444445,20.4,66.0,58.8,0.251,0.3512222222222222,13.2,58.8,51.6,0.237,0.31152,13.2,0.237,0.31152,13.020299911499023,58.06890106201172,57.86119842529297,0.24214309371176543,0.3141449771101558,15.0,72.0,68.0,0.24344569288389514,0.31608971193531493
Jackson Merrill,701538,41.0,16.0,59.0,67.0,0.264,0.2982456140350877,40.8,100.8,102.0,0.378,0.4560975609756097,24.0,73.2,69.6,0.286,0.3870487804878049,24.0,78.0,74.39999999999999,0.303,0.3871,24.0,0.303,0.3871,23.196300506591797,73.6792984008789,82.71520233154297,0.2804202578770605,0.3442159206140522,21.0,75.0,84.0,0.28073394495412846,0.33396952463589175
Matt McLain,680574,94.0,15.0,73.0,50.0,0.22,0.3010971786833856,24.0,52.8,49.199999999999996,0.162,0.2835106382978723,20.4,57.599999999999994,52.8,0.207,0.30075531914893616,19.2,72.0,66.0,0.285,0.34967,20.16,0.285,0.3776436,20.689599990844727,73.60169982910156,64.13200378417969,0.2598876917792512,0.347651715259974,19.0,70.0,75.0,0.2542372881355932,0.34244591421056014
Andrew Benintendi,643217,85.0,20.0,57.0,63.0,0.24,0.3275862068965517,32.4,68.39999999999999,69.6,0.23,0.32941176470588235,25.2,66.0,63.599999999999994,0.24,0.3237058823529412,16.8,66.0,60.0,0.26,0.3043,16.8,0.26,0.3043,12.662199974060059,52.94179916381836,52.952598571777344,0.26043215208187287,0.31660415145155224,13.0,62.0,59.0,0.2594142259414226,0.31701372693169794
Masyn Winn,691026,84.0,9.0,72.0,51.0,0.253,0.31149068322981366,19.2,66.0,60.0,0.26,0.3386904761904762,19.2,64.8,60.0,0.254,0.3283452380952381,14.399999999999999,62.4,55.199999999999996,0.249,0.29976,14.399999999999999,0.249,0.29976,15.868000030517578,72.48629760742188,65.6176986694336,0.26421732250809177,0.320375508718098,14.0,86.0,69.0,0.25301204819277107,0.3046217404705493
Isaac Collins,686555,42.0,9.0,56.0,54.0,0.263,0.3588235294117647,13.2,63.599999999999994,57.599999999999994,0.27,0.3619047619047619,16.8,62.4,57.599999999999994,0.255,0.33995238095238095,9.6,40.8,34.8,0.154,0.20532,9.6,0.154,0.20532,2.545099973678589,15.64739990234375,12.790599822998047,0.22044498373329133,0.2960340232356695,10.0,59.0,53.0,0.22946859903381642,0.3055766779322957
Alec Bohm,664761,119.0,11.0,53.0,59.0,0.287,0.3606060606060606,0.0,43.199999999999996,38.4,0.221,0.2361344537815126,8.4,52.8,48.0,0.235,0.2770672268907563,15.6,66.0,61.199999999999996,0.271,0.31195,16.38,0.271,0.33690600000000004,15.001299858093262,62.94459915161133,69.03199768066406,0.2772754315797258,0.33204043177483494,17.0,72.0,83.0,0.28468468468468466,0.3373508515130532
Brenton Doyle,686668,90.0,15.0,57.0,57.0,0.235,0.25833333333333336,24.0,64.8,63.599999999999994,0.241,0.3111111111111111,21.599999999999998,64.8,61.199999999999996,0.245,0.3145555555555556,18.0,62.4,57.599999999999994,0.24,0.30971,18.900000000000002,0.24,0.33448680000000003,21.14550018310547,74.5105972290039,64.6521987915039,0.24641579359074647,0.31269451467995235,19.0,72.0,72.0,0.2524850894632207,0.3140161712235267
Isaac Paredes,670623,131.0,20.0,53.0,53.0,0.254,0.37347670250896053,16.8,64.8,56.4,0.255,0.3477099236641221,16.8,63.599999999999994,56.4,0.251,0.3328549618320611,12.0,58.8,50.4,0.239,0.33437,12.0,0.239,0.33437,23.701799392700195,79.25509643554688,74.11979675292969,0.24669824926204098,0.3431937297624882,25.0,68.0,89.0,0.24404761904761904,0.3474420726299286
Chandler Simpson,802415,43.0,nan,53.0,26.0,0.295,0.31789215686274513,0.0,60.0,49.199999999999996,0.3,0.3081395348837209,12.0,61.199999999999996,54.0,0.264,0.31306976744186044,10.799999999999999,58.8,51.6,0.245,0.30815,10.799999999999999,0.245,0.30815,0.8913999795913696,13.048500061035156,10.21090030670166,0.27692710118058095,0.3033691664589895,1.0,75.0,42.0,0.29148936170212764,0.30178610124360494
J.T. Realmuto,592663,107.0,12.0,57.0,52.0,0.257,0.32673076923076927,9.6,56.4,48.0,0.24,0.30467289719626167,14.399999999999999,60.0,54.0,0.244,0.3113364485981308,16.8,66.0,60.0,0.263,0.32859,17.136000000000003,0.263,0.3417336,15.04319953918457,49.3401985168457,52.073001861572266,0.2472533675459836,0.31610594633047234,14.0,53.0,55.0,0.255,0.32432983650849045
Wilyer Abreu,677800,115.0,22.0,53.0,69.0,0.247,0.3100446428571429,28.799999999999997,80.39999999999999,72.0,0.295,0.40608695652173915,24.0,72.0,66.0,0.271,0.3620434782608696,18.0,69.6,60.0,0.272,0.36121,18.0,0.272,0.34676159999999995,13.36299991607666,47.3406982421875,47.3739013671875,0.24487237107233326,0.3294919785928675,17.0,65.0,62.0,0.24413145539906103,0.3289545474585539
Jeff McNeil,643446,18.0,12.0,42.0,54.0,0.243,0.3464,31.2,87.6,82.8,0.333,0.41111111111111115,20.4,67.2,62.4,0.261,0.3645555555555556,15.6,68.39999999999999,61.199999999999996,0.279,0.32742,15.6,0.279,0.32742,6.2555999755859375,36.23139953613281,35.5166015625,0.27224615459401297,0.32037901889404574,9.0,59.0,50.0,0.26373626373626374,0.3128809805655811
Ryan McMahon,641857,121.0,20.0,62.0,53.0,0.214,0.35522875816993466,8.4,42.0,31.2,0.15,0.24256198347107438,13.2,51.6,44.4,0.198,0.2802809917355372,12.0,58.8,49.199999999999996,0.235,0.29117,12.600000000000001,0.235,0.3144636,20.232799530029297,72.96530151367188,67.97669982910156,0.24137702841518194,0.32006700096435614,20.0,70.0,69.0,0.24293785310734464,0.3207000912927427
Jonathan India,663697,120.0,9.0,63.0,45.0,0.233,0.3100638977635783,0.0,46.8,32.4,0.216,0.27875,8.4,55.199999999999996,44.4,0.232,0.298375,10.799999999999999,60.0,51.6,0.25,0.32946,11.34,0.25,0.3558168,14.343500137329102,79.85199737548828,55.88349914550781,0.255034213323775,0.3327918421187948,13.0,79.0,58.0,0.25301204819277107,0.3361210736895905
Jonathan Aranda,666018,103.0,14.0,56.0,59.0,0.316,0.3820261437908497,21.599999999999998,75.6,68.39999999999999,0.299,0.39902912621359227,19.2,68.39999999999999,62.4,0.273,0.35851456310679614,19.2,64.8,57.599999999999994,0.242,0.35524,19.2,0.242,0.3410304,11.263400077819824,37.52170181274414,38.96870040893555,0.2549643085060742,0.33646518521839597,14.0,59.0,59.0,0.25906735751295334,0.3324715425864982
Nathan Lukes,664770,44.0,12.0,55.0,65.0,0.255,0.3416299559471366,12.0,55.199999999999996,46.8,0.222,0.29659090909090907,16.8,61.199999999999996,55.199999999999996,0.24,0.30729545454545454,10.799999999999999,64.8,55.199999999999996,0.275,0.33223,10.799999999999999,0.275,0.33223,1.6057000160217285,11.37600040435791,9.966699600219727,0.26781746458772526,0.31502897169103694,6.0,45.0,41.0,0.2716049382716049,0.31793899482555604
Brooks Lee,686797,51.0,16.0,50.0,64.0,0.236,0.29125,21.599999999999998,69.6,62.4,0.267,0.3441176470588235,19.2,64.8,60.0,0.254,0.33105882352941174,15.6,63.599999999999994,56.4,0.255,0.30076,15.6,0.255,0.30076,9.131099700927734,38.91130065917969,39.12689971923828,0.2555689867869346,0.31215340624775617,10.0,46.0,50.0,0.2481012658227848,0.29560616717619054
Austin Hays,669720,58.0,15.0,60.0,64.0,0.266,0.32343750000000004,48.0,103.2,105.6,0.365,0.475,28.799999999999997,78.0,75.6,0.291,0.39649999999999996,20.4,70.8,64.8,0.272,0.35474,20.4,0.272,0.35474,11.882599830627441,42.19540023803711,44.28459930419922,0.25346699791615396,0.3161330928316371,16.0,58.0,57.0,0.2621359223300971,0.3319707421053733
Max Kepler,596146,108.0,18.0,58.0,52.0,0.216,0.274074074074074,15.6,62.4,55.199999999999996,0.253,0.33148148148148154,16.8,63.599999999999994,56.4,0.25,0.3247407407407408,15.6,63.599999999999994,56.4,0.253,0.33238,15.911999999999999,0.253,0.3456752,14.18280029296875,48.00529861450195,51.179500579833984,0.24570104142335347,0.31730842557214217,17.0,56.0,57.0,0.24050632911392406,0.32260690056360686
Austin Wells,669224,105.0,21.0,51.0,71.0,0.219,0.3006818181818182,26.4,61.199999999999996,61.199999999999996,0.215,0.3123809523809524,21.599999999999998,61.199999999999996,58.8,0.232,0.31519047619047624,18.0,60.0,56.4,0.229,0.30366,18.900000000000002,0.229,0.3279528,17.470699310302734,59.15340042114258,50.56639862060547,0.23334230131344655,0.3204019475969089,17.0,49.0,61.0,0.2340966921119593,0.3199982927086648
Colt Keith,690993,88.0,13.0,65.0,45.0,0.256,0.3477551020408164,6.0,48.0,32.4,0.183,0.29090909090909095,12.0,55.199999999999996,44.4,0.218,0.3044545454545455,12.0,63.599999999999994,54.0,0.261,0.31509,12.600000000000001,0.261,0.3402972,16.20039939880371,58.708499908447266,61.53580093383789,0.2638782971011775,0.3287172458160486,16.0,73.0,74.0,0.2655038759689923,0.3274118017267298
Eric Wagaman,676572,104.0,9.0,56.0,53.0,0.25,0.2696691176470588,15.6,61.199999999999996,56.4,0.25,0.3153846153846154,16.8,62.4,57.599999999999994,0.249,0.3166923076923077,14.399999999999999,66.0,60.0,0.275,0.32962,14.399999999999999,0.275,0.32962,5.117599964141846,18.963699340820312,20.24340057373047,0.2511733574340692,0.30934935525910234,12.0,53.0,53.0,0.24608501118568232,0.30228575615538766
Matt Shaw,807713,59.0,13.0,57.0,44.0,0.226,0.3119512195121951,8.4,49.199999999999996,34.8,0.184,0.31101694915254235,14.399999999999999,57.599999999999994,49.199999999999996,0.224,0.3145084745762712,10.799999999999999,60.0,49.199999999999996,0.245,0.30561,10.799999999999999,0.245,0.30561,11.752699851989746,43.81660079956055,44.41899871826172,0.24447039341654625,0.3112314786280867,16.0,63.0,65.0,0.24724061810154527,0.31603824633818406
Jurickson Profar,595777,16.0,14.0,56.0,43.0,0.245,nan,0.0,42.0,33.6,0.2,0.21250000000000002,15.6,60.0,55.199999999999996,0.241,0.26525,13.2,61.199999999999996,54.0,0.248,0.30468,13.2,0.248,0.30468,16.23040008544922,81.08910369873047,60.83340072631836,0.2617450414115129,0.33541450957276386,13.0,73.0,64.0,0.2578125,0.3300345167895864
Josh Jung,673962,86.0,14.0,53.0,61.0,0.251,0.2948770491803278,12.0,66.0,62.4,0.296,0.3482558139534883,15.6,64.8,60.0,0.27,0.33312790697674416,18.0,64.8,60.0,0.253,0.30888,18.0,0.253,0.2841696,18.498899459838867,52.59880065917969,58.6864013671875,0.25020098941219526,0.31659031992756576,13.0,43.0,47.0,0.25075528700906347,0.31393623285453415
Wilmer Flores,527038,117.0,16.0,44.0,71.0,0.241,0.3227969348659004,33.6,68.39999999999999,70.8,0.229,0.30598290598290595,25.2,66.0,63.599999999999994,0.239,0.311991452991453,13.2,58.8,52.8,0.24,0.30412,13.2,0.24,0.30412,9.706999778747559,31.587799072265625,33.292301177978516,0.24361571143176533,0.3190469481167111,12.0,41.0,47.0,0.2342857142857143,0.3045066187576372
Dillon Dingler,693307,82.0,13.0,54.0,57.0,0.278,0.33456221198156677,20.4,67.2,68.39999999999999,0.275,0.32682926829268294,19.2,64.8,62.4,0.26,0.32241463414634147,12.0,49.199999999999996,45.6,0.198,0.25333,12.0,0.198,0.25333,6.362100124359131,22.51490020751953,23.023500442504883,0.2269648365245326,0.29393514620097855,12.0,45.0,53.0,0.226890756302521,0.2985946096555151
Brett Baty,683146,58.0,18.0,53.0,50.0,0.254,0.32807017543859657,9.6,48.0,43.199999999999996,0.204,0.2681034482758621,14.399999999999999,56.4,51.6,0.232,0.293051724137931,12.0,52.8,48.0,0.214,0.26872,12.0,0.214,0.26872,5.911099910736084,19.727100372314453,20.44070053100586,0.23880717035803053,0.3111459290003579,17.0,59.0,62.0,0.24423963133640553,0.31653387962040563
Gavin Lux,666158,114.0,5.0,49.0,53.0,0.269,0.30499999999999994,4.8,69.6,55.199999999999996,0.327,0.37894736842105264,10.799999999999999,66.0,56.4,0.287,0.3484736842105263,12.0,63.599999999999994,54.0,0.265,0.32982,12.0,0.265,0.3034344,10.751199722290039,48.59349822998047,47.168399810791016,0.2579615396704048,0.3241092374471634,10.0,63.0,45.0,0.26034063260340634,0.3235499217752247
Victor Scott II,687363,108.0,5.0,54.0,37.0,0.216,0.27356321839080455,9.6,61.199999999999996,52.8,0.271,0.3412037037037038,14.399999999999999,62.4,56.4,0.259,0.32960185185185187,8.4,48.0,40.8,0.197,0.24997,8.4,0.197,0.22997240000000002,6.567299842834473,38.23820114135742,35.20539855957031,0.23870387026689868,0.2852356612055842,9.0,61.0,50.0,0.22821576763485477,0.27708317929843684
Carson Kelly,608348,63.0,17.0,48.0,50.0,0.249,0.32902439024390245,62.4,114.0,111.6,0.362,0.5484126984126984,34.8,82.8,79.2,0.292,0.43320634920634915,19.2,66.0,56.4,0.243,0.35238,19.2,0.243,0.35238,7.907100200653076,29.27039909362793,29.407800674438477,0.23519456435615418,0.30529998095199323,8.0,32.0,34.0,0.22021660649819494,0.28655152061046696
Ryan Jeffers,680777,89.0,9.0,47.0,47.0,0.266,0.3339055793991416,6.0,57.599999999999994,46.8,0.256,0.32865168539325845,12.0,60.0,52.8,0.252,0.32332584269662923,14.399999999999999,61.199999999999996,54.0,0.243,0.33276,14.399999999999999,0.243,0.33276,15.925299644470215,44.367000579833984,47.11669921875,0.23585215055452488,0.3239654794768301,16.0,47.0,55.0,0.23545706371191136,0.3227490595742768
Ke'Bryan Hayes,663647,116.0,5.0,50.0,49.0,0.235,0.2644128113879004,4.8,52.8,45.6,0.245,0.2836206896551724,10.799999999999999,57.599999999999994,50.4,0.247,0.3008103448275862,10.799999999999999,58.8,52.8,0.25,0.30071,10.799999999999999,0.25,0.30071,10.353400230407715,51.49919891357422,50.51100158691406,0.2587484982187741,0.30897514002872106,8.0,51.0,44.0,0.25118483412322273,0.29455178651414926
Brandon Marsh,669016,51.0,11.0,59.0,43.0,0.28,0.35315315315315315,10.799999999999999,43.199999999999996,33.6,0.15,0.19215686274509805,15.6,52.8,45.6,0.196,0.25507843137254904,13.2,62.4,54.0,0.25,0.30332,13.2,0.25,0.30332,13.066200256347656,55.16630172729492,51.07899856567383,0.24576924364100455,0.3204618571691201,13.0,58.0,59.0,0.2494061757719715,0.3243341759500524
Ty France,664034,123.0,7.0,50.0,52.0,0.257,0.29754716981132073,13.2,62.4,56.4,0.269,0.34471544715447155,15.6,62.4,57.599999999999994,0.258,0.3313577235772358,20.4,68.39999999999999,63.599999999999994,0.263,0.34592,20.4,0.263,0.34592,11.112799644470215,48.27090072631836,47.98640060424805,0.258605876110527,0.3217218610301974,13.0,61.0,63.0,0.26156941649899396,0.3255161414596911
Nolan Arenado,571448,122.0,12.0,48.0,52.0,0.237,0.28608058608058606,13.2,60.0,51.6,0.245,0.3307377049180328,15.6,61.199999999999996,55.199999999999996,0.247,0.32436885245901637,13.2,64.8,56.4,0.268,0.31463,13.2,0.268,0.31463,20.573400497436523,67.34429931640625,77.66819763183594,0.2585570832298524,0.32122507579967763,18.0,60.0,77.0,0.26325757575757575,0.3204184139476103
Tyler Freeman,671289,16.0,2.0,50.0,31.0,0.281,0.36705069124423967,0.0,36.0,22.8,0.15,0.23124999999999998,15.6,57.599999999999994,51.6,0.226,0.274625,9.6,55.199999999999996,45.6,0.224,0.28699,9.6,0.224,0.28699,5.772600173950195,29.74679946899414,27.19930076599121,0.27515621665665,0.3339609914176378,7.0,53.0,50.0,0.26256983240223464,0.32377474240647486
Luis Rengifo,650859,108.0,9.0,55.0,43.0,0.238,0.2892857142857143,4.8,50.4,44.4,0.235,0.26898148148148143,10.799999999999999,56.4,50.4,0.242,0.2934907407407407,10.799999999999999,62.4,55.199999999999996,0.264,0.30675,11.34,0.264,0.33129000000000003,14.171500205993652,53.958499908447266,54.29629898071289,0.2643804179777046,0.3205553726994315,11.0,51.0,49.0,0.2575,0.309535830870442
Jake Mangum,663968,74.0,3.0,37.0,40.0,0.296,0.2997435897435898,0.0,67.2,56.4,0.338,0.34594594594594597,9.6,63.599999999999994,56.4,0.286,0.331972972972973,10.799999999999999,58.8,52.8,0.248,0.31577,10.799999999999999,0.248,0.31577,1.708899974822998,13.90530014038086,13.053099632263184,0.25934480421912787,0.2901966220976111,5.0,51.0,50.0,0.271356783919598,0.305610820125131
Carlos Santana,467793,121.0,11.0,49.0,54.0,0.219,0.3137931034482759,8.4,51.6,43.199999999999996,0.221,0.2752066115702479,13.2,57.599999999999994,50.4,0.235,0.29660330578512395,13.2,56.4,50.4,0.224,0.29526,13.2,0.224,0.29526,17.882600784301758,56.52690124511719,61.1265983581543,0.2372889266082124,0.3195795328726756,16.0,53.0,56.0,0.21867881548974943,0.304771094568192
Andrew Vaughn,683734,118.0,14.0,35.0,65.0,0.254,nan,13.2,42.0,39.6,0.162,0.2173728813559322,15.6,52.8,49.199999999999996,0.205,0.2676864406779661,20.4,66.0,63.599999999999994,0.256,0.31331,21.419999999999998,0.256,0.3383748,22.67530059814453,68.28109741210938,78.27890014648438,0.2557801404770723,0.32548461250974897,21.0,59.0,75.0,0.25735294117647056,0.32411863995556855
Cam Smith,701358,85.0,9.0,55.0,51.0,0.236,0.3231958762886598,19.2,57.599999999999994,52.8,0.213,0.3135294117647059,19.2,61.199999999999996,56.4,0.232,0.31576470588235295,12.0,60.0,52.8,0.249,0.3182,12.0,0.249,0.3182,11.48289966583252,38.125301361083984,41.69179916381836,0.21080707386283157,0.2676176686169696,4.0,20.0,24.0,0.2421875,0.30439855305241864
Chase Meidroth,805367,31.0,5.0,54.0,23.0,0.253,0.30125786163522017,0.0,58.8,42.0,0.28,0.34516129032258064,13.2,61.199999999999996,54.0,0.256,0.3315806451612903,10.799999999999999,60.0,51.6,0.251,0.32402,10.799999999999999,0.251,0.32402,4.411799907684326,32.50740051269531,26.118900299072266,0.24311152760874594,0.3188509750171968,7.0,71.0,48.0,0.24890829694323144,0.3211827723258132
Mark Vientos,668901,118.0,17.0,44.0,61.0,0.233,0.2841040462427746,18.0,57.599999999999994,51.6,0.214,0.3182203389830509,18.0,60.0,54.0,0.231,0.3181101694915255,13.2,60.0,52.8,0.241,0.30929,13.2,0.241,0.30929,30.492900848388672,74.95369720458984,86.37010192871094,0.24994181991452796,0.3373811239859011,26.0,65.0,85.0,0.24803149606299213,0.33048848863591485
Austin Riley,663586,133.0,16.0,54.0,54.0,0.26,0.3192556634304207,25.2,73.2,72.0,0.282,0.34849624060150375,21.599999999999998,68.39999999999999,64.8,0.265,0.3332481203007519,24.0,72.0,69.6,0.272,0.35142,24.0,0.272,0.35142,29.787399291992188,88.42289733886719,88.92050170898438,0.2681429869265253,0.35393339461015244,29.0,84.0,88.0,0.2727272727272727,0.35875319505410014
Tommy Pham,502054,106.0,10.0,44.0,52.0,0.245,0.40058823529411763,0.0,37.199999999999996,27.599999999999998,0.174,0.22924528301886793,8.4,49.199999999999996,42.0,0.211,0.27362264150943394,9.6,55.199999999999996,48.0,0.233,0.27292,10.08,0.233,0.2947536,9.20989990234375,47.944801330566406,37.114498138427734,0.2494454938894936,0.3076154043550095,10.0,54.0,42.0,0.24330900243309003,0.3039679227963738
Willi Castro,650489,72.0,11.0,58.0,33.0,0.226,0.3380514705882353,7.199999999999999,50.4,45.6,0.227,0.29027777777777775,13.2,57.599999999999994,52.8,0.239,0.30413888888888885,13.2,60.0,54.0,0.245,0.30216,13.2,0.245,0.30216,11.842399597167969,58.06629943847656,54.54240036010742,0.24522625629539477,0.30779473658179307,12.0,76.0,56.0,0.24539877300613497,0.3122703576087952
Kody Clemens,665019,12.0,19.0,46.0,52.0,0.213,0.34267015706806275,0.0,33.6,24.0,0.15,0.1625,15.6,57.599999999999994,52.8,0.231,0.24025000000000002,8.4,49.199999999999996,40.8,0.199,0.26423,8.4,0.199,0.26423,2.7144999504089355,8.163200378417969,8.775799751281738,0.22784801640416763,0.3003429921401827,16.0,53.0,60.0,0.22894736842105262,0.30162565250998563
Matt Wallner,670242,67.0,22.0,47.0,40.0,0.202,0.3149717514124294,8.4,62.4,50.4,0.273,0.3962686567164179,14.399999999999999,62.4,55.199999999999996,0.258,0.35713432835820896,16.8,64.8,57.599999999999994,0.253,0.35704,16.8,0.253,0.35704,19.608600616455078,61.428001403808594,52.530399322509766,0.23261614240641362,0.33438985161322055,24.0,68.0,84.0,0.23975409836065573,0.34444798986826625
Adam Frazier,624428,96.0,7.0,43.0,44.0,0.267,0.3018134715025907,4.8,54.0,45.6,0.247,0.2869791666666667,12.0,58.8,52.8,0.248,0.3024895833333333,8.4,54.0,45.6,0.228,0.27637,8.4,0.228,0.27637,2.5467000007629395,17.386999130249023,16.195600509643555,0.2458402122675325,0.2920069818595554,5.0,48.0,35.0,0.24266666666666667,0.28756235597781765
Noelvi Marte,682622,59.0,14.0,45.0,51.0,0.263,nan,27.599999999999998,81.6,78.0,0.315,0.4101694915254237,21.599999999999998,69.6,66.0,0.273,0.3640847457627119,12.0,60.0,52.8,0.248,0.30076,12.0,0.248,0.30076,4.120699882507324,16.306499481201172,16.263700485229492,0.2416600592392095,0.2970140069958782,10.0,52.0,46.0,0.24449877750611246,0.29050031358300293
Romy Gonzalez,663853,44.0,9.0,47.0,53.0,0.305,nan,0.0,57.599999999999994,45.6,0.282,0.3488636363636364,12.0,61.199999999999996,54.0,0.258,0.3334318181818182,14.399999999999999,61.199999999999996,55.199999999999996,0.245,0.29846,14.399999999999999,0.245,0.29846,3.9144999980926514,14.652600288391113,14.790599822998047,0.25278998670730624,0.3124895840887825,9.0,36.0,40.0,0.25842696629213485,0.3176873883025514
Isiah Kiner-Falefa,643396,110.0,2.0,45.0,40.0,0.262,0.29295154185022027,0.0,56.4,46.8,0.283,0.30590909090909096,8.4,58.8,51.6,0.265,0.3119545454545455,7.199999999999999,57.599999999999994,49.199999999999996,0.252,0.28319,7.199999999999999,0.252,0.2605348,6.370699882507324,47.318599700927734,42.61389923095703,0.26474154790700494,0.29723899675999527,5.0,50.0,41.0,0.26244343891402716,0.28786033039857567
Michael Conforto,624424,102.0,12.0,54.0,36.0,0.199,0.30862068965517236,10.799999999999999,44.4,32.4,0.15,0.26127450980392153,14.399999999999999,52.8,44.4,0.196,0.2896372549019608,12.0,60.0,49.199999999999996,0.239,0.31343,12.600000000000001,0.239,0.3385044,15.857099533081055,48.174800872802734,52.054100036621094,0.24324616276491826,0.32567076160139835,18.0,53.0,66.0,0.23393316195372751,0.3235085358673876
Jordan Westburg,676059,98.0,17.0,59.0,41.0,0.265,nan,22.8,60.0,58.8,0.22,0.2948979591836735,20.4,61.199999999999996,58.8,0.234,0.30644897959183676,18.0,66.0,61.199999999999996,0.262,0.32569,18.900000000000002,0.262,0.3517452,18.899599075317383,64.02310180664062,69.25990295410156,0.26533827157676837,0.3369321571448842,17.0,70.0,70.0,0.25738396624472576,0.32863442530998815
Jake Meyers,676694,89.0,3.0,53.0,24.0,0.292,0.37927350427350426,0.0,50.4,40.8,0.25,0.2853932584269663,9.6,57.599999999999994,50.4,0.249,0.30169662921348317,10.799999999999999,54.0,46.8,0.221,0.27871,10.799999999999999,0.221,0.27871,10.121899604797363,41.370201110839844,39.93579864501953,0.23927076991466867,0.3033722102491951,13.0,51.0,55.0,0.24129353233830847,0.3069831957151224
Tommy Edman,669242,112.0,13.0,49.0,49.0,0.225,0.28700980392156866,34.8,74.39999999999999,78.0,0.26,0.3625,26.4,68.39999999999999,68.39999999999999,0.254,0.34025,16.8,66.0,61.199999999999996,0.264,0.34246,16.8,0.264,0.34246,12.192700386047363,55.037899017333984,52.36520004272461,0.2515695141087638,0.3081130186595725,13.0,66.0,54.0,0.2570093457943925,0.3141717019255069
Miguel Andujar,609280,85.0,10.0,36.0,44.0,0.318,nan,13.2,72.0,66.0,0.321,0.35882352941176476,15.6,67.2,61.199999999999996,0.281,0.3384117647058824,12.0,62.4,56.4,0.263,0.30065,12.0,0.263,0.28862399999999994,9.538599967956543,42.584800720214844,41.39390182495117,0.27481227800870806,0.32081307791950275,10.0,45.0,45.0,0.2696335078534031,0.3128237947821617
Victor Caratini,605170,42.0,12.0,35.0,46.0,0.259,0.30895833333333333,13.2,61.199999999999996,51.6,0.25,0.35714285714285715,16.8,62.4,56.4,0.249,0.3375714285714286,15.6,61.199999999999996,55.199999999999996,0.242,0.31519,15.6,0.242,0.31519,6.734799861907959,25.167999267578125,25.313899993896484,0.25014629143690204,0.3167112192765607,7.0,27.0,31.0,0.233201581027668,0.290947481360234
Bo Naylor,666310,79.0,14.0,46.0,47.0,0.195,0.29747474747474745,27.599999999999998,60.0,57.599999999999994,0.194,0.3063291139240506,22.8,62.4,58.8,0.224,0.3121645569620253,15.6,57.599999999999994,50.4,0.217,0.30141,15.6,0.217,0.30141,14.771499633789062,44.645301818847656,46.435699462890625,0.22132861527045958,0.30948727698115397,16.0,55.0,57.0,0.21717171717171718,0.3070918098589891
Liam Hicks,689414,70.0,6.0,37.0,45.0,0.247,0.328125,7.199999999999999,57.599999999999994,48.0,0.254,0.3221428571428572,13.2,60.0,54.0,0.251,0.32007142857142856,8.4,57.599999999999994,49.199999999999996,0.247,0.3114,8.4,0.247,0.3114,2.2583999633789062,17.75909996032715,14.894499778747559,0.23346801334323888,0.29730668957303336,4.0,43.0,40.0,0.24731182795698925,0.30622313844746557
Daniel Schneemann,682177,56.0,12.0,48.0,41.0,0.206,0.3078828828828829,19.2,62.4,57.599999999999994,0.24,0.32946428571428577,18.0,62.4,57.599999999999994,0.245,0.3237321428571429,19.2,60.0,55.199999999999996,0.221,0.29759,19.2,0.221,0.29759,4.86359977722168,22.841899871826172,21.291000366210938,0.22075852648580718,0.29016668084391456,10.0,48.0,46.0,0.2282051282051282,0.3003426428545605
Gabriel Arias,672356,99.0,11.0,44.0,54.0,0.22,0.2873134328358209,21.599999999999998,67.2,64.8,0.264,0.3333333333333333,20.4,66.0,62.4,0.256,0.32566666666666666,14.399999999999999,55.199999999999996,50.4,0.216,0.28694,14.399999999999999,0.216,0.26398479999999996,8.04740047454834,31.488000869750977,32.543399810791016,0.24112463916037308,0.2997003246132053,11.0,43.0,45.0,0.25,0.30771448445508853
Jake Burger,669394,106.0,16.0,43.0,53.0,0.236,0.32182320441988954,15.6,46.8,46.8,0.186,0.2400943396226415,16.8,55.199999999999996,52.8,0.217,0.27904716981132077,18.0,62.4,58.8,0.245,0.3118,18.900000000000002,0.245,0.33674400000000004,26.22439956665039,65.67939758300781,74.1875,0.24642473996800238,0.32781688501708806,30.0,67.0,90.0,0.24224806201550386,0.3282685914209911
Jared Triolo,669707,43.0,7.0,41.0,24.0,0.227,nan,0.0,34.8,30.0,0.175,0.19534883720930232,12.0,54.0,49.199999999999996,0.226,0.2566744186046512,12.0,57.599999999999994,51.6,0.237,0.28425,12.0,0.237,0.28425,4.5269999504089355,26.629600524902344,24.530099868774414,0.24459839615087967,0.3055768964936982,7.0,51.0,46.0,0.25,0.3044652486264836
Javier Sanoja,691594,57.0,6.0,40.0,38.0,0.243,0.28375,9.6,67.2,61.199999999999996,0.308,0.31842105263157894,14.399999999999999,63.599999999999994,58.8,0.27,0.3182105263157895,7.199999999999999,50.4,43.199999999999996,0.215,0.24349,7.199999999999999,0.215,0.24349,2.746999979019165,23.681800842285156,21.658199310302734,0.262722878237286,0.29930783320164456,5.0,57.0,58.0,0.26750448833034113,0.2987146839722619
Gabriel Moreno,672515,84.0,9.0,44.0,40.0,0.285,nan,0.0,49.199999999999996,36.0,0.23,0.2738095238095238,9.6,56.4,48.0,0.24,0.2959047619047619,8.4,63.599999999999994,52.8,0.276,0.32303,8.82,0.276,0.3488724,9.603500366210938,48.99800109863281,48.266700744628906,0.2833473986908037,0.34167324312964387,8.0,42.0,45.0,0.2857142857142857,0.34135252896023566
Jonah Heim,641680,84.0,11.0,38.0,43.0,0.213,0.25844155844155847,26.4,73.2,70.8,0.276,0.3464285714285714,21.599999999999998,67.2,63.599999999999994,0.261,0.3322142857142857,14.399999999999999,60.0,54.0,0.238,0.3076,14.399999999999999,0.238,0.3076,10.355899810791016,34.88420104980469,35.93109893798828,0.23644331983699376,0.29822075796352954,14.0,47.0,56.0,0.23076923076923078,0.2934424466644691
Nolan Gorman,669357,64.0,14.0,48.0,46.0,0.205,0.3317901234567901,8.4,49.199999999999996,37.199999999999996,0.189,0.27890625,14.399999999999999,57.599999999999994,49.199999999999996,0.225,0.298453125,16.8,58.8,52.8,0.224,0.31514,16.8,0.224,0.31514,18.2106990814209,44.43830108642578,50.229000091552734,0.2248793302307471,0.31502846024365116,26.0,66.0,74.0,0.23043478260869565,0.3216752857262587
Patrick Bailey,672275,87.0,6.0,47.0,55.0,0.222,0.2762254901960784,0.0,33.6,26.4,0.16,0.20919540229885056,9.6,49.199999999999996,43.199999999999996,0.207,0.26359770114942527,9.6,54.0,46.8,0.223,0.25706,9.6,0.223,0.25706,11.021499633789062,45.717498779296875,46.6703987121582,0.2401134675285626,0.2991144382912323,10.0,45.0,45.0,0.2356020942408377,0.29410257752773894
Ezequiel Tovar,678662,70.0,9.0,44.0,33.0,0.253,nan,0.0,43.199999999999996,36.0,0.215,0.26285714285714284,10.799999999999999,55.199999999999996,49.199999999999996,0.235,0.2904285714285714,13.2,62.4,56.4,0.259,0.31182,13.2,0.259,0.31182,21.835899353027344,73.68399810791016,76.72129821777344,0.2601761548300386,0.3169070700251035,23.0,80.0,86.0,0.265,0.3243049323183935
Brayan Rocchio,677587,83.0,5.0,34.0,44.0,0.233,nan,0.0,42.0,33.6,0.205,0.24277108433734937,9.6,52.8,46.8,0.229,0.2803855421686747,9.6,52.8,45.6,0.217,0.28722,10.08,0.217,0.3101976,9.539400100708008,51.807701110839844,45.869998931884766,0.24628499407190516,0.3102819724843011,8.0,65.0,53.0,0.24101479915433405,0.2961361687065977
Adley Rutschman,668939,115.0,9.0,37.0,29.0,0.22,0.31079545454545454,19.2,61.199999999999996,52.8,0.222,0.3217391304347826,18.0,61.199999999999996,55.199999999999996,0.235,0.3198695652173913,15.6,67.2,58.8,0.269,0.35651,16.38,0.269,0.3850308,18.410200119018555,76.79419708251953,64.18299865722656,0.26223548410922526,0.33986891449986123,17.0,69.0,70.0,0.262,0.3358603617428476
Edgar Quero,700337,44.0,5.0,31.0,36.0,0.268,0.31865671641791044,0.0,64.8,48.0,0.314,0.409090909090909,12.0,63.599999999999994,54.0,0.268,0.3635454545454545,10.799999999999999,61.199999999999996,52.8,0.256,0.3402,10.799999999999999,0.256,0.3402,4.158899784088135,16.69230079650879,16.010499954223633,0.23480598134133338,0.3044517224928951,11.0,40.0,51.0,0.24102564102564103,0.3020002626069314
Logan O'Hoppe,681351,93.0,19.0,35.0,43.0,0.213,0.29432773109243704,48.0,85.2,93.6,0.273,0.37043010752688177,32.4,73.2,74.39999999999999,0.26,0.34421505376344086,21.599999999999998,64.8,62.4,0.245,0.32061,21.599999999999998,0.245,0.3077856,18.34280014038086,47.715599060058594,52.94150161743164,0.23950388134538148,0.31983906479923635,21.0,57.0,61.0,0.24018475750577367,0.3219101347369277
Kyle Higashioka,543309,61.0,11.0,33.0,47.0,0.241,nan,8.4,56.4,51.6,0.254,0.29098360655737704,14.399999999999999,60.0,55.199999999999996,0.25,0.3044918032786885,15.6,57.599999999999994,54.0,0.228,0.2966,15.6,0.228,0.2966,12.053400039672852,30.183300018310547,33.53110122680664,0.22172711391283187,0.2961626234339233,11.0,24.0,35.0,0.21524663677130046,0.2872752426076232
Danny Jansen,643376,77.0,14.0,38.0,36.0,0.215,0.3274193548387097,7.199999999999999,44.4,31.2,0.161,0.2818181818181818,13.2,54.0,45.6,0.21,0.2999090909090909,10.799999999999999,57.599999999999994,46.8,0.228,0.31107,10.799999999999999,0.228,0.31107,13.144800186157227,36.64759826660156,38.98139953613281,0.22973396083916817,0.32017194957539374,14.0,42.0,40.0,0.2277580071174377,0.3274433879572668
Rowdy Tellez,642133,65.0,17.0,34.0,49.0,0.228,nan,33.6,55.199999999999996,58.8,0.158,0.2676923076923077,24.0,60.0,58.8,0.213,0.29284615384615387,19.2,61.199999999999996,57.599999999999994,0.23,0.31593,19.2,0.23,0.31593,12.495200157165527,32.855499267578125,37.24100112915039,0.23240091529834625,0.3102002858810595,17.0,41.0,57.0,0.2334152334152334,0.30258517196289947
Casey Schmitt,669477,24.0,12.0,34.0,40.0,0.237,nan,0.0,34.8,32.4,0.182,0.24583333333333335,14.399999999999999,57.599999999999994,52.8,0.235,0.2819166666666667,18.0,58.8,55.199999999999996,0.223,0.28788,18.0,0.223,0.28788,3.2121999263763428,12.607500076293945,13.021499633789062,0.24060083551444347,0.29314930028576186,13.0,53.0,59.0,0.2494279176201373,0.3004644921415704
Rhys Hoskins,656555,104.0,12.0,30.0,43.0,0.237,0.3228971962616823,15.6,69.6,57.599999999999994,0.286,0.37307692307692314,16.8,66.0,57.599999999999994,0.267,0.34553846153846157,14.399999999999999,61.199999999999996,52.8,0.24,0.33902,14.399999999999999,0.24,0.3118984,23.360300064086914,59.1077995300293,65.65299987792969,0.22380814692440731,0.32242943835576,25.0,63.0,72.0,0.22818791946308725,0.3332414257596111
Connor Norby,681393,45.0,8.0,42.0,34.0,0.251,0.30657894736842106,12.0,60.0,57.599999999999994,0.262,0.33444444444444443,15.6,61.199999999999996,56.4,0.252,0.3262222222222222,15.6,58.8,54.0,0.232,0.30679,15.6,0.232,0.30679,15.396699905395508,59.58209991455078,54.10060119628906,0.24338095003449295,0.31008396237754454,19.0,88.0,74.0,0.25316455696202533,0.3190480529188915
Sean Murphy,669221,70.0,16.0,34.0,45.0,0.199,0.33034825870646767,56.4,90.0,96.0,0.254,0.42571428571428566,33.6,73.2,73.2,0.251,0.37185714285714283,19.2,64.8,58.8,0.244,0.34019,19.2,0.244,0.34019,12.11620044708252,38.38309860229492,40.113399505615234,0.23374961861816984,0.3231374746349638,17.0,46.0,55.0,0.23351648351648352,0.32936385173637134
Miguel Rojas,500743,37.0,7.0,35.0,27.0,0.262,nan,0.0,57.599999999999994,52.8,0.297,0.2864864864864865,13.2,61.199999999999996,56.4,0.261,0.30224324324324325,12.0,60.0,54.0,0.248,0.28768,12.0,0.248,0.28768,1.8799999952316284,11.445300102233887,10.917699813842773,0.2577230767732726,0.2986557807780709,5.0,38.0,37.0,0.25588235294117645,0.2956369572394603
Brooks Baldwin,681460,90.0,11.0,32.0,38.0,0.24,nan,18.0,60.0,58.8,0.241,0.28777777777777774,18.0,61.199999999999996,57.599999999999994,0.245,0.3028888888888889,10.799999999999999,52.8,46.8,0.214,0.26232,10.799999999999999,0.214,0.26232,4.979300022125244,22.559600830078125,22.717500686645508,0.2512843868289929,0.2984268705931916,9.0,47.0,47.0,0.24703087885985747,0.2927613647429498
Taylor Walls,670764,81.0,4.0,36.0,38.0,0.22,0.30388127853881286,6.0,39.6,30.0,0.157,0.22469135802469134,13.2,52.8,45.6,0.207,0.2713456790123457,8.4,46.8,38.4,0.187,0.25775,8.568000000000001,0.187,0.26805999999999996,4.353899955749512,24.976200103759766,21.330299377441406,0.21033964247004988,0.2853960928791142,6.0,46.0,31.0,0.20625,0.28031864754185687
Edmundo Sosa,624641,42.0,11.0,30.0,39.0,0.276,nan,0.0,72.0,62.4,0.368,0.3880952380952381,12.0,64.8,58.8,0.284,0.35304761904761905,12.0,60.0,54.0,0.248,0.30905,12.0,0.248,0.30905,4.8277997970581055,21.05970001220703,21.567399978637695,0.24514987921899387,0.2970837130741121,8.0,38.0,33.0,0.2490566037735849,0.31146623389474276
Ryan Mountcastle,663624,100.0,7.0,34.0,35.0,0.25,nan,10.799999999999999,48.0,44.4,0.202,0.27599999999999997,14.399999999999999,55.199999999999996,51.6,0.225,0.297,20.4,66.0,63.599999999999994,0.257,0.30602,21.419999999999998,0.257,0.33050160000000006,17.74839973449707,53.27899932861328,59.202598571777344,0.2604486463450749,0.3267947053921637,19.0,60.0,72.0,0.25773195876288657,0.3168586320949323
Pavin Smith,656976,91.0,8.0,36.0,28.0,0.258,0.30057803468208094,24.0,86.39999999999999,73.2,0.347,0.4785714285714286,20.4,74.39999999999999,64.8,0.295,0.3982857142857143,18.0,63.599999999999994,55.199999999999996,0.235,0.3428,18.0,0.235,0.315376,9.091699600219727,34.70560073852539,34.10240173339844,0.24990517931201175,0.32827277726645726,13.0,53.0,56.0,0.24808184143222506,0.32204019014237967
Jose Iglesias,578428,80.0,3.0,29.0,36.0,0.229,0.26475903614457835,0.0,56.4,49.199999999999996,0.286,0.32249999999999995,9.6,60.0,52.8,0.265,0.32025,9.6,67.2,60.0,0.294,0.3039,9.6,0.294,0.3039,4.406199932098389,27.890499114990234,26.743799209594727,0.26734070225514406,0.2988774382160063,6.0,45.0,39.0,0.2638522427440633,0.29246708267644755
Davis Schneider,676914,21.0,11.0,33.0,31.0,0.234,nan,0.0,42.0,19.2,0.15,0.2857142857142857,14.399999999999999,56.4,48.0,0.217,0.3018571428571428,10.799999999999999,54.0,43.199999999999996,0.21,0.29842,10.799999999999999,0.21,0.29842,8.413200378417969,29.797399520874023,27.704299926757812,0.2200052766852997,0.3128657734921508,17.0,57.0,58.0,0.2200488997555012,0.3217784361269489
Freddy Fermin,666023,50.0,5.0,32.0,26.0,0.251,0.3009433962264151,10.799999999999999,56.4,52.8,0.244,0.266,15.6,60.0,55.199999999999996,0.247,0.29200000000000004,10.799999999999999,60.0,54.0,0.257,0.27674,10.799999999999999,0.257,0.27674,7.279900074005127,30.15690040588379,31.02549934387207,0.25622105023755637,0.3127615218650615,7.0,36.0,39.0,0.25161290322580643,0.29887571537599533
Joey Bart,663698,89.0,4.0,21.0,30.0,0.249,nan,6.0,66.0,50.4,0.297,0.3724719101123595,12.0,63.599999999999994,54.0,0.271,0.34523595505617977,14.399999999999999,60.0,52.8,0.238,0.31224,14.399999999999999,0.238,0.28726080000000004,10.304400444030762,35.493900299072266,38.110599517822266,0.23900137655284623,0.30690017979715123,11.0,40.0,39.0,0.24825174825174826,0.3202499708038139
Jake Bauers,641343,43.0,7.0,28.0,28.0,0.235,nan,25.2,68.39999999999999,61.199999999999996,0.243,0.35348837209302325,20.4,64.8,58.8,0.247,0.33574418604651163,15.6,55.199999999999996,49.199999999999996,0.207,0.30632,15.6,0.207,0.30632,4.269000053405762,13.276399612426758,13.0871000289917,0.19862801957860177,0.2901459159597489,14.0,40.0,43.0,0.21052631578947367,0.30832772327296304
Jose Trevino,624431,71.0,4.0,30.0,22.0,0.238,nan,15.6,74.39999999999999,68.39999999999999,0.323,0.4042253521126761,16.8,67.2,62.4,0.279,0.361112676056338,12.0,56.4,50.4,0.231,0.29074,12.0,0.231,0.29074,6.755000114440918,24.26449966430664,24.770700454711914,0.24620463371402676,0.30129054873312944,6.0,25.0,30.0,0.23983739837398374,0.2851231167901237
Dylan Moore,664238,78.0,11.0,35.0,25.0,0.201,nan,43.199999999999996,87.6,88.8,0.29,0.39423076923076916,28.799999999999997,73.2,72.0,0.266,0.3561153846153846,19.2,60.0,55.199999999999996,0.221,0.33578,19.2,0.221,0.33578,8.166299819946289,35.758201599121094,30.501399993896484,0.20679662834228318,0.29818552780147173,11.0,46.0,37.0,0.20766773162939298,0.30962632404614804
Mitch Garver,641598,57.0,9.0,29.0,30.0,0.209,nan,9.6,55.199999999999996,40.8,0.217,0.31842105263157894,14.399999999999999,60.0,51.6,0.237,0.3182105263157895,12.0,56.4,46.8,0.22,0.32122,12.0,0.22,0.32122,11.769200325012207,33.236900329589844,34.90169906616211,0.21157684280411596,0.30738432175356817,13.0,36.0,42.0,0.20064724919093851,0.2995496650314864
Kyle Farmer,571657,89.0,8.0,24.0,31.0,0.227,nan,0.0,50.4,42.0,0.25,0.2792134831460674,9.6,56.4,50.4,0.249,0.2986067415730337,12.0,58.8,52.8,0.241,0.28821,12.0,0.241,0.28821,4.689499855041504,20.17140007019043,19.650999069213867,0.2551623440551843,0.30993480846846144,8.0,39.0,42.0,0.2514792899408284,0.3046839791600422
Nick Allen,669397,78.0,nan,32.0,22.0,0.221,0.24453441295546557,0.0,58.8,49.199999999999996,0.292,0.30961538461538457,9.6,60.0,52.8,0.267,0.3138076923076923,6.0,48.0,40.8,0.209,0.25235,6.0,0.209,0.25235,2.5717999935150146,19.361299514770508,16.858600616455078,0.25085748496340826,0.2959867546316816,6.0,54.0,53.0,0.2505643340857788,0.2910892730865635
Trey Sweeney,700242,104.0,6.0,36.0,32.0,0.196,0.26201298701298703,4.8,46.8,34.8,0.198,0.2759615384615385,12.0,55.199999999999996,46.8,0.223,0.2969807692307692,9.6,54.0,44.4,0.219,0.28065,9.6,0.219,0.28065,7.539000034332275,30.701799392700195,31.336299896240234,0.22635079432513047,0.2906300138014201,14.0,68.0,58.0,0.22111553784860558,0.2887326791989718
Ben Williamson,810938,53.0,1.0,36.0,21.0,0.253,0.278305785123967,9.6,58.8,52.8,0.26,0.2943396226415095,15.6,61.199999999999996,56.4,0.252,0.3061698113207547,14.399999999999999,61.199999999999996,55.199999999999996,0.248,0.31452,14.399999999999999,0.248,0.31452,0.14100000262260437,1.0227999687194824,0.9139000177383423,0.22557795674317865,0.2762397997010294,4.0,61.0,54.0,0.23588709677419356,0.2868658275112752
Luis Torrens,620443,65.0,5.0,20.0,29.0,0.226,nan,8.4,57.599999999999994,52.8,0.262,0.32230769230769224,14.399999999999999,61.199999999999996,55.199999999999996,0.254,0.3201538461538461,19.2,62.4,58.8,0.241,0.31778,19.2,0.241,0.31778,5.939899921417236,22.7322998046875,22.303699493408203,0.2288528299004863,0.2906335857346208,8.0,28.0,34.0,0.23904382470119523,0.2980390396985141
David Hamilton,666152,32.0,6.0,27.0,19.0,0.198,nan,16.8,43.199999999999996,40.8,0.15,0.134375,18.0,55.199999999999996,50.4,0.204,0.22618749999999999,12.0,55.199999999999996,49.199999999999996,0.225,0.26974,12.0,0.225,0.26974,3.2597999572753906,17.347299575805664,14.621999740600586,0.2313890724148165,0.2964127714839331,10.0,57.0,46.0,0.22921914357682618,0.29301047039358585
Santiago Espinal,669289,70.0,nan,25.0,16.0,0.243,0.2614035087719298,0.0,62.4,50.4,0.312,0.33714285714285713,10.799999999999999,63.599999999999994,55.199999999999996,0.275,0.32757142857142857,9.6,60.0,51.6,0.253,0.29399,9.6,0.253,0.29399,3.7709999084472656,22.87070083618164,21.77899932861328,0.26583198400017494,0.30687390538947484,6.0,38.0,39.0,0.2607449856733524,0.29993831309290864
Michael Toglia,669911,112.0,11.0,22.0,32.0,0.19,0.28577981651376144,14.399999999999999,54.0,51.6,0.219,0.26473214285714286,16.8,58.8,55.199999999999996,0.234,0.2913660714285714,13.2,51.6,48.0,0.205,0.27965,13.2,0.205,0.27965,22.218599319458008,57.50490188598633,62.366798400878906,0.22815698483620642,0.3236679934401702,25.0,70.0,75.0,0.22554890219560877,0.31822738342556184
Thomas Saggese,695336,44.0,2.0,25.0,25.0,0.258,nan,12.0,75.6,69.6,0.341,0.375,16.8,67.2,62.4,0.277,0.34650000000000003,10.799999999999999,54.0,48.0,0.222,0.27081,10.799999999999999,0.222,0.27081,6.753499984741211,25.53499984741211,27.101499557495117,0.24164967551123642,0.2954061057801888,15.0,71.0,73.0,0.24489795918367346,0.2976991438129549
Curtis Mead,678554,42.0,3.0,26.0,19.0,0.233,nan,0.0,32.4,24.0,0.15,0.1988095238095238,12.0,52.8,46.8,0.216,0.2584047619047619,12.0,58.8,51.6,0.242,0.27663,12.0,0.242,0.27663,5.917399883270264,27.079599380493164,27.14310073852539,0.2616949554114295,0.3187331957036054,11.0,59.0,61.0,0.26258205689277897,0.31687091125382316
Nick Fortes,663743,24.0,5.0,19.0,21.0,0.229,nan,0.0,58.8,54.0,0.3,0.3208333333333333,14.399999999999999,61.199999999999996,56.4,0.258,0.3194166666666667,15.6,57.599999999999994,54.0,0.224,0.28378,15.6,0.224,0.28378,7.613900184631348,31.11750030517578,31.96489906311035,0.23937733727290186,0.2909979108317601,7.0,36.0,34.0,0.22950819672131148,0.27674248895129644
Henry Davis,680779,24.0,7.0,25.0,22.0,0.167,0.26372549019607844,22.8,43.199999999999996,49.199999999999996,0.15,0.2625,19.2,58.8,56.4,0.228,0.29025,12.0,49.199999999999996,44.4,0.194,0.26943,12.0,0.194,0.26943,2.9748001098632812,11.551400184631348,11.273699760437012,0.22573600445184602,0.30258459421880113,13.0,49.0,54.0,0.23249299719887956,0.3156910562220915
Max Schuemann,680474,31.0,2.0,20.0,13.0,0.197,nan,0.0,49.199999999999996,39.6,0.241,0.2935483870967742,13.2,58.8,52.8,0.246,0.3057741935483871,10.799999999999999,54.0,46.8,0.22,0.28153,10.799999999999999,0.22,0.28153,2.3452000617980957,14.796299934387207,12.155799865722656,0.21669867806993806,0.2818459628581251,6.0,58.0,44.0,0.22139303482587064,0.2870735655827769
Riley Adams,656180,18.0,8.0,29.0,24.0,0.186,nan,31.2,54.0,61.199999999999996,0.176,0.23055555555555557,20.4,62.4,58.8,0.237,0.2742777777777778,13.2,55.199999999999996,50.4,0.22,0.27613,13.2,0.22,0.27613,4.339900016784668,15.137399673461914,15.720499992370605,0.22580851410651667,0.2984371872650783,9.0,27.0,35.0,0.22265625,0.3042274976356162
Oswald Peraza,672724,36.0,5.0,24.0,20.0,0.164,nan,15.6,52.8,49.199999999999996,0.206,0.2638888888888889,16.8,60.0,55.199999999999996,0.237,0.29094444444444445,13.2,55.199999999999996,49.199999999999996,0.218,0.28044,13.2,0.218,0.28044,5.990300178527832,22.22130012512207,21.290800094604492,0.23278979510540254,0.30020335367648265,14.0,59.0,58.0,0.23218390804597702,0.29553835137618634
Ezequiel Duran,677649,15.0,nan,16.0,14.0,0.224,nan,0.0,28.799999999999997,26.4,0.15,0.0,15.6,55.199999999999996,50.4,0.216,0.159,9.6,57.599999999999994,51.6,0.244,0.26562,9.6,0.244,0.26562,4.712800025939941,19.34320068359375,20.003299713134766,0.25456802927181343,0.3036260434438779,11.0,52.0,51.0,0.24465558194774348,0.2958043994766117
Justin Turner,457759,52.0,3.0,14.0,18.0,0.219,nan,0.0,38.4,26.4,0.167,0.2326923076923077,12.0,54.0,46.8,0.22,0.27534615384615385,13.2,64.8,56.4,0.266,0.3225,13.2,0.266,0.3225,7.329100131988525,34.02090072631836,33.91510009765625,0.25354008065203926,0.316857639356622,11.0,54.0,51.0,0.25240384615384615,0.3143366806617769
