player_id,name,type,call,call_date,week1_luck,week1_woba,week1_xwoba,woba_delta,xwoba_delta,mechanism,prediction_correct,last_updated,notes,week2_luck,week2_woba,week2_xwoba,week3_luck,week3_woba,week3_xwoba,week4_luck,week4_woba,week4_xwoba,luck_delta,week5_luck,week5_woba,week5_xwoba,week6_luck,week6_woba,week6_xwoba,week7_luck,week7_woba,week7_xwoba,week8_luck,week8_woba,week8_xwoba,rolling_4wk_woba_delta,rolling_4wk_luck_delta,window_signal
800050,Chase Delauter,Hitter,Buy low,2026-04-22,0.5101,0.317,0.371,0.07200000000000001,0.02200000000000002,confirmed,1.0,2026-05-04,,0.4868,0.317,0.371,0.4414,0.323,0.372,0.4414,0.323,0.372,-0.4825,0.4005,0.327,0.376,0.4005,0.327,0.376,0.4005,0.327,0.376,0.0276,0.389,0.393,0.066,-0.4138,confirming
608070,José Ramírez,Hitter,Buy low,2026-04-22,0.5076,0.363,0.444,-0.023999999999999966,-0.03600000000000003,still_waiting,,2026-05-04,,0.4834,0.363,0.444,0.5053,0.354,0.435,0.5053,0.354,0.435,-0.012000000000000066,0.5447,0.339,0.425,0.5447,0.339,0.425,0.5447,0.339,0.425,0.4956,0.339,0.408,-0.014999999999999958,-0.009699999999999986,still_waiting
664761,Alec Bohm,Hitter,Buy low,2026-04-22,0.4837,0.219,0.273,0.007000000000000006,-0.0040000000000000036,insufficient_movement,,2026-05-04,,0.4983,0.219,0.273,0.5378,0.21,0.264,0.5378,0.21,0.264,-0.0008000000000000229,0.5033,0.222,0.27,0.5033,0.222,0.27,0.5033,0.222,0.27,0.4829,0.226,0.269,0.016000000000000014,-0.05489999999999995,still_waiting
671056,Iván Herrera,Hitter,Buy low,2026-04-22,0.4626,0.367,0.43,0.014000000000000012,-0.02799999999999997,contact_deteriorating,,2026-05-04,,0.4754,0.367,0.43,0.372,0.374,0.426,0.372,0.374,0.426,-0.3103,0.3647,0.38,0.423,0.3647,0.38,0.423,0.3647,0.38,0.423,0.1523,0.381,0.402,0.007000000000000006,-0.2197,still_waiting
686469,Vinnie Pasquantino,Hitter,Buy low,2026-04-22,0.4344,0.273,0.313,0.025999999999999968,0.020000000000000018,confirmed,1.0,2026-05-04,,0.4615,0.273,0.313,0.4319,0.281,0.31,0.4319,0.281,0.31,-0.0907,0.4012,0.29,0.311,0.4012,0.29,0.311,0.4012,0.29,0.311,0.3437,0.299,0.333,0.01799999999999996,-0.0882,still_waiting
663757,Trent Grisham,Hitter,Buy low,2026-04-22,0.4093,0.314,0.401,-0.02400000000000002,-0.006000000000000005,insufficient_movement,,2026-05-04,,0.4228,0.314,0.401,0.4703,0.301,0.384,0.4703,0.301,0.384,0.16800000000000004,0.5319,0.29,0.395,0.5319,0.29,0.395,0.5319,0.29,0.395,0.5773,0.29,0.395,-0.01100000000000001,0.10700000000000004,deepening
592518,Manny Machado,Hitter,Buy low,2026-04-22,0.3749,0.297,0.332,0.041000000000000036,0.030999999999999972,confirmed,1.0,2026-05-04,,0.3802,0.297,0.332,0.3893,0.321,0.362,0.3893,0.321,0.362,-0.1461,0.2767,0.34,0.367,0.2767,0.34,0.367,0.2767,0.34,0.367,0.2288,0.338,0.363,0.017000000000000015,-0.16049999999999998,still_waiting
660670,Ronald Acuña,Hitter,Buy low,2026-04-22,0.3594,0.319,0.388,0.018000000000000016,-0.0050000000000000044,insufficient_movement,,2026-05-04,,0.3939,0.319,0.388,0.3181,0.328,0.391,0.3181,0.328,0.391,-0.1594,0.2611,0.337,0.394,0.2611,0.337,0.394,0.2611,0.337,0.394,0.2,0.337,0.383,0.009000000000000008,-0.11809999999999998,still_waiting
663647,Ke'Bryan Hayes,Hitter,Buy low,2026-04-22,0.3251,0.199,0.305,-0.0020000000000000018,-0.0020000000000000018,insufficient_movement,,2026-05-04,,0.3402,0.199,0.305,0.3639,0.21,0.318,0.3639,0.21,0.318,0.22600000000000003,0.45,0.214,0.324,0.45,0.214,0.324,0.45,0.214,0.324,0.5511,0.197,0.303,-0.012999999999999984,0.18720000000000003,deepening
608369,Corey Seager,Hitter,Buy low,2026-04-22,0.3215,0.332,0.378,-0.02300000000000002,-0.0030000000000000027,insufficient_movement,,2026-05-04,,0.3441,0.332,0.378,0.4011,0.318,0.372,0.4011,0.318,0.372,0.013799999999999979,0.3813,0.31,0.363,0.3813,0.31,0.363,0.3813,0.31,0.363,0.3353,0.309,0.375,-0.009000000000000008,-0.06580000000000003,still_waiting
693307,Dillon Dingler,Hitter,Buy low,2026-04-22,0.3172,0.354,0.459,0.014000000000000012,-0.01200000000000001,insufficient_movement,,2026-05-04,,0.3172,0.354,0.459,0.3172,0.354,0.459,0.3172,0.354,0.459,-0.07159999999999997,0.26,0.369,0.46,0.26,0.369,0.46,0.26,0.369,0.46,0.2456,0.368,0.447,0.014000000000000012,-0.07159999999999997,still_waiting
691720,Kyle Karros,Hitter,Buy low,2026-04-22,0.3064,0.295,0.367,-0.0040000000000000036,-0.015000000000000013,contact_deteriorating,,2026-05-04,,0.3386,0.295,0.367,0.3818,0.285,0.356,0.3818,0.285,0.356,-0.0648,0.3594,0.283,0.344,0.3594,0.283,0.344,0.3594,0.283,0.344,0.2416,0.291,0.352,0.006000000000000005,-0.14019999999999996,still_waiting
607208,Trea Turner,Hitter,Buy low,2026-04-22,0.2791,0.3,0.319,0.0030000000000000027,-0.008000000000000007,insufficient_movement,,2026-05-04,,0.2765,0.3,0.319,0.2661,0.297,0.313,0.2661,0.297,0.313,-0.07120000000000001,0.1599,0.314,0.313,0.1599,0.314,0.313,0.1599,0.314,0.313,0.2079,0.303,0.311,0.006000000000000005,-0.0582,still_waiting
592450,Aaron Judge,Hitter,Buy low,2026-04-22,0.2715,0.424,0.467,0.040000000000000036,0.025999999999999968,confirmed,1.0,2026-05-04,,0.2822,0.424,0.467,0.329,0.427,0.474,0.329,0.427,0.474,-0.10590000000000002,0.2437,0.464,0.509,0.2437,0.464,0.509,0.2437,0.464,0.509,0.1656,0.464,0.493,0.03700000000000003,-0.16340000000000002,confirming
683002,Gunnar Henderson,Hitter,Buy low,2026-04-22,0.2672,0.33,0.373,-0.0020000000000000018,-0.015000000000000013,contact_deteriorating,,2026-05-04,,0.2937,0.33,0.373,0.2663,0.342,0.384,0.2663,0.342,0.384,-0.04719999999999999,0.2549,0.347,0.388,0.2549,0.347,0.388,0.2549,0.347,0.388,0.22,0.328,0.358,-0.014000000000000012,-0.04629999999999998,still_waiting
701538,Jackson Merrill,Hitter,Buy low,2026-04-22,0.2659,0.296,0.338,-0.01200000000000001,-0.02400000000000002,contact_deteriorating,,2026-05-04,,0.2663,0.296,0.338,0.2352,0.299,0.333,0.2352,0.299,0.333,-0.06230000000000002,0.2438,0.284,0.317,0.2438,0.284,0.317,0.2438,0.284,0.317,0.2036,0.284,0.314,-0.015000000000000013,-0.03159999999999999,still_waiting
621020,Dansby Swanson,Hitter,Buy low,2026-04-22,0.2641,0.351,0.394,-0.006000000000000005,-0.0020000000000000018,insufficient_movement,,2026-05-04,,0.3081,0.351,0.394,0.3265,0.338,0.381,0.3265,0.338,0.381,-0.03190000000000001,0.2131,0.356,0.387,0.2131,0.356,0.387,0.2131,0.356,0.387,0.2322,0.345,0.392,0.006999999999999951,-0.09430000000000002,still_waiting
702332,Caleb Durbin,Hitter,Buy low,2026-04-22,0.2641,0.248,0.279,-0.0050000000000000044,-0.0040000000000000036,insufficient_movement,,2026-05-04,,0.2566,0.248,0.279,0.251,0.256,0.275,0.251,0.256,0.275,0.1436,0.2852,0.254,0.284,0.2852,0.254,0.284,0.2852,0.254,0.284,0.4077,0.243,0.275,-0.013000000000000012,0.1567,deepening
805300,Jakob Marsee,Hitter,Buy low,2026-04-22,0.2614,0.27,0.289,-0.007000000000000006,-0.009999999999999953,insufficient_movement,,2026-05-04,,0.2499,0.27,0.289,0.2854,0.261,0.281,0.2854,0.261,0.281,-0.021600000000000008,0.2054,0.269,0.28,0.2054,0.269,0.28,0.2054,0.269,0.28,0.2398,0.263,0.279,0.0020000000000000018,-0.045599999999999974,still_waiting
542303,Marcell Ozuna,Hitter,Buy low,2026-04-22,0.2591,0.247,0.324,0.02200000000000002,-0.009000000000000008,results_improving,,2026-05-04,,0.3006,0.247,0.324,0.2885,0.246,0.321,0.2885,0.246,0.321,-0.10869999999999999,0.35,0.234,0.309,0.35,0.234,0.309,0.35,0.234,0.309,0.1504,0.269,0.315,0.02300000000000002,-0.13809999999999997,confirming
669224,Austin Wells,Hitter,Buy low,2026-04-22,0.2584,0.273,0.347,0.010999999999999954,0.006000000000000005,insufficient_movement,,2026-05-04,,0.2584,0.273,0.347,0.2107,0.273,0.347,0.2107,0.273,0.347,-0.03140000000000001,0.2761,0.293,0.366,0.2761,0.293,0.366,0.2761,0.293,0.366,0.227,0.284,0.353,0.010999999999999954,0.01630000000000001,still_waiting
656941,Kyle Schwarber,Hitter,Buy low,2026-04-22,0.2561,0.354,0.41,0.03500000000000003,0.01100000000000001,results_improving,,2026-05-04,,0.2575,0.354,0.41,0.2644,0.364,0.419,0.2644,0.364,0.419,-0.1668,0.3038,0.361,0.414,0.3038,0.361,0.414,0.3038,0.361,0.414,0.0893,0.389,0.421,0.025000000000000022,-0.17510000000000003,confirming
676475,Alec Burleson,Hitter,Buy low,2026-04-22,0.2553,0.312,0.363,0.032999999999999974,0.025000000000000022,confirmed,1.0,2026-05-04,,0.2979,0.312,0.363,0.298,0.301,0.359,0.298,0.301,0.359,-0.12220000000000003,0.1929,0.32,0.366,0.1929,0.32,0.366,0.1929,0.32,0.366,0.1331,0.345,0.388,0.043999999999999984,-0.1649,confirming
683737,Michael Busch,Hitter,Buy low,2026-04-22,0.2467,0.255,0.29,0.034999999999999976,0.017000000000000015,confirmed,1.0,2026-05-04,,0.2563,0.255,0.29,0.2254,0.27,0.299,0.2254,0.27,0.299,-0.07650000000000001,0.2422,0.265,0.292,0.2422,0.265,0.292,0.2422,0.265,0.292,0.1702,0.29,0.307,0.019999999999999962,-0.0552,still_waiting
701807,Carson Benge,Hitter,Buy low,2026-04-22,0.2429,0.227,0.274,0.011999999999999983,0.007000000000000006,insufficient_movement,,2026-05-04,,0.2429,0.227,0.274,0.2238,0.235,0.278,0.2238,0.235,0.278,0.024500000000000022,0.1928,0.245,0.285,0.1928,0.245,0.285,0.1928,0.245,0.285,0.2674,0.239,0.281,0.0040000000000000036,0.04360000000000003,deepening
670541,Yordan Álvarez,Hitter,Buy low,2026-04-22,0.2413,0.51,0.595,-0.046999999999999986,-0.04599999999999993,still_waiting,,2026-05-04,,0.2267,0.51,0.595,0.2032,0.511,0.589,0.2032,0.511,0.589,0.022999999999999993,0.2133,0.501,0.581,0.2133,0.501,0.581,0.2133,0.501,0.581,0.2643,0.463,0.549,-0.04799999999999999,0.06109999999999999,deepening
666018,Jonathan Aranda,Hitter,Buy low,2026-04-22,0.2367,0.345,0.387,0.0010000000000000009,-0.014000000000000012,insufficient_movement,,2026-05-04,,0.2469,0.345,0.387,0.2318,0.34,0.382,0.2318,0.34,0.382,-0.207,0.1811,0.342,0.382,0.1811,0.342,0.382,0.1811,0.342,0.382,0.0297,0.346,0.373,0.00599999999999995,-0.2021,still_waiting
670770,TJ Friedl,Hitter,Buy low,2026-04-22,0.2346,0.257,0.251,0.017000000000000015,0.015000000000000013,insufficient_movement,,2026-05-04,,0.2508,0.257,0.251,0.2464,0.259,0.249,0.2464,0.259,0.249,-0.02099999999999999,0.2601,0.254,0.244,0.2601,0.254,0.244,0.2601,0.254,0.244,0.2136,0.274,0.266,0.015000000000000013,-0.032799999999999996,still_waiting
663586,Austin Riley,Hitter,Buy low,2026-04-22,0.2339,0.299,0.328,-0.014000000000000012,-0.028000000000000025,contact_deteriorating,,2026-05-04,,0.2342,0.299,0.328,0.2631,0.29,0.32,0.2631,0.29,0.32,-0.032200000000000006,0.2665,0.288,0.312,0.2665,0.288,0.312,0.2665,0.288,0.312,0.2017,0.285,0.3,-0.0050000000000000044,-0.06140000000000001,still_waiting
694497,Evan Carter,Hitter,Buy low,2026-04-22,0.2266,0.322,0.371,-0.04299999999999998,-0.027000000000000024,still_waiting,,2026-05-04,,0.2564,0.322,0.371,0.3048,0.325,0.373,0.3048,0.325,0.373,0.2226,0.3081,0.312,0.366,0.3081,0.312,0.366,0.3081,0.312,0.366,0.4492,0.279,0.344,-0.045999999999999985,0.14439999999999997,deepening
630105,Jake Cronenworth,Hitter,Buy low,2026-04-22,0.2249,0.274,0.33,-0.026000000000000023,-0.015000000000000013,still_waiting,,2026-05-04,,0.2551,0.274,0.33,0.2678,0.262,0.32,0.2678,0.262,0.32,0.03639999999999999,0.3476,0.254,0.321,0.3476,0.254,0.321,0.3476,0.254,0.321,0.2613,0.248,0.315,-0.014000000000000012,-0.006500000000000006,still_waiting
545361,Mike Trout,Hitter,Buy low,2026-04-22,0.2219,0.402,0.455,0.01899999999999996,0.013000000000000012,insufficient_movement,,2026-05-04,,0.2236,0.402,0.455,0.2918,0.404,0.478,0.2918,0.404,0.478,-0.217,0.1864,0.424,0.486,0.1864,0.424,0.486,0.1864,0.424,0.486,0.0049,0.421,0.468,0.01699999999999996,-0.2869,still_waiting
807712,Luke Keaschall,Hitter,Buy low,2026-04-22,0.2208,0.253,0.29,0.02200000000000002,-0.0030000000000000027,results_improving,,2026-05-04,,0.2431,0.253,0.29,0.2325,0.252,0.284,0.2325,0.252,0.284,-0.0728,0.1832,0.271,0.292,0.1832,0.271,0.292,0.1832,0.271,0.292,0.148,0.275,0.287,0.02300000000000002,-0.08450000000000002,confirming
681198,Tj Rumfield,Hitter,Buy low,2026-04-22,0.2169,0.341,0.348,0.0020000000000000018,-0.004999999999999949,insufficient_movement,,2026-05-04,,0.2388,0.341,0.348,0.3324,0.337,0.347,0.3324,0.337,0.347,0.017199999999999993,0.2518,0.344,0.348,0.2518,0.344,0.348,0.2518,0.344,0.348,0.2341,0.343,0.343,0.006000000000000005,-0.09829999999999997,still_waiting
641487,J.P. Crawford,Hitter,Buy low,2026-04-22,0.2156,0.31,0.373,0.0010000000000000009,0.01200000000000001,insufficient_movement,,2026-05-04,,0.2156,0.31,0.373,0.2796,0.296,0.361,0.2796,0.296,0.361,0.04249999999999998,0.4099,0.292,0.377,0.4099,0.292,0.377,0.4099,0.292,0.377,0.2581,0.311,0.385,0.015000000000000013,-0.02150000000000002,still_waiting
701398,Sal Stewart,Hitter,Buy low,2026-04-22,0.214,0.435,0.468,-0.069,-0.050000000000000044,still_waiting,,2026-05-04,,0.2353,0.435,0.468,0.2836,0.42,0.454,0.2836,0.42,0.454,0.22469999999999998,0.2722,0.416,0.449,0.2722,0.416,0.449,0.2722,0.416,0.449,0.4387,0.366,0.418,-0.05399999999999999,0.15509999999999996,deepening
650859,Luis Rengifo,Hitter,Buy low,2026-04-22,0.2093,0.247,0.263,0.016000000000000014,0.021999999999999964,insufficient_movement,,2026-05-04,,0.1993,0.247,0.263,0.2427,0.254,0.284,0.2427,0.254,0.284,0.10179999999999997,0.233,0.251,0.281,0.233,0.251,0.281,0.233,0.251,0.281,0.3111,0.263,0.285,0.009000000000000008,0.06839999999999999,deepening
678662,Ezequiel Tovar,Hitter,Buy low,2026-04-22,0.2028,0.267,0.303,-0.019000000000000017,-0.014000000000000012,insufficient_movement,,2026-05-04,,0.2079,0.267,0.303,0.2497,0.247,0.285,0.2497,0.247,0.285,0.07749999999999999,0.2769,0.239,0.276,0.2769,0.239,0.276,0.2769,0.239,0.276,0.2803,0.248,0.289,0.0010000000000000009,0.03059999999999999,deepening
681082,Bryson Stott,Hitter,Buy low,2026-04-22,0.2025,0.239,0.31,0.02300000000000002,0.0030000000000000027,results_improving,,2026-05-04,,0.2059,0.239,0.31,0.2102,0.236,0.306,0.2102,0.236,0.306,0.15289999999999998,0.2595,0.233,0.3,0.2595,0.233,0.3,0.2595,0.233,0.3,0.3554,0.262,0.313,0.026000000000000023,0.1452,deepening
521692,Salvador Pérez,Hitter,Buy low,2026-04-22,0.2025,0.238,0.311,0.029000000000000026,-0.0010000000000000009,results_improving,,2026-05-04,,0.1996,0.238,0.311,0.1966,0.236,0.304,0.1966,0.236,0.304,-0.10050000000000002,0.1756,0.25,0.324,0.1756,0.25,0.324,0.1756,0.25,0.324,0.102,0.267,0.31,0.031000000000000028,-0.0946,confirming
680574,Matt Mclain,Hitter,Buy low,2026-04-22,0.2009,0.314,0.339,-0.03200000000000003,-0.028000000000000025,still_waiting,,2026-05-04,,0.2196,0.314,0.339,0.2099,0.32,0.342,0.2099,0.32,0.342,0.016600000000000004,0.1722,0.309,0.339,0.1722,0.309,0.339,0.1722,0.309,0.339,0.2175,0.282,0.311,-0.038000000000000034,0.007599999999999996,refuted_4wk
694384,Nolan Schanuel,Hitter,Buy low,2026-04-22,0.199,0.287,0.307,0.013000000000000012,0.01100000000000001,insufficient_movement,,2026-05-04,,0.2194,0.287,0.307,0.2369,0.282,0.31,0.2369,0.282,0.31,-0.11240000000000001,0.1359,0.302,0.315,0.1359,0.302,0.315,0.1359,0.302,0.315,0.0866,0.3,0.318,0.018000000000000016,-0.1503,still_waiting
660271,Shohei Ohtani,Hitter,Buy low,2026-04-22,0.1984,0.355,0.39,0.008000000000000007,0.009000000000000008,insufficient_movement,,2026-05-04,,0.1915,0.355,0.39,0.0794,0.383,0.409,0.0794,0.383,0.409,-0.026099999999999984,-0.0155,0.391,0.417,-0.0155,0.391,0.417,-0.0155,0.391,0.417,0.1723,0.363,0.399,-0.020000000000000018,0.09290000000000001,deepening
669701,Josh Smith,Hitter,Buy low,2026-04-22,0.1943,0.262,0.315,0.021999999999999964,-0.007000000000000006,results_improving,,2026-05-04,,0.1974,0.262,0.315,0.1579,0.276,0.321,0.1579,0.276,0.321,-0.064,0.2251,0.268,0.308,0.2251,0.268,0.308,0.2251,0.268,0.308,0.1303,0.284,0.308,0.007999999999999952,-0.027600000000000013,still_waiting
641355,Cody Bellinger,Hitter,Buy low,2026-04-22,0.1913,0.358,0.391,0.027000000000000024,0.009000000000000008,results_improving,,2026-05-04,,0.1941,0.358,0.391,0.2328,0.345,0.388,0.2328,0.345,0.388,-0.0892,0.237,0.34,0.369,0.237,0.34,0.369,0.237,0.34,0.369,0.1021,0.385,0.4,0.040000000000000036,-0.1307,confirming
691016,Tyler Soderstrom,Hitter,Buy low,2026-04-22,0.186,0.313,0.345,0.013000000000000012,0.01200000000000001,insufficient_movement,,2026-05-04,,0.2109,0.313,0.345,0.1872,0.322,0.35,0.1872,0.322,0.35,-0.025999999999999995,0.187,0.317,0.345,0.187,0.317,0.345,0.187,0.317,0.345,0.16,0.326,0.357,0.0040000000000000036,-0.027200000000000002,still_waiting
606466,Ketel Marte,Hitter,Buy low,2026-04-22,0.1829,0.326,0.382,-0.03200000000000003,-0.014000000000000012,insufficient_movement,,2026-05-04,,0.1569,0.326,0.382,0.1665,0.32,0.372,0.1665,0.32,0.372,0.07079999999999997,0.2058,0.311,0.372,0.2058,0.311,0.372,0.2058,0.311,0.372,0.2537,0.294,0.368,-0.026000000000000023,0.08719999999999997,deepening
647304,Josh Naylor,Hitter,Buy low,2026-04-22,0.1805,0.278,0.331,0.0020000000000000018,0.0040000000000000036,insufficient_movement,,2026-05-04,,0.2102,0.278,0.331,0.2102,0.278,0.331,0.2102,0.278,0.331,-0.013899999999999996,0.2159,0.295,0.355,0.2159,0.295,0.355,0.2159,0.295,0.355,0.1666,0.28,0.335,0.0020000000000000018,-0.0436,still_waiting
808959,Munetaka Murakami,Hitter,Buy low,2026-04-22,0.1764,0.365,0.412,0.0020000000000000018,-0.0030000000000000027,insufficient_movement,,2026-05-04,,0.1938,0.365,0.412,0.228,0.352,0.402,0.228,0.352,0.402,0.013899999999999996,0.1636,0.357,0.402,0.1636,0.357,0.402,0.1636,0.357,0.402,0.1903,0.367,0.409,0.015000000000000013,-0.03770000000000001,still_waiting
680757,Steven Kwan,Hitter,Buy low,2026-04-22,0.1728,0.3,0.305,-0.0040000000000000036,-0.006000000000000005,insufficient_movement,,2026-05-04,,0.1913,0.3,0.305,0.1863,0.295,0.304,0.1863,0.295,0.304,-0.0345,0.1719,0.289,0.291,0.1719,0.289,0.291,0.1719,0.289,0.291,0.1383,0.296,0.299,0.0010000000000000009,-0.04799999999999999,still_waiting
663886,Tyler Stephenson,Hitter,Buy low,2026-04-22,0.1719,0.267,0.363,0.01200000000000001,0.0050000000000000044,insufficient_movement,,2026-05-04,,0.173,0.267,0.363,0.1862,0.264,0.358,0.1862,0.264,0.358,0.020199999999999996,0.2013,0.262,0.353,0.2013,0.262,0.353,0.2013,0.262,0.353,0.1921,0.279,0.368,0.015000000000000013,0.005899999999999989,still_waiting
678246,Miguel Vargas,Hitter,Buy low,2026-04-22,0.1706,0.36,0.401,0.0010000000000000009,-0.0030000000000000027,insufficient_movement,,2026-05-04,,0.1744,0.36,0.401,0.1763,0.35,0.395,0.1763,0.35,0.395,-0.1057,0.1525,0.368,0.41,0.1525,0.368,0.41,0.1525,0.368,0.41,0.0649,0.361,0.398,0.01100000000000001,-0.11140000000000001,still_waiting
605170,Víctor Caratini,Hitter,Buy low,2026-04-22,0.1679,0.291,0.354,-0.006000000000000005,-0.013999999999999957,insufficient_movement,,2026-05-04,,0.1651,0.291,0.354,0.1651,0.291,0.354,0.1651,0.291,0.354,-0.007500000000000007,0.1996,0.278,0.34,0.1996,0.278,0.34,0.1996,0.278,0.34,0.1604,0.285,0.34,-0.006000000000000005,-0.00470000000000001,still_waiting
593428,Xander Bogaerts,Hitter,Buy low,2026-04-22,0.1625,0.371,0.374,-0.017000000000000015,-0.016000000000000014,contact_deteriorating,,2026-05-04,,0.1548,0.371,0.374,0.1522,0.365,0.368,0.1522,0.365,0.368,-0.07730000000000001,0.1112,0.376,0.379,0.1112,0.376,0.379,0.1112,0.376,0.379,0.0852,0.354,0.358,-0.01100000000000001,-0.067,still_waiting
547180,Bryce Harper,Hitter,Buy low,2026-04-22,0.151,0.397,0.43,-0.02300000000000002,-0.02799999999999997,still_waiting,,2026-05-04,,0.1493,0.397,0.43,0.1586,0.383,0.415,0.1586,0.383,0.415,0.0,0.1214,0.388,0.411,0.1214,0.388,0.411,0.1214,0.388,0.411,0.151,0.374,0.402,-0.009000000000000008,-0.007599999999999996,still_waiting
681715,Heriberto Hernandez,Hitter,Slight buy,2026-04-22,0.1466,0.261,0.291,-0.0020000000000000018,0.0020000000000000018,insufficient_movement,,2026-05-04,,0.1466,0.261,0.291,0.1649,0.259,0.293,0.1649,0.259,0.293,0.018299999999999983,0.1649,0.259,0.293,0.1649,0.259,0.293,0.1649,0.259,0.293,0.1649,0.259,0.293,0.0,0.0,still_waiting
650402,Gleyber Torres,Hitter,Slight buy,2026-04-22,0.1454,0.313,0.349,0.028000000000000025,0.016000000000000014,confirmed,1.0,2026-05-04,,0.1337,0.313,0.349,0.0509,0.34,0.364,0.0509,0.34,0.364,-0.1168,0.0955,0.337,0.362,0.0955,0.337,0.362,0.0955,0.337,0.362,0.0286,0.341,0.365,0.0010000000000000009,-0.0223,still_waiting
681351,Logan O'Hoppe,Hitter,Slight buy,2026-04-22,0.1336,0.268,0.298,0.0,0.0,insufficient_movement,,2026-05-04,,0.1239,0.268,0.298,0.1239,0.268,0.298,0.1239,0.268,0.298,-0.0692,0.1239,0.268,0.298,0.1239,0.268,0.298,0.1239,0.268,0.298,0.0644,0.268,0.298,0.0,-0.0595,still_waiting
663728,Cal Raleigh,Hitter,Slight buy,2026-04-22,0.1334,0.298,0.336,-0.010000000000000009,0.0,insufficient_movement,,2026-05-04,,0.113,0.298,0.336,0.1182,0.305,0.342,0.1182,0.305,0.342,0.0718,0.1547,0.299,0.338,0.1547,0.299,0.338,0.1547,0.299,0.338,0.2052,0.288,0.336,-0.017000000000000015,0.087,deepening
701350,Roman Anthony,Hitter,Slight buy,2026-04-22,0.1329,0.296,0.349,0.0030000000000000027,-0.0020000000000000018,insufficient_movement,,2026-05-04,,0.1329,0.296,0.349,0.161,0.291,0.347,0.161,0.291,0.347,-0.008299999999999988,0.1806,0.281,0.331,0.1806,0.281,0.331,0.1806,0.281,0.331,0.1246,0.299,0.347,0.008000000000000007,-0.0364,still_waiting
671732,Lawrence Butler,Hitter,Slight buy,2026-04-22,0.1294,0.256,0.321,0.013000000000000012,0.0030000000000000027,insufficient_movement,,2026-05-04,,0.1274,0.256,0.321,0.1324,0.255,0.324,0.1324,0.255,0.324,0.05930000000000002,0.1338,0.252,0.321,0.1338,0.252,0.321,0.1338,0.252,0.321,0.1887,0.269,0.324,0.014000000000000012,0.05630000000000002,deepening
701358,Cam Smith,Hitter,Slight buy,2026-04-22,0.1149,0.309,0.362,0.007000000000000006,-0.007000000000000006,insufficient_movement,,2026-05-04,,0.1174,0.309,0.362,0.1279,0.31,0.362,0.1279,0.31,0.362,-0.0678,0.0931,0.307,0.352,0.0931,0.307,0.352,0.0931,0.307,0.352,0.0471,0.316,0.355,0.006000000000000005,-0.08080000000000001,still_waiting
687597,Jordan Beck,Hitter,Slight buy,2026-04-22,0.1108,0.222,0.272,0.0,0.0040000000000000036,insufficient_movement,,2026-05-04,,0.1145,0.222,0.272,0.1502,0.223,0.271,0.1502,0.223,0.271,0.06280000000000001,0.1391,0.234,0.282,0.1391,0.234,0.282,0.1391,0.234,0.282,0.1736,0.222,0.276,-0.0010000000000000009,0.023400000000000004,still_waiting
668715,Spencer Steer,Hitter,Slight buy,2026-04-22,0.1088,0.325,0.367,0.015000000000000013,0.020000000000000018,insufficient_movement,,2026-05-04,,0.116,0.325,0.367,0.188,0.311,0.357,0.188,0.311,0.357,-0.014799999999999994,0.2418,0.319,0.369,0.2418,0.319,0.369,0.2418,0.319,0.369,0.094,0.34,0.387,0.029000000000000026,-0.094,confirming
596019,Francisco Lindor,Hitter,Slight buy,2026-04-22,0.1071,0.304,0.336,0.0,0.0,insufficient_movement,,2026-05-04,,0.1071,0.304,0.336,0.1071,0.304,0.336,0.1071,0.304,0.336,0.0,0.1071,0.304,0.336,0.1071,0.304,0.336,0.1071,0.304,0.336,0.1071,0.304,0.336,0.0,0.0,still_waiting
694212,Samuel Basallo,Hitter,Slight buy,2026-04-22,0.1009,0.321,0.371,0.014000000000000012,-0.01200000000000001,insufficient_movement,,2026-05-04,,0.1108,0.321,0.371,0.0976,0.341,0.385,0.0976,0.341,0.385,-0.0724,0.0589,0.351,0.393,0.0589,0.351,0.393,0.0589,0.351,0.393,0.0285,0.335,0.359,-0.006000000000000005,-0.06910000000000001,still_waiting
691723,Coby Mayo,Hitter,Slight buy,2026-04-22,0.1009,0.283,0.325,-0.04299999999999998,-0.041000000000000036,still_waiting,,2026-05-04,,0.1108,0.283,0.325,0.091,0.283,0.325,0.091,0.283,0.325,0.027999999999999983,0.0917,0.272,0.315,0.0917,0.272,0.315,0.0917,0.272,0.315,0.1289,0.24,0.284,-0.04299999999999998,0.03789999999999999,deepening
804606,Konnor Griffin,Hitter,Slight sell,2026-04-22,-0.0863,0.294,0.281,0.040000000000000036,0.035999999999999976,results_declining,,2026-05-04,,-0.0822,0.294,0.281,-0.0804,0.292,0.28,-0.0804,0.292,0.28,-0.16570000000000001,-0.0481,0.298,0.293,-0.0481,0.298,0.293,-0.0481,0.298,0.293,-0.252,0.334,0.317,0.04200000000000004,-0.1716,deepening
686555,Isaac Collins,Hitter,Slight sell,2026-04-22,-0.0895,0.298,0.282,0.02200000000000002,0.04300000000000004,refuted,0.0,2026-05-04,,-0.0852,0.298,0.282,-0.0986,0.324,0.311,-0.0986,0.324,0.311,0.0155,-0.0362,0.317,0.318,-0.0362,0.317,0.318,-0.0362,0.317,0.318,-0.074,0.32,0.325,-0.0040000000000000036,0.024599999999999997,still_waiting
666397,Edouard Julien,Hitter,Slight sell,2026-04-22,-0.0924,0.333,0.36,0.01699999999999996,0.0040000000000000036,insufficient_movement,,2026-05-04,,-0.0924,0.333,0.36,-0.1241,0.342,0.366,-0.1241,0.342,0.366,-0.1108,-0.2094,0.374,0.388,-0.2094,0.374,0.388,-0.2094,0.374,0.388,-0.2032,0.35,0.364,0.007999999999999952,-0.07909999999999999,deepening
687859,Troy Johnston,Hitter,Slight sell,2026-04-22,-0.0984,0.364,0.339,0.0050000000000000044,-0.008000000000000007,insufficient_movement,,2026-05-04,,-0.1093,0.364,0.339,-0.1367,0.36,0.341,-0.1367,0.36,0.341,-0.09519999999999999,-0.1542,0.365,0.341,-0.1542,0.365,0.341,-0.1542,0.365,0.341,-0.1936,0.369,0.331,0.009000000000000008,-0.056900000000000006,deepening
808982,Jung Hoo Lee,Hitter,Slight sell,2026-04-22,-0.0991,0.358,0.356,-0.014999999999999958,-0.01200000000000001,insufficient_movement,,2026-05-04,,-0.0944,0.358,0.356,-0.172,0.382,0.365,-0.172,0.382,0.365,0.022699999999999998,-0.1377,0.368,0.356,-0.1377,0.368,0.356,-0.1377,0.368,0.356,-0.0764,0.343,0.344,-0.03899999999999998,0.09559999999999999,confirming
696100,Hunter Goodman,Hitter,Slight sell,2026-04-22,-0.1007,0.37,0.36,-0.017000000000000015,-0.007000000000000006,insufficient_movement,,2026-05-04,,-0.1007,0.37,0.36,-0.0796,0.375,0.366,-0.0796,0.375,0.366,0.17809999999999998,-0.0205,0.358,0.351,-0.0205,0.358,0.351,-0.0205,0.358,0.351,0.0774,0.353,0.353,-0.02200000000000002,0.157,confirming
650489,Willi Castro,Hitter,Slight sell,2026-04-22,-0.1055,0.299,0.287,-0.01100000000000001,-0.011999999999999955,insufficient_movement,,2026-05-04,,-0.1055,0.299,0.287,-0.0844,0.299,0.287,-0.0844,0.299,0.287,-0.002700000000000008,-0.0844,0.299,0.287,-0.0844,0.299,0.287,-0.0844,0.299,0.287,-0.1082,0.288,0.275,-0.01100000000000001,-0.0238,still_waiting
694388,Joey Loperfido,Hitter,Slight sell,2026-04-22,-0.1063,0.305,0.27,0.0,0.0,insufficient_movement,,2026-05-04,,-0.1063,0.305,0.27,-0.1063,0.305,0.27,-0.1063,0.305,0.27,0.024000000000000007,-0.1063,0.305,0.27,-0.1063,0.305,0.27,-0.1063,0.305,0.27,-0.0823,0.305,0.27,0.0,0.024000000000000007,still_waiting
553993,Eugenio Suárez,Hitter,Slight sell,2026-04-22,-0.1069,0.345,0.304,0.0,0.0010000000000000009,insufficient_movement,,2026-05-04,,-0.1069,0.345,0.304,-0.1069,0.345,0.304,-0.1069,0.345,0.304,0.000899999999999998,-0.1069,0.345,0.304,-0.1069,0.345,0.304,-0.1069,0.345,0.304,-0.106,0.345,0.305,0.0,0.000899999999999998,still_waiting
645277,Ozzie Albies,Hitter,Slight sell,2026-04-22,-0.1093,0.385,0.344,0.024999999999999967,0.026000000000000023,results_declining,,2026-05-04,,-0.1093,0.385,0.344,-0.0953,0.379,0.341,-0.0953,0.379,0.341,-0.023000000000000007,-0.0863,0.389,0.353,-0.0863,0.389,0.353,-0.0863,0.389,0.353,-0.1323,0.41,0.37,0.030999999999999972,-0.037000000000000005,deepening
592885,Christian Yelich,Hitter,Slight sell,2026-04-22,-0.1144,0.353,0.28,0.0,0.0,insufficient_movement,,2026-05-04,,-0.1144,0.353,0.28,-0.0858,0.353,0.28,-0.0858,0.353,0.28,0.0267,-0.0858,0.353,0.28,-0.0858,0.353,0.28,-0.0858,0.353,0.28,-0.0877,0.353,0.28,0.0,-0.001899999999999999,still_waiting
691781,Brady House,Hitter,Slight sell,2026-04-22,-0.1148,0.302,0.306,-0.009000000000000008,0.0010000000000000009,insufficient_movement,,2026-05-04,,-0.1148,0.302,0.306,-0.0836,0.293,0.3,-0.0836,0.293,0.3,0.0612,-0.0401,0.283,0.293,-0.0401,0.283,0.293,-0.0401,0.283,0.293,-0.0536,0.293,0.307,0.0,0.029999999999999992,still_waiting
643289,Mauricio Dubón,Hitter,Slight sell,2026-04-22,-0.1158,0.35,0.31,-0.0020000000000000018,0.01200000000000001,insufficient_movement,,2026-05-04,,-0.1158,0.35,0.31,-0.1444,0.36,0.317,-0.1444,0.36,0.317,0.06609999999999999,-0.1334,0.358,0.314,-0.1334,0.358,0.314,-0.1334,0.358,0.314,-0.0497,0.348,0.322,-0.01200000000000001,0.0947,still_waiting
683146,Brett Baty,Hitter,Slight sell,2026-04-22,-0.1187,0.289,0.289,-0.006000000000000005,0.010000000000000009,insufficient_movement,,2026-05-04,,-0.1187,0.289,0.289,-0.0483,0.27,0.283,-0.0483,0.27,0.283,0.06409999999999999,-0.0061,0.266,0.289,-0.0061,0.266,0.289,-0.0061,0.266,0.289,-0.0546,0.283,0.299,0.012999999999999956,-0.0063,still_waiting
609280,Miguel Andújar,Hitter,Slight sell,2026-04-22,-0.1198,0.374,0.263,0.01200000000000001,0.046999999999999986,contact_improving,,2026-05-04,,-0.1198,0.374,0.263,-0.1225,0.37,0.279,-0.1225,0.37,0.279,-0.037799999999999986,-0.1322,0.372,0.283,-0.1322,0.372,0.283,-0.1322,0.372,0.283,-0.1576,0.386,0.31,0.016000000000000014,-0.03509999999999999,deepening
693304,Nick Gonzales,Hitter,Slight sell,2026-04-22,-0.1219,0.307,0.322,0.03500000000000003,0.019000000000000017,results_declining,,2026-05-04,,-0.1161,0.307,0.322,-0.164,0.315,0.325,-0.164,0.315,0.325,-0.2021,-0.3017,0.338,0.334,-0.3017,0.338,0.334,-0.3017,0.338,0.334,-0.324,0.342,0.341,0.027000000000000024,-0.16,deepening
691594,Javier Sanoja,Hitter,Slight sell,2026-04-22,-0.1302,0.36,0.279,-0.01699999999999996,-0.020000000000000018,insufficient_movement,,2026-05-04,,-0.1241,0.36,0.279,-0.1241,0.36,0.279,-0.1241,0.36,0.279,-0.03159999999999999,-0.1249,0.352,0.272,-0.1249,0.352,0.272,-0.1249,0.352,0.272,-0.1618,0.343,0.259,-0.01699999999999996,-0.0377,deepening
650490,Yandy Díaz,Hitter,Slight sell,2026-04-22,-0.1319,0.391,0.392,0.01100000000000001,0.032999999999999974,contact_improving,,2026-05-04,,-0.1256,0.391,0.392,-0.1055,0.401,0.409,-0.1055,0.401,0.409,0.052799999999999986,-0.0721,0.391,0.407,-0.0721,0.391,0.407,-0.0721,0.391,0.407,-0.0791,0.402,0.425,0.0010000000000000009,0.026399999999999993,still_waiting
691718,Pete Crow-Armstrong,Hitter,Slight sell,2026-04-22,-0.1329,0.266,0.266,0.021999999999999964,0.045999999999999985,refuted,0.0,2026-05-04,,-0.1265,0.266,0.266,-0.1123,0.27,0.273,-0.1123,0.27,0.273,0.11929999999999999,-0.1272,0.286,0.289,-0.1272,0.286,0.289,-0.1272,0.286,0.289,-0.0136,0.288,0.312,0.01799999999999996,0.0987,still_waiting
686894,Joey Wiemer,Hitter,Slight sell,2026-04-22,-0.1332,0.374,0.303,-0.014000000000000012,-0.016000000000000014,insufficient_movement,,2026-05-04,,-0.148,0.374,0.303,-0.148,0.374,0.303,-0.148,0.374,0.303,-0.04629999999999998,-0.111,0.374,0.303,-0.111,0.374,0.303,-0.111,0.374,0.303,-0.1795,0.36,0.287,-0.014000000000000012,-0.0315,deepening
664728,Kyle Isbel,Hitter,Slight sell,2026-04-22,-0.1366,0.348,0.335,-0.0040000000000000036,-0.006000000000000005,insufficient_movement,,2026-05-04,,-0.1366,0.348,0.335,-0.1093,0.348,0.335,-0.1093,0.348,0.335,-0.0809,-0.1617,0.351,0.335,-0.1617,0.351,0.335,-0.1617,0.351,0.335,-0.2175,0.344,0.329,-0.0040000000000000036,-0.1082,deepening
676391,Ernie Clement,Hitter,Slight sell,2026-04-22,-0.1382,0.334,0.287,-0.016000000000000014,0.0010000000000000009,insufficient_movement,,2026-05-04,,-0.1382,0.334,0.287,-0.1506,0.333,0.281,-0.1506,0.333,0.281,0.11359999999999999,-0.0436,0.323,0.28,-0.0436,0.323,0.28,-0.0436,0.323,0.28,-0.0246,0.318,0.288,-0.015000000000000013,0.126,still_waiting
686948,Drake Baldwin,Hitter,Slight sell,2026-04-22,-0.1386,0.395,0.412,0.0040000000000000036,0.0050000000000000044,insufficient_movement,,2026-05-04,,-0.132,0.395,0.412,-0.1702,0.401,0.421,-0.1702,0.401,0.421,-0.060200000000000004,-0.1114,0.39,0.413,-0.1114,0.39,0.413,-0.1114,0.39,0.413,-0.1988,0.399,0.417,-0.0020000000000000018,-0.028600000000000014,still_waiting
695506,Jac Caglianone,Hitter,Slight sell,2026-04-22,-0.1404,0.324,0.341,0.009000000000000008,-0.0010000000000000009,insufficient_movement,,2026-05-04,,-0.156,0.324,0.341,-0.1726,0.339,0.355,-0.1726,0.339,0.355,-0.061,-0.1599,0.325,0.341,-0.1599,0.325,0.341,-0.1599,0.325,0.341,-0.2014,0.333,0.34,-0.006000000000000005,-0.028799999999999992,still_waiting
575929,Willson Contreras,Hitter,Slight sell,2026-04-22,-0.1432,0.366,0.395,0.025000000000000022,0.035999999999999976,still_waiting,,2026-05-04,,-0.159,0.366,0.395,-0.1408,0.377,0.407,-0.1408,0.377,0.407,0.0015999999999999903,-0.1409,0.373,0.402,-0.1409,0.373,0.402,-0.1409,0.373,0.402,-0.1416,0.391,0.431,0.014000000000000012,-0.0007999999999999952,still_waiting
668885,Austin Martin,Hitter,Slight sell,2026-04-22,-0.1442,0.448,0.393,-0.019000000000000017,-0.006000000000000005,insufficient_movement,,2026-05-04,,-0.1602,0.448,0.393,-0.1602,0.448,0.393,-0.1602,0.448,0.393,-0.0869,-0.1498,0.436,0.391,-0.1498,0.436,0.391,-0.1498,0.436,0.391,-0.2311,0.429,0.387,-0.019000000000000017,-0.07089999999999999,deepening
802415,Chandler Simpson,Hitter,Sell high,2026-04-22,-0.1505,0.305,0.279,-0.007000000000000006,-0.014000000000000012,insufficient_movement,,2026-05-04,,-0.1505,0.305,0.279,-0.1807,0.318,0.282,-0.1807,0.318,0.282,0.0179,-0.1399,0.31,0.278,-0.1399,0.31,0.278,-0.1399,0.31,0.278,-0.1326,0.298,0.265,-0.020000000000000018,0.048100000000000004,confirming
701762,Nick Kurtz,Hitter,Sell high,2026-04-22,-0.1517,0.384,0.432,-0.018000000000000016,-0.04199999999999998,insufficient_movement,,2026-05-04,,-0.1517,0.384,0.432,-0.1479,0.379,0.426,-0.1479,0.379,0.426,-0.02990000000000001,-0.1324,0.37,0.417,-0.1324,0.37,0.417,-0.1324,0.37,0.417,-0.1816,0.366,0.39,-0.013000000000000012,-0.03370000000000001,deepening
691026,Masyn Winn,Hitter,Sell high,2026-04-22,-0.156,0.357,0.314,-0.020999999999999963,0.010000000000000009,results_declining,,2026-05-04,,-0.156,0.357,0.314,-0.133,0.341,0.301,-0.133,0.341,0.301,0.02360000000000001,-0.109,0.328,0.311,-0.109,0.328,0.311,-0.109,0.328,0.311,-0.1324,0.336,0.324,-0.0050000000000000044,0.0006000000000000172,still_waiting
621566,Matt Olson,Hitter,Sell high,2026-04-22,-0.1564,0.408,0.402,0.016000000000000014,0.019999999999999962,contact_improving,,2026-05-04,,-0.1408,0.408,0.402,-0.1187,0.411,0.405,-0.1187,0.411,0.405,0.08310000000000001,-0.1267,0.413,0.41,-0.1267,0.413,0.41,-0.1267,0.413,0.41,-0.0733,0.424,0.422,0.013000000000000012,0.045399999999999996,still_waiting
663604,Brandon Lockridge,Hitter,Sell high,2026-04-22,-0.1565,0.298,0.252,0.030000000000000027,0.01200000000000001,insufficient_movement,,2026-05-04,,-0.149,0.298,0.252,-0.181,0.307,0.263,-0.181,0.307,0.263,-0.1499,-0.1905,0.297,0.263,-0.1905,0.297,0.263,-0.1905,0.297,0.263,-0.3064,0.328,0.264,0.02100000000000002,-0.1254,deepening
690993,Colt Keith,Hitter,Sell high,2026-04-22,-0.1611,0.344,0.352,-0.010999999999999954,-0.019999999999999962,insufficient_movement,,2026-05-04,,-0.1611,0.344,0.352,-0.1551,0.331,0.343,-0.1551,0.331,0.343,-0.04720000000000002,-0.1678,0.334,0.345,-0.1678,0.334,0.345,-0.1678,0.334,0.345,-0.2083,0.333,0.332,0.0020000000000000018,-0.053200000000000025,deepening
656811,Ryan O'Hearn,Hitter,Slight sell,2026-04-22,-0.1616,0.388,0.417,-0.014000000000000012,-0.021999999999999964,insufficient_movement,,2026-05-04,,-0.1696,0.388,0.417,-0.0782,0.373,0.411,-0.0782,0.373,0.411,0.03369999999999998,-0.1341,0.387,0.423,-0.1341,0.387,0.423,-0.1341,0.387,0.423,-0.1279,0.374,0.395,0.0010000000000000009,-0.04970000000000001,deepening
699912,Jose Fernandez,Hitter,Sell high,2026-04-22,-0.1722,0.375,0.322,-0.016000000000000014,-0.0020000000000000018,insufficient_movement,,2026-05-04,,-0.1722,0.375,0.322,-0.243,0.406,0.341,-0.243,0.406,0.341,-0.05810000000000001,-0.2116,0.394,0.34,-0.2116,0.394,0.34,-0.2116,0.394,0.34,-0.2303,0.359,0.32,-0.04700000000000004,0.012699999999999989,confirming
669477,Casey Schmitt,Hitter,Sell high,2026-04-22,-0.1845,0.374,0.349,0.008000000000000007,0.025000000000000022,contact_improving,,2026-05-04,,-0.205,0.374,0.349,-0.2002,0.388,0.375,-0.2002,0.388,0.375,-0.10510000000000003,-0.1733,0.375,0.362,-0.1733,0.375,0.362,-0.1733,0.375,0.362,-0.2896,0.382,0.374,-0.006000000000000005,-0.08940000000000003,deepening
665833,Oneil Cruz,Hitter,Sell high,2026-04-22,-0.1905,0.383,0.395,-0.010000000000000009,-0.014000000000000012,insufficient_movement,,2026-05-04,,-0.1905,0.383,0.395,-0.1905,0.383,0.395,-0.1905,0.383,0.395,-0.07469999999999999,-0.2143,0.391,0.404,-0.2143,0.391,0.404,-0.2143,0.391,0.404,-0.2652,0.373,0.381,-0.010000000000000009,-0.07469999999999999,deepening
691023,Jordan Walker,Hitter,Sell high,2026-04-22,-0.1957,0.408,0.403,0.016000000000000014,0.025999999999999968,contact_improving,,2026-05-04,,-0.2174,0.408,0.403,-0.2609,0.414,0.404,-0.2609,0.414,0.404,-0.10919999999999999,-0.2651,0.404,0.395,-0.2651,0.404,0.395,-0.2651,0.404,0.395,-0.3049,0.424,0.429,0.010000000000000009,-0.043999999999999984,deepening
672724,Oswald Peraza,Hitter,Sell high,2026-04-22,-0.2014,0.375,0.404,-0.007000000000000006,-0.030000000000000027,insufficient_movement,,2026-05-04,,-0.2014,0.375,0.404,-0.2057,0.37,0.399,-0.2057,0.37,0.399,-0.22580000000000003,-0.2709,0.359,0.386,-0.2709,0.359,0.386,-0.2709,0.359,0.386,-0.4272,0.368,0.374,-0.0020000000000000018,-0.22150000000000003,deepening
694208,Moisés Ballesteros,Hitter,Sell high,2026-04-22,-0.2019,0.512,0.437,-0.07700000000000001,-0.018000000000000016,genuine_decline,1.0,2026-05-04,,-0.2019,0.512,0.437,-0.2019,0.512,0.437,-0.2019,0.512,0.437,0.10769999999999999,-0.1589,0.485,0.441,-0.1589,0.485,0.441,-0.1589,0.485,0.441,-0.0942,0.435,0.419,-0.07700000000000001,0.10769999999999999,confirming
519317,Giancarlo Stanton,Hitter,Sell high,2026-04-22,-0.2033,0.32,0.328,0.0,0.0,insufficient_movement,,2026-05-04,,-0.2033,0.32,0.328,-0.2033,0.32,0.328,-0.2033,0.32,0.328,0.040700000000000014,-0.2033,0.32,0.328,-0.2033,0.32,0.328,-0.2033,0.32,0.328,-0.1626,0.32,0.328,0.0,0.040700000000000014,still_waiting
668227,Randy Arozarena,Hitter,Sell high,2026-04-22,-0.2046,0.354,0.351,-0.0030000000000000027,-0.0010000000000000009,insufficient_movement,,2026-05-04,,-0.2274,0.354,0.351,-0.207,0.342,0.341,-0.207,0.342,0.341,-0.06340000000000001,-0.3384,0.368,0.35,-0.3384,0.368,0.35,-0.3384,0.368,0.35,-0.268,0.351,0.35,0.008999999999999952,-0.061000000000000026,deepening
545121,Ildemaro Vargas,Hitter,Sell high,2026-04-22,-0.2063,0.443,0.441,0.018000000000000016,-0.0040000000000000036,insufficient_movement,,2026-05-04,,-0.1965,0.443,0.441,-0.3444,0.477,0.444,-0.3444,0.477,0.444,-0.2171,-0.3758,0.476,0.449,-0.3758,0.476,0.449,-0.3758,0.476,0.449,-0.4234,0.461,0.437,-0.01599999999999996,-0.07900000000000001,deepening
683357,Owen Caissie,Hitter,Sell high,2026-04-22,-0.2094,0.298,0.306,-0.035999999999999976,-0.02400000000000002,genuine_decline,1.0,2026-05-04,,-0.1994,0.298,0.306,-0.1624,0.287,0.301,-0.1624,0.287,0.301,0.0668,-0.1584,0.272,0.287,-0.1584,0.272,0.287,-0.1584,0.272,0.287,-0.1426,0.262,0.282,-0.024999999999999967,0.019799999999999984,confirming
669364,Xavier Edwards,Hitter,Sell high,2026-04-22,-0.2106,0.402,0.364,-0.006000000000000005,0.007000000000000006,insufficient_movement,,2026-05-04,,-0.2006,0.402,0.364,-0.1587,0.394,0.366,-0.1587,0.394,0.366,0.0956,-0.1476,0.398,0.374,-0.1476,0.398,0.374,-0.1476,0.398,0.374,-0.115,0.396,0.371,0.0020000000000000018,0.0437,still_waiting
608348,Carson Kelly,Hitter,Sell high,2026-04-22,-0.2132,0.412,0.379,-0.01699999999999996,-0.03300000000000003,insufficient_movement,,2026-05-04,,-0.2132,0.412,0.379,-0.2127,0.403,0.369,-0.2127,0.403,0.369,-0.026900000000000007,-0.214,0.389,0.358,-0.214,0.389,0.358,-0.214,0.389,0.358,-0.2401,0.395,0.346,-0.008000000000000007,-0.027400000000000008,still_waiting
571970,Max Muncy,Hitter,Sell high,2026-04-22,-0.223,0.425,0.47,-0.013000000000000012,-0.006999999999999951,insufficient_movement,,2026-05-04,,-0.2124,0.425,0.47,-0.2124,0.425,0.47,-0.2124,0.425,0.47,0.01999999999999999,-0.1314,0.401,0.452,-0.1314,0.401,0.452,-0.1314,0.401,0.452,-0.203,0.412,0.463,-0.013000000000000012,0.009399999999999992,still_waiting
682998,Corbin Carroll,Hitter,Sell high,2026-04-22,-0.2261,0.425,0.411,-0.030999999999999972,-0.044999999999999984,genuine_decline,1.0,2026-05-04,,-0.2261,0.425,0.411,-0.2624,0.42,0.399,-0.2624,0.42,0.399,0.003700000000000009,-0.2525,0.407,0.387,-0.2525,0.407,0.387,-0.2525,0.407,0.387,-0.2224,0.394,0.366,-0.025999999999999968,0.040000000000000036,confirming
681624,Andy Pages,Hitter,Sell high,2026-04-22,-0.245,0.397,0.393,-0.02100000000000002,-0.019000000000000017,genuine_decline,1.0,2026-05-04,,-0.2722,0.397,0.393,-0.2597,0.394,0.39,-0.2597,0.394,0.39,0.005299999999999999,-0.1987,0.38,0.38,-0.1987,0.38,0.38,-0.1987,0.38,0.38,-0.2397,0.376,0.374,-0.018000000000000016,0.01999999999999999,still_waiting
669127,Shea Langeliers,Hitter,Sell high,2026-04-22,-0.2489,0.398,0.407,0.03799999999999998,0.03200000000000003,still_waiting,,2026-05-04,,-0.2489,0.398,0.407,-0.2282,0.4,0.414,-0.2282,0.4,0.414,0.0009000000000000119,-0.2768,0.408,0.419,-0.2768,0.408,0.419,-0.2768,0.408,0.419,-0.248,0.436,0.439,0.035999999999999976,-0.019800000000000012,refuted_4wk
672640,Otto Lopez,Hitter,Sell high,2026-04-22,-0.249,0.42,0.384,-0.008000000000000007,-0.017000000000000015,insufficient_movement,,2026-05-04,,-0.249,0.42,0.384,-0.2071,0.406,0.379,-0.2071,0.406,0.379,-0.1266,-0.3054,0.411,0.372,-0.3054,0.411,0.372,-0.3054,0.411,0.372,-0.3756,0.412,0.367,0.00599999999999995,-0.16849999999999998,deepening
621493,Taylor Ward,Hitter,Sell high,2026-04-22,-0.2536,0.418,0.391,-0.023999999999999966,-0.0010000000000000009,results_declining,,2026-05-04,,-0.2536,0.418,0.391,-0.2187,0.411,0.387,-0.2187,0.411,0.387,0.127,-0.2207,0.41,0.389,-0.2207,0.41,0.389,-0.2207,0.41,0.389,-0.1266,0.394,0.39,-0.01699999999999996,0.09210000000000002,still_waiting
682985,Riley Greene,Hitter,Sell high,2026-04-22,-0.264,0.403,0.423,-0.020000000000000018,-0.01899999999999996,genuine_decline,1.0,2026-05-04,,-0.264,0.403,0.423,-0.2255,0.393,0.416,-0.2255,0.393,0.416,-0.019600000000000006,-0.2226,0.386,0.417,-0.2226,0.386,0.417,-0.2226,0.386,0.417,-0.2836,0.383,0.404,-0.010000000000000009,-0.05810000000000001,deepening
691777,Max Muncy,Hitter,Sell high,2026-04-22,-0.2759,0.318,0.315,0.0,0.0,insufficient_movement,,2026-05-04,,-0.2759,0.318,0.315,-0.2759,0.318,0.315,-0.2759,0.318,0.315,0.0,-0.2759,0.318,0.315,-0.2759,0.318,0.315,-0.2759,0.318,0.315,-0.2759,0.318,0.315,0.0,0.0,still_waiting
682177,Daniel Schneemann,Hitter,Sell high,2026-04-22,-0.2827,0.417,0.405,-0.03899999999999998,-0.03400000000000003,genuine_decline,1.0,2026-05-04,,-0.2693,0.417,0.405,-0.2893,0.407,0.395,-0.2893,0.407,0.395,-0.0822,-0.3908,0.402,0.399,-0.3908,0.402,0.399,-0.3908,0.402,0.399,-0.3649,0.378,0.371,-0.02899999999999997,-0.0756,deepening
670042,Luke Raley,Hitter,Sell high,2026-04-22,-0.2869,0.388,0.424,-0.04899999999999999,-0.05099999999999999,genuine_decline,1.0,2026-05-04,,-0.2869,0.388,0.424,-0.2312,0.374,0.416,-0.2312,0.374,0.416,0.10169999999999998,-0.1854,0.356,0.401,-0.1854,0.356,0.401,-0.1854,0.356,0.401,-0.1852,0.339,0.373,-0.034999999999999976,0.045999999999999985,confirming
671218,Heliot Ramos,Hitter,Sell high,2026-04-22,-0.2926,0.337,0.349,-0.016000000000000014,0.007000000000000006,insufficient_movement,,2026-05-04,,-0.2926,0.337,0.349,-0.2117,0.324,0.353,-0.2117,0.324,0.353,0.05100000000000002,-0.2257,0.326,0.353,-0.2257,0.326,0.353,-0.2257,0.326,0.353,-0.2416,0.321,0.356,-0.0030000000000000027,-0.02990000000000001,still_waiting
676609,José Caballero,Hitter,Sell high,2026-04-22,-0.293,0.349,0.29,-0.01899999999999996,-0.0020000000000000018,insufficient_movement,,2026-05-04,,-0.293,0.349,0.29,-0.2724,0.342,0.288,-0.2724,0.342,0.288,0.1319,-0.24,0.335,0.279,-0.24,0.335,0.279,-0.24,0.335,0.279,-0.1611,0.33,0.288,-0.01200000000000001,0.11129999999999998,still_waiting
700250,Ben Rice,Hitter,Sell high,2026-04-22,-0.4165,0.515,0.511,-0.0030000000000000027,0.006000000000000005,insufficient_movement,,2026-05-04,,-0.4165,0.515,0.511,-0.3275,0.502,0.51,-0.3275,0.502,0.51,0.10199999999999998,-0.1855,0.486,0.499,-0.1855,0.486,0.499,-0.1855,0.486,0.499,-0.3145,0.512,0.517,0.010000000000000009,0.013000000000000012,still_waiting
669003,Garrett Mitchell,Hitter,Sell high,2026-04-22,-0.4461,0.365,0.351,-0.02699999999999997,-0.010999999999999954,results_declining,,2026-05-04,,-0.4249,0.365,0.351,-0.3938,0.356,0.343,-0.3938,0.356,0.343,0.06519999999999998,-0.3578,0.354,0.353,-0.3578,0.354,0.353,-0.3578,0.354,0.353,-0.3809,0.338,0.34,-0.01799999999999996,0.012899999999999967,still_waiting
656305,Matt Chapman,Hitter,Sell high,2026-04-22,-0.4535,0.345,0.297,-0.030999999999999972,-0.01799999999999996,genuine_decline,1.0,2026-05-04,,-0.4535,0.345,0.297,-0.4307,0.351,0.305,-0.4307,0.351,0.305,0.08900000000000002,-0.5187,0.339,0.295,-0.5187,0.339,0.295,-0.5187,0.339,0.295,-0.3645,0.314,0.279,-0.03699999999999998,0.06620000000000004,confirming
666200,Jesús Luzardo,Pitcher,Buy low,2026-04-22,0.3686,6.41,3.14,1.6900000000000004,0.5300000000000002,confirmed,1.0,2026-05-04,,0.3686,6.41,3.14,0.3695,6.41,3.13,0.3695,6.41,3.13,0.3515,0.5302,5.08,2.65,0.5302,5.08,2.65,0.5302,5.08,2.65,0.7201,4.72,2.61,1.6900000000000004,0.35059999999999997,deepening
657746,Joe Ryan,Pitcher,Buy low,2026-04-22,0.3605,5.29,3.12,0.5099999999999998,0.2400000000000002,confirmed,1.0,2026-05-04,,0.3605,5.29,3.12,0.3619,5.29,3.11,0.3619,5.29,3.11,0.06540000000000001,0.4196,4.78,2.88,0.4196,4.78,2.88,0.4196,4.78,2.88,0.4259,4.78,2.88,0.5099999999999998,0.064,deepening
650911,Cristopher Sánchez,Pitcher,Buy low,2026-04-22,0.2701,3.82,2.51,0.18999999999999995,0.029999999999999805,confirmed,1.0,2026-05-04,,0.2701,3.82,2.51,0.2719,3.82,2.5,0.2719,3.82,2.5,0.07090000000000002,0.2685,3.82,2.52,0.2685,3.82,2.52,0.2685,3.82,2.52,0.341,3.63,2.48,0.18999999999999995,0.06910000000000005,deepening
669302,Logan Gilbert,Pitcher,Buy low,2026-04-22,0.2262,4.22,2.9,0.3299999999999996,-0.3200000000000003,contact_deteriorating,,2026-05-04,,0.2262,4.22,2.9,0.2276,4.22,2.89,0.2276,4.22,2.89,-0.07750000000000001,0.1629,3.89,3.23,0.1629,3.89,3.23,0.1629,3.89,3.23,0.1487,3.89,3.22,0.3299999999999996,-0.0789,confirming
680694,Kyle Bradish,Pitcher,Buy low,2026-04-22,0.178,5.55,3.39,-0.7199999999999998,-1.31,still_waiting,,2026-05-04,,0.178,5.55,3.39,0.174,5.59,3.98,0.174,5.59,3.98,-0.06709999999999999,0.1727,5.59,4.0,0.1727,5.59,4.0,0.1727,5.59,4.0,0.1109,6.27,4.7,-0.6799999999999997,-0.06309999999999999,refuted_4wk
669358,Shane Baz,Pitcher,Buy low,2026-04-22,0.1574,5.2,3.6,0.6100000000000003,-0.029999999999999805,contact_deteriorating,,2026-05-04,,0.1574,5.2,3.6,0.1574,5.2,3.6,0.1574,5.2,3.6,0.004899999999999988,0.1608,4.59,3.64,0.1608,4.59,3.64,0.1608,4.59,3.64,0.1623,4.59,3.63,0.6100000000000003,0.004899999999999988,confirming
622491,Luis Castillo,Pitcher,Slight buy,2026-04-22,0.1293,6.45,3.47,-0.9100000000000001,-0.7200000000000002,still_waiting,,2026-05-04,,0.1293,6.45,3.47,0.1293,6.45,3.47,0.1293,6.45,3.47,0.2562,0.1607,7.57,4.47,0.1607,7.57,4.47,0.1607,7.57,4.47,0.3855,7.36,4.19,-0.9100000000000001,0.2562,deepening
693433,Bryan Woo,Pitcher,Slight buy,2026-04-22,0.1239,4.41,3.66,-0.6799999999999997,-0.45999999999999996,still_waiting,,2026-05-04,,0.1239,4.41,3.66,0.1252,4.41,3.65,0.1252,4.41,3.65,0.04640000000000001,0.1227,4.41,3.67,0.1227,4.41,3.67,0.1227,4.41,3.67,0.1703,5.09,4.12,-0.6799999999999997,0.0451,deepening
669432,Trevor Rogers,Pitcher,Slight buy,2026-04-22,0.1161,4.45,3.59,-0.0,-0.010000000000000231,insufficient_movement,,2026-05-04,,0.1161,4.45,3.59,0.1169,4.45,3.58,0.1169,4.45,3.58,-0.0005999999999999894,0.1154,4.45,3.6,0.1154,4.45,3.6,0.1154,4.45,3.6,0.1155,4.45,3.6,-0.0,-0.0013999999999999985,still_waiting
657277,Logan Webb,Pitcher,Slight buy,2026-04-22,0.1012,4.22,3.49,0.49999999999999956,-0.10999999999999988,contact_deteriorating,,2026-05-04,,0.1012,4.22,3.49,0.1012,4.22,3.49,0.1012,4.22,3.49,-0.0921,0.0985,4.22,3.51,0.0985,4.22,3.51,0.0985,4.22,3.51,0.0091,3.72,3.6,0.49999999999999956,-0.0921,confirming
605400,Aaron Nola,Pitcher,Slight buy,2026-04-22,0.0956,5.13,3.94,-0.9699999999999998,-0.6099999999999999,still_waiting,,2026-05-04,,0.0956,5.13,3.94,0.1318,6.1,4.54,0.1318,6.1,4.54,0.03610000000000001,0.1311,6.1,4.56,0.1311,6.1,4.56,0.1311,6.1,4.56,0.1317,6.1,4.55,-0.0,-9.999999999998899e-05,still_waiting
641927,Bailey Ober,Pitcher,Slight buy,2026-04-22,0.0791,4.26,3.78,0.43999999999999995,-0.2900000000000005,contact_deteriorating,,2026-05-04,,0.0791,4.26,3.78,0.0791,4.26,3.78,0.0791,4.26,3.78,-0.0791,0.0767,4.26,3.8,0.0767,4.26,3.8,0.0767,4.26,3.8,0.0,3.82,4.07,0.43999999999999995,-0.0791,confirming
676083,Janson Junk,Pitcher,Slight buy,2026-04-22,0.0743,4.44,3.63,0.8200000000000003,0.2599999999999998,confirmed,1.0,2026-05-04,,0.0743,4.44,3.63,0.0743,4.44,3.63,0.0743,4.44,3.63,-0.040900000000000006,0.0323,3.62,3.38,0.0323,3.62,3.38,0.0323,3.62,3.38,0.0334,3.62,3.37,0.8200000000000003,-0.040900000000000006,confirming
663623,Jake Irvin,Pitcher,Slight buy,2026-04-22,0.0332,4.55,4.0,-0.3799999999999999,0.06999999999999984,insufficient_movement,,2026-05-04,,0.0332,4.55,4.0,0.0332,4.55,4.0,0.0332,4.55,4.0,0.07819999999999999,0.0319,4.55,4.02,0.0319,4.55,4.02,0.0319,4.55,4.02,0.1114,4.93,3.93,-0.3799999999999999,0.07819999999999999,deepening
641743,Anthony Kay,Pitcher,Slight sell,2026-04-22,-0.0723,5.14,6.41,-0.6900000000000004,0.03000000000000025,contact_improving,,2026-05-04,,-0.0723,5.14,6.41,-0.0725,5.14,6.4,-0.0725,5.14,6.4,0.0723,-0.025,5.84,6.24,-0.025,5.84,6.24,-0.025,5.84,6.24,0.0,5.83,6.38,-0.6900000000000004,0.0725,confirming
622608,Antonio Senzatela,Pitcher,Slight sell,2026-04-22,-0.0817,1.23,1.52,-1.37,-0.30000000000000004,genuine_decline,1.0,2026-05-04,,-0.0817,1.23,1.52,-0.0817,1.23,1.52,-0.0817,1.23,1.52,0.1049,-0.0813,1.23,1.54,-0.0813,1.23,1.54,-0.0813,1.23,1.54,0.0232,2.6,1.82,-1.37,0.1049,confirming
656550,Grant Holmes,Pitcher,Slight sell,2026-04-22,-0.0839,3.62,4.79,-0.96,-0.15000000000000036,genuine_decline,1.0,2026-05-04,,-0.0839,3.62,4.79,-0.0838,3.62,4.78,-0.0838,3.62,4.78,0.0839,-0.0837,3.62,4.8,-0.0837,3.62,4.8,-0.0837,3.62,4.8,0.0,4.58,4.94,-0.96,0.0838,confirming
656492,Foster Griffin,Pitcher,Slight sell,2026-04-22,-0.0987,3.38,4.82,0.4299999999999997,0.6000000000000005,results_declining,,2026-05-04,,-0.0987,3.38,4.82,-0.2655,2.67,4.24,-0.2655,2.67,4.24,-0.2091,-0.2653,2.67,4.26,-0.2653,2.67,4.26,-0.2653,2.67,4.26,-0.3078,2.95,4.22,-0.28000000000000025,-0.042300000000000004,deepening
694477,Chad Patrick,Pitcher,Slight sell,2026-04-22,-0.0988,2.38,4.26,-0.2200000000000002,0.02999999999999936,contact_improving,,2026-05-04,,-0.0988,2.38,4.26,-0.099,2.38,4.25,-0.099,2.38,4.25,-0.0562,-0.1551,2.6,4.23,-0.1551,2.6,4.23,-0.1551,2.6,4.23,-0.155,2.6,4.23,-0.2200000000000002,-0.055999999999999994,deepening
642547,Freddy Peralta,Pitcher,Slight sell,2026-04-22,-0.0991,2.23,3.8,-0.3500000000000001,0.18999999999999995,contact_improving,,2026-05-04,,-0.0991,2.23,3.8,-0.1052,2.23,3.79,-0.1052,2.23,3.79,0.038099999999999995,-0.1051,2.23,3.81,-0.1051,2.23,3.81,-0.1051,2.23,3.81,-0.061,2.58,3.61,-0.3500000000000001,0.0442,confirming
668909,Gavin Williams,Pitcher,Slight sell,2026-04-22,-0.1011,3.34,4.37,0.3599999999999999,0.5800000000000001,still_waiting,,2026-05-04,,-0.1011,3.34,4.37,-0.101,3.34,4.36,-0.101,3.34,4.36,0.005199999999999996,-0.101,3.34,4.38,-0.101,3.34,4.38,-0.101,3.34,4.38,-0.0959,2.98,3.79,0.3599999999999999,0.005100000000000007,refuted_4wk
695505,Chase Burns,Pitcher,Slight sell,2026-04-22,-0.1069,2.6,3.93,0.3900000000000001,0.6000000000000001,results_declining,,2026-05-04,,-0.1069,2.6,3.93,-0.107,2.6,3.92,-0.107,2.6,3.92,-0.08990000000000001,-0.0832,2.67,3.72,-0.0832,2.67,3.72,-0.0832,2.67,3.72,-0.1968,2.21,3.33,0.3900000000000001,-0.0898,deepening
671737,Taj Bradley,Pitcher,Slight sell,2026-04-22,-0.1103,2.65,3.7,0.020000000000000018,-0.020000000000000018,insufficient_movement,,2026-05-04,,-0.1103,2.65,3.7,-0.1103,2.65,3.7,-0.1103,2.65,3.7,-0.0773,-0.1099,2.65,3.72,-0.1099,2.65,3.72,-0.1099,2.65,3.72,-0.1876,2.63,3.72,0.020000000000000018,-0.0773,deepening
680736,Justin Wrobleski,Pitcher,Slight sell,2026-04-22,-0.112,1.85,2.9,0.6000000000000001,-0.2200000000000002,insufficient_movement,,2026-05-04,,-0.112,1.85,2.9,-0.2448,1.48,3.02,-0.2448,1.48,3.02,-0.32780000000000004,-0.2441,1.48,3.04,-0.2441,1.48,3.04,-0.2441,1.48,3.04,-0.4398,1.25,3.12,0.22999999999999998,-0.19500000000000003,deepening
694973,Paul Skenes,Pitcher,Sell high,2026-04-22,-0.1506,0.95,2.53,-1.2100000000000002,-0.3200000000000003,genuine_decline,1.0,2026-05-04,,-0.1506,0.95,2.53,-0.1506,0.95,2.53,-0.1506,0.95,2.53,0.1506,-0.1505,0.95,2.54,-0.1505,0.95,2.54,-0.1505,0.95,2.54,0.0,2.16,2.85,-1.2100000000000002,0.1506,confirming
527048,Martín Pérez,Pitcher,Sell high,2026-04-22,-0.1512,2.31,4.52,0.40000000000000013,0.17999999999999972,results_declining,,2026-05-04,,-0.1512,2.31,4.52,-0.1512,2.31,4.52,-0.1512,2.31,4.52,-0.14900000000000002,-0.3002,1.91,4.34,-0.3002,1.91,4.34,-0.3002,1.91,4.34,-0.3002,1.91,4.34,0.40000000000000013,-0.14900000000000002,deepening
681190,Randy Vásquez,Pitcher,Sell high,2026-04-22,-0.1609,1.95,2.41,-1.0799999999999998,-0.9299999999999997,genuine_decline,1.0,2026-05-04,,-0.1609,1.95,2.41,-0.1609,1.95,2.4,-0.1609,1.95,2.4,-0.01040000000000002,-0.1715,3.03,3.35,-0.1715,3.03,3.35,-0.1715,3.03,3.35,-0.1713,3.03,3.34,-1.0799999999999998,-0.01040000000000002,confirming
592662,Robbie Ray,Pitcher,Sell high,2026-04-22,-0.1637,2.73,4.15,-0.27,-0.23999999999999932,genuine_decline,1.0,2026-05-04,,-0.1637,2.73,4.15,-0.1637,2.73,4.14,-0.1637,2.73,4.14,-0.0068000000000000005,-0.1631,2.73,4.16,-0.1631,2.73,4.16,-0.1631,2.73,4.16,-0.1705,3.0,4.39,-0.27,-0.0068000000000000005,confirming
684007,Shota Imanaga,Pitcher,Sell high,2026-04-22,-0.1706,1.55,2.78,-0.4099999999999999,0.1599999999999997,contact_improving,,2026-05-04,,-0.1706,1.55,2.78,-0.0466,2.36,2.73,-0.0466,2.36,2.73,-0.00020000000000000573,-0.0467,2.36,2.75,-0.0467,2.36,2.75,-0.0467,2.36,2.75,-0.1708,1.96,2.62,0.3999999999999999,-0.1242,deepening
800048,Parker Messick,Pitcher,Sell high,2026-04-22,-0.1772,1.23,2.41,-0.79,-0.5499999999999998,genuine_decline,1.0,2026-05-04,,-0.1772,1.23,2.41,-0.1772,1.23,2.41,-0.1772,1.23,2.41,0.0363,-0.2007,1.29,2.18,-0.2007,1.29,2.18,-0.2007,1.29,2.18,-0.1409,2.02,2.96,-0.79,0.0363,confirming
813349,Connelly Early,Pitcher,Sell high,2026-04-22,-0.1818,2.52,4.06,-1.0099999999999998,-0.7400000000000002,genuine_decline,1.0,2026-05-04,,-0.1818,2.52,4.06,-0.3114,2.56,4.5,-0.3114,2.56,4.5,-0.04780000000000001,-0.3109,2.56,4.52,-0.3109,2.56,4.52,-0.3109,2.56,4.52,-0.2296,3.53,4.8,-0.9699999999999998,0.08180000000000001,confirming
686799,Jack Kochanowicz,Pitcher,Sell high,2026-04-22,-0.1867,2.79,4.02,0.18000000000000016,0.13999999999999968,results_declining,,2026-05-04,,-0.1867,2.79,4.02,-0.1867,2.79,4.02,-0.1867,2.79,4.02,-0.14559999999999998,-0.2385,2.57,3.67,-0.2385,2.57,3.67,-0.2385,2.57,3.67,-0.3323,2.61,3.88,0.18000000000000016,-0.14559999999999998,deepening
650633,Mike King,Pitcher,Sell high,2026-04-22,-0.2201,1.33,3.58,-0.7599999999999998,-0.1499999999999999,genuine_decline,1.0,2026-05-04,,-0.2201,1.33,3.58,-0.334,1.64,3.87,-0.334,1.64,3.87,-0.07370000000000002,-0.3335,1.64,3.89,-0.3335,1.64,3.89,-0.3335,1.64,3.89,-0.2938,2.09,3.73,-0.44999999999999996,0.040200000000000014,confirming
605280,Clay Holmes,Pitcher,Sell high,2026-04-22,-0.2378,2.1,4.16,0.41000000000000014,0.6100000000000003,results_declining,,2026-05-04,,-0.2378,2.1,4.16,-0.2379,2.1,4.15,-0.2379,2.1,4.15,-0.268,-0.3816,1.75,3.73,-0.3816,1.75,3.73,-0.3816,1.75,3.73,-0.5058,1.69,3.55,0.41000000000000014,-0.2679,deepening
608372,Tomoyuki Sugano,Pitcher,Sell high,2026-04-22,-0.2418,3.42,4.73,0.5499999999999998,0.10000000000000053,results_declining,,2026-05-04,,-0.2418,3.42,4.73,-0.2418,3.42,4.73,-0.2418,3.42,4.73,-0.1545,-0.2418,3.42,4.75,-0.2418,3.42,4.75,-0.2418,3.42,4.75,-0.3963,2.87,4.63,0.5499999999999998,-0.1545,deepening
593958,Eduardo Rodríguez,Pitcher,Sell high,2026-04-22,-0.251,2.89,4.88,-0.13999999999999968,0.1299999999999999,contact_improving,,2026-05-04,,-0.251,2.89,4.88,-0.251,2.89,4.88,-0.251,2.89,4.88,-0.09399999999999997,-0.2505,2.89,4.9,-0.2505,2.89,4.9,-0.2505,2.89,4.9,-0.345,3.03,4.75,-0.13999999999999968,-0.09399999999999997,deepening
700241,Michael Mcgreevy,Pitcher,Sell high,2026-04-22,-0.2746,3.04,4.41,0.69,0.3100000000000005,results_declining,,2026-05-04,,-0.2746,3.04,4.41,-0.4018,2.78,4.19,-0.4018,2.78,4.19,-0.32959999999999995,-0.4017,2.78,4.21,-0.4017,2.78,4.21,-0.4017,2.78,4.21,-0.6042,2.35,4.1,0.4299999999999997,-0.20239999999999997,deepening
607625,Seth Lugo,Pitcher,Sell high,2026-04-22,-0.2751,1.17,2.18,-1.5700000000000003,-0.33999999999999986,genuine_decline,1.0,2026-05-04,,-0.2751,1.17,2.18,0.038,2.68,2.59,0.038,2.68,2.59,0.29300000000000004,0.0277,2.68,2.61,0.0277,2.68,2.61,0.0277,2.68,2.61,0.0179,2.74,2.52,-0.06000000000000005,-0.0201,confirming
663436,Davis Martin,Pitcher,Sell high,2026-04-22,-0.285,2.05,2.96,0.06999999999999984,0.20000000000000018,results_declining,,2026-05-04,,-0.285,2.05,2.96,-0.285,2.05,2.95,-0.285,2.05,2.95,-0.02080000000000004,-0.3059,1.98,2.76,-0.3059,1.98,2.76,-0.3059,1.98,2.76,-0.3058,1.98,2.76,0.06999999999999984,-0.02080000000000004,refuted_4wk
607259,Nick Martínez,Pitcher,Sell high,2026-04-22,-0.3217,1.82,3.8,0.3500000000000001,0.27,results_declining,,2026-05-04,,-0.3217,1.82,3.8,-0.3217,1.82,3.79,-0.3217,1.82,3.79,-0.1466,-0.4687,1.47,3.53,-0.4687,1.47,3.53,-0.4687,1.47,3.53,-0.4683,1.47,3.53,0.3500000000000001,-0.1466,deepening
608379,Michael Wacha,Pitcher,Sell high,2026-04-22,-0.3705,2.23,3.52,-0.7400000000000002,-0.3700000000000001,genuine_decline,1.0,2026-05-04,,-0.3705,2.23,3.52,-0.3705,2.23,3.51,-0.3705,2.23,3.51,0.1285,-0.3704,2.23,3.53,-0.3704,2.23,3.53,-0.3704,2.23,3.53,-0.242,2.97,3.89,-0.7400000000000002,0.1285,confirming
667755,José Soriano,Pitcher,Sell high,2026-04-22,-0.4425,0.24,2.03,-0.62,-0.6700000000000004,genuine_decline,1.0,2026-05-04,,-0.4425,0.24,2.03,-0.4425,0.24,2.03,-0.4425,0.24,2.03,-0.14459999999999995,-0.5875,0.86,2.71,-0.5875,0.86,2.71,-0.5875,0.86,2.71,-0.5871,0.86,2.7,-0.62,-0.14459999999999995,deepening
