"last_name, first_name",pitcher_id,attempts,avg_hit_angle,anglesweetspotpercent,max_hit_speed,avg_hit_speed,ev50,fbld,gb,max_distance,avg_distance,avg_hr_distance,ev95plus,ev95percent,barrels,brl_percent,brl_pa
"Webb, Logan",657277,617,2.5,32.1,120.4,89.8,77.9,95.2,86.8,464,133,426.0,285,46.2,43,7.0,5.1
"Lugo, Seth",607625,598,10.7,32.8,115.1,88.5,77.3,93.1,84.5,445,163,407.0,233,39.0,48,8.0,5.7
"Nola, Aaron",605400,570,12.0,35.4,120.5,88.5,77.3,93.8,84.0,441,162,394.0,218,38.2,41,7.2,5.0
"Kirby, George",669923,568,14.8,30.5,113.9,89.0,78.8,91.9,88.1,433,164,402.0,206,36.3,46,8.1,5.9
"Corbin, Patrick",571578,568,10.0,37.3,116.3,90.8,79.9,93.8,88.9,440,161,406.0,265,46.7,47,8.3,6.2
"Mikolas, Miles",571945,567,13.6,38.1,113.0,88.8,77.5,93.6,85.4,440,167,400.0,240,42.3,46,8.1,6.4
"Berríos, José",621244,565,13.4,36.3,114.5,89.6,79.1,92.6,87.7,436,169,392.0,236,41.8,44,7.8,5.6
"Sánchez, Cristopher",650911,557,2.4,30.0,120.0,87.4,75.2,92.0,84.8,450,126,401.0,192,34.5,30,5.4,4.0
"Sears, JP",676664,557,18.1,32.5,114.4,89.3,78.2,94.2,85.6,448,180,402.0,224,40.2,57,10.2,7.5
"Irvin, Jake",663623,557,11.4,32.9,115.6,88.8,77.5,93.9,84.5,462,165,403.0,218,39.1,51,9.2,6.6
"Burnes, Corbin",669203,553,11.0,26.8,114.5,87.5,76.7,91.3,85.7,434,143,406.0,175,31.6,37,6.7,4.7
"Anderson, Tyler",542881,543,17.6,34.1,113.8,87.2,76.3,91.9,82.4,438,173,403.0,179,33.0,43,7.9,5.6
"Gilbert, Logan",669302,542,12.6,33.0,114.9,89.6,79.0,93.7,86.9,459,162,398.0,213,39.3,39,7.2,4.9
"Gomber, Austin",596295,541,15.0,37.5,113.0,90.2,80.0,93.3,87.7,476,188,414.0,223,41.2,52,9.6,7.5
"Keller, Mitch",656605,540,12.4,38.0,115.3,88.8,77.9,92.9,85.3,448,170,403.0,212,39.3,39,7.2,5.0
"Canning, Griffin",656288,537,14.3,32.2,114.7,90.5,80.4,93.7,87.6,464,172,399.0,225,41.9,46,8.6,6.2
"Gausman, Kevin",592332,535,16.1,35.5,117.5,90.2,79.5,94.3,86.5,477,181,404.0,223,42.4,52,9.7,6.9
"Pfaadt, Brandon",694297,528,14.1,33.0,115.5,89.4,78.7,91.8,88.1,472,167,401.0,208,39.4,43,8.1,5.7
"Singer, Brady",663903,528,8.9,35.4,114.7,88.9,77.3,92.7,86.2,451,158,409.0,220,41.7,42,8.0,5.5
"Severino, Luis",622663,527,12.7,30.2,114.7,87.1,75.3,90.9,85.9,442,152,404.0,187,35.6,30,5.7,3.9
"Rea, Colin",607067,526,15.2,36.3,114.3,90.4,80.2,93.0,88.9,438,175,391.0,221,42.0,46,8.7,6.4
"Crawford, Kutter",676710,524,19.8,33.4,116.7,88.4,77.7,93.1,84.4,473,185,394.0,190,36.3,52,9.9,6.9
"Houck, Tanner",656557,524,3.8,30.2,113.8,89.4,78.5,93.9,87.1,422,134,395.0,219,41.8,30,5.7,4.0
"López, Pablo",641154,523,13.3,35.9,113.0,87.9,76.7,91.8,84.2,467,163,393.0,196,37.5,43,8.2,5.6
"Eflin, Zach",621107,523,13.3,30.0,115.3,88.1,76.4,92.5,85.6,450,159,404.0,189,36.1,39,7.5,5.7
"Flexen, Chris",623167,519,17.3,36.8,115.1,88.7,77.9,93.6,84.3,449,181,389.0,194,37.4,42,8.1,5.9
"Taillon, Jameson",592791,515,15.9,32.2,114.0,89.7,79.7,92.4,87.7,433,172,397.0,200,38.8,37,7.2,5.5
"Fedde, Erick",607200,515,14.9,32.4,116.5,88.6,77.5,91.5,88.1,437,162,397.0,194,37.7,39,7.6,5.4
"Quintana, Jose",500779,508,10.7,32.9,114.2,88.0,76.4,92.8,84.8,461,159,397.0,194,38.2,34,6.7,4.7
"Cortes, Nestor",641482,505,22.4,34.9,117.4,89.7,79.1,92.8,88.9,432,190,388.0,220,43.6,40,7.9,5.6
"Bassitt, Chris",605135,504,14.3,36.1,117.2,87.8,75.6,91.0,86.7,444,165,395.0,187,37.1,38,7.5,5.0
"Wheeler, Zack",554430,503,13.5,32.4,114.3,86.5,74.9,90.8,84.4,443,155,397.0,169,33.6,42,8.3,5.3
"Gibson, Kyle",502043,499,12.0,34.3,112.7,88.2,76.6,92.3,85.3,448,162,399.0,195,39.1,46,9.2,6.4
"Feltner, Ryan",663372,495,11.9,33.1,111.3,88.1,76.7,91.6,85.7,478,162,421.0,182,36.8,32,6.5,4.6
"Stroman, Marcus",573186,493,9.9,35.3,116.8,89.3,78.4,92.4,87.9,442,153,395.0,197,40.2,33,6.7,4.9
"Castillo, Luis",622491,492,16.3,37.0,112.4,89.7,78.9,94.0,87.6,445,170,393.0,206,41.9,42,8.5,5.8
"Imanaga, Shota",684007,489,17.8,35.8,114.4,88.6,77.6,92.4,84.7,441,180,398.0,192,39.3,42,8.6,6.1
"Wacha, Michael",608379,489,15.7,32.7,117.5,86.9,75.6,91.1,83.8,445,167,397.0,159,32.5,40,8.2,5.8
"Miller, Bryce",682243,485,16.3,32.8,110.7,90.3,80.7,92.9,88.3,437,177,392.0,200,41.2,47,9.7,6.7
"Kikuchi, Yusei",579328,484,14.2,33.3,119.2,90.1,79.1,93.0,87.4,443,171,391.0,218,45.0,47,9.7,6.4
"Fried, Max",608331,483,3.0,30.4,114.4,86.3,73.9,91.5,83.8,461,125,412.0,167,34.6,24,5.0,3.4
"Civale, Aaron",650644,482,17.2,36.5,119.5,89.4,79.2,93.4,85.4,430,182,385.0,190,39.4,35,7.3,5.1
"Manaea, Sean",640455,481,16.3,36.8,114.9,88.6,77.7,93.0,85.2,443,178,396.0,182,37.8,36,7.5,4.9
"Skubal, Tarik",669373,481,12.0,32.8,113.0,87.5,76.2,91.1,85.6,448,153,405.0,162,33.9,32,6.7,4.2
"Eovaldi, Nathan",543135,481,8.8,33.5,114.2,89.3,77.9,92.8,87.1,450,155,396.0,205,42.6,37,7.7,5.3
"Heaney, Andrew",571760,481,18.2,37.4,112.9,89.6,79.0,93.0,86.1,444,187,399.0,193,40.1,40,8.3,5.8
"Littell, Zack",641793,478,18.1,36.2,114.4,89.3,78.6,93.4,85.5,427,183,389.0,187,39.2,46,9.6,7.0
"Spence, Mitch",687765,475,9.6,30.9,113.7,89.5,79.0,92.5,87.9,441,152,399.0,198,41.7,40,8.4,6.1
"Rodón, Carlos",607074,474,18.1,34.2,112.2,90.4,80.2,93.7,87.6,434,192,397.0,194,40.9,52,11.0,7.1
"Bello, Brayan",678394,474,6.2,34.2,115.2,88.5,76.4,93.0,85.9,457,140,402.0,195,41.1,35,7.4,5.0
"Valdez, Framber",664285,473,0.4,26.0,114.7,90.2,80.0,94.3,87.9,429,122,397.0,213,45.0,25,5.3,3.6
"Gore, MacKenzie",669022,473,13.5,35.9,113.2,88.0,76.8,90.1,87.1,428,171,403.0,180,38.1,32,6.8,4.4
"Bibee, Tanner",676440,471,17.7,37.4,116.7,88.4,77.5,92.9,84.0,450,182,387.0,174,36.9,33,7.0,4.6
"Ober, Bailey",641927,469,20.4,34.5,113.8,87.5,76.7,92.3,81.7,445,187,405.0,161,34.3,39,8.3,5.5
"Cease, Dylan",656302,469,14.1,32.2,116.8,89.0,78.3,93.8,84.1,429,171,397.0,181,38.6,40,8.5,5.2
"Brown, Hunter",686613,468,9.6,28.0,114.0,86.2,74.7,91.0,83.3,413,141,384.0,142,30.3,21,4.5,2.9
"Parker, Mitchell",680730,468,15.3,35.3,113.6,89.6,79.5,93.3,85.2,436,176,408.0,182,38.9,38,8.1,5.9
"Ragans, Cole",666142,466,15.2,31.8,115.4,88.3,77.7,91.8,85.3,429,164,408.0,165,35.4,29,6.2,3.8
"Quantrill, Cal",615698,466,11.1,37.1,113.5,89.1,77.9,93.9,85.2,470,167,407.0,192,41.2,34,7.3,5.2
"Nelson, Ryne",669194,464,12.0,34.5,112.1,90.1,79.8,93.3,88.1,439,166,395.0,193,41.6,35,7.5,5.6
"Lively, Ben",594902,460,14.0,30.7,116.9,90.2,80.5,93.6,88.4,446,168,388.0,191,41.5,30,6.5,4.7
"King, Michael",650633,455,13.8,34.7,112.4,85.7,74.0,89.4,82.5,431,157,401.0,138,30.3,28,6.2,3.9
"Morton, Charlie",450203,451,9.0,33.0,114.4,88.7,77.7,93.1,85.3,452,159,402.0,173,38.4,42,9.3,6.0
"Peralta, Freddy",642547,447,17.3,35.3,113.5,87.6,76.0,91.7,84.4,452,177,397.0,165,36.9,39,8.7,5.4
"Falter, Bailey",663559,445,17.0,36.4,113.5,90.1,79.9,93.1,88.8,436,179,403.0,184,41.3,40,9.0,6.8
"Assad, Javier",665871,445,13.3,36.0,114.7,89.1,78.3,93.3,86.3,435,170,396.0,177,39.8,39,8.8,6.1
"Waldron, Matt",663362,440,16.4,33.6,113.4,88.1,77.2,92.9,85.3,450,171,400.0,154,35.0,31,7.0,5.0
"Blanco, Ronel",669854,439,16.4,30.1,118.7,88.7,78.1,92.4,86.3,461,173,392.0,156,35.5,41,9.3,6.1
"Hendricks, Kyle",543294,434,13.0,36.4,113.6,85.9,73.6,91.5,82.4,460,158,398.0,145,33.4,32,7.4,5.6
"Montas, Frankie",593423,434,13.5,35.9,113.0,89.3,77.8,93.8,85.2,436,169,395.0,187,43.1,40,9.2,6.1
"Suarez, Ranger",624133,434,6.3,32.7,115.6,86.9,74.7,92.0,84.0,431,140,399.0,149,34.3,22,5.1,3.5
"Sale, Chris",519242,430,9.6,34.9,114.4,86.5,75.0,91.4,82.2,422,159,396.0,134,31.2,24,5.6,3.4
"Martinez, Nick",607259,430,17.0,34.0,112.4,86.4,74.9,90.3,83.7,431,168,397.0,131,30.5,22,5.1,3.9
"Pérez, Martín",527048,429,11.2,34.3,117.4,89.0,76.9,94.4,85.2,445,166,405.0,178,41.5,37,8.6,6.3
"Stone, Gavin",694813,425,11.2,32.5,114.7,88.2,77.1,90.8,86.4,449,161,400.0,154,36.2,27,6.4,4.7
"Gray, Sonny",543243,425,11.5,38.1,113.5,89.6,79.3,93.6,86.2,459,167,409.0,161,37.9,38,8.9,5.7
"Abbott, Andrew",671096,418,21.3,36.1,112.2,88.2,78.2,92.1,85.8,425,185,394.0,140,33.5,39,9.3,6.7
"Estes, Joey",683155,414,25.4,37.0,113.6,89.5,79.1,93.6,86.1,448,204,391.0,164,39.6,40,9.7,7.4
"Flaherty, Jack",656427,413,14.0,36.1,117.5,88.4,77.4,91.9,85.2,448,173,395.0,144,35.9,32,7.7,4.9
"Suárez, Albert",544150,411,17.0,38.0,114.7,88.8,78.4,92.6,84.8,429,182,396.0,158,38.4,29,7.1,5.1
"Gallen, Zac",668678,407,11.8,34.9,114.0,90.0,79.8,92.7,88.2,441,161,399.0,167,41.0,30,7.4,4.8
"Rogers, Trevor",669432,405,10.4,33.1,112.1,90.7,80.4,94.0,88.5,447,159,399.0,180,44.4,34,8.4,6.0
"Montgomery, Jordan",656756,402,12.2,35.8,112.3,88.6,77.2,92.5,84.8,429,166,406.0,165,41.0,24,6.0,4.5
"Myers, Tobias",668964,401,16.4,36.4,115.9,89.8,79.3,94.2,86.0,441,175,403.0,155,38.7,32,8.0,5.6
"Woods Richardson, Simeon",680573,401,18.5,35.4,109.4,88.4,78.1,92.5,85.0,424,183,393.0,145,36.2,33,8.2,5.8
"Ortiz, Luis",682847,398,13.9,34.9,112.9,89.0,78.2,92.6,86.5,453,173,413.0,150,37.7,35,8.8,6.3
"Arrighetti, Spencer",681293,389,16.4,38.3,119.9,88.9,77.9,93.3,83.7,447,183,395.0,155,39.8,30,7.7,4.7
"Pivetta, Nick",601713,386,19.4,38.9,114.9,89.4,79.2,93.0,85.5,441,191,392.0,150,38.9,39,10.1,6.6
"Cannon, Jonathan",686563,386,14.6,38.3,111.9,89.0,78.7,91.9,86.5,425,172,387.0,140,36.3,28,7.3,5.4
"Gil, Luis",661563,380,19.0,33.7,112.3,89.3,78.9,93.4,86.1,415,175,389.0,142,37.4,36,9.5,5.7
"Steele, Justin",657006,379,12.3,30.6,114.1,86.9,75.7,90.2,85.3,427,150,391.0,126,33.2,16,4.2,2.9
"Irvin, Cole",608344,379,15.3,38.5,116.6,89.9,79.7,93.4,86.3,448,183,399.0,155,40.9,48,12.7,9.8
"Freeland, Kyle",607536,378,15.2,34.7,116.0,90.3,79.6,94.0,88.0,457,172,409.0,154,40.7,40,10.6,8.2
"Kremer, Dean",665152,376,15.1,30.9,114.5,87.4,75.9,92.4,83.4,447,165,403.0,133,35.4,37,9.8,6.7
"Marsh, Alec",679525,374,15.0,38.0,113.6,89.7,78.8,94.1,86.0,441,173,406.0,153,40.9,36,9.6,6.6
"Lorenzen, Michael",547179,373,15.1,32.2,115.6,88.5,76.9,93.9,85.8,441,165,390.0,147,39.4,30,8.0,5.6
"Bradley, Taj",671737,373,13.3,34.9,116.4,91.2,81.6,94.6,88.7,437,170,394.0,160,42.9,38,10.2,6.6
"Greene, Hunter",668881,366,20.8,29.0,114.2,87.3,76.3,92.1,84.1,442,175,400.0,119,32.5,19,5.2,3.1
"Harrison, Kyle",690986,365,14.9,34.2,114.9,90.7,80.4,94.7,87.8,441,180,400.0,161,44.1,37,10.1,7.0
"Pallante, Andre",669467,365,1.1,24.4,112.3,87.4,75.3,91.1,86.6,427,119,391.0,136,38.1,12,3.3,2.4
"Ryan, Joe",657746,363,18.5,33.3,116.4,88.3,77.1,93.1,84.5,431,172,396.0,133,36.6,31,8.5,5.8
"Peterson, David",656849,356,7.2,35.4,114.4,89.3,78.3,91.9,88.4,432,145,404.0,152,42.7,26,7.3,5.1
"Woo, Bryan",693433,355,15.6,29.9,115.6,88.8,78.8,92.2,85.8,429,167,395.0,125,35.2,17,4.8,3.6
"Lynn, Lance",458681,354,17.0,36.7,114.6,88.9,77.6,93.9,84.2,433,179,398.0,139,39.3,37,10.5,7.2
"Maeda, Kenta",628317,352,17.0,36.9,111.9,88.4,78.1,91.4,86.1,449,176,394.0,127,36.1,29,8.2,6.0
"López, Reynaldo",625643,351,13.8,37.3,115.6,89.8,79.4,92.8,87.9,451,172,402.0,148,42.2,31,8.8,5.7
"Ureña, José",570632,350,9.8,26.0,117.0,89.0,77.4,92.4,87.4,415,145,395.0,139,39.7,27,7.7,5.8
"Crochet, Garrett",676979,348,11.1,34.5,111.4,88.3,76.5,93.2,84.6,426,162,383.0,135,38.8,32,9.2,5.4
"Schwellenbach, Spencer",680885,344,11.7,35.2,117.3,87.6,75.6,91.8,84.3,452,161,404.0,137,39.8,17,4.9,3.4
"Mize, Casey",663554,343,9.3,32.4,117.0,90.6,79.9,94.5,87.9,468,150,398.0,153,44.6,27,7.9,6.0
"Pepiot, Ryan",686752,341,19.1,31.4,113.7,89.3,79.4,93.5,85.7,430,174,396.0,127,37.2,31,9.1,5.8
"Alexander, Tyler",641302,336,21.0,36.6,114.2,88.4,77.5,91.8,84.5,447,195,395.0,125,37.2,33,9.8,7.3
"Vásquez, Randy",681190,333,15.0,38.7,119.2,88.7,77.0,92.6,86.1,441,171,398.0,132,39.6,29,8.7,6.7
"Hicks, Jordan",663855,329,8.9,34.7,112.3,89.6,78.4,94.2,86.4,426,152,387.0,139,42.2,31,9.4,6.4
"Jones, Jared",683003,328,14.5,36.9,110.9,89.6,79.0,94.0,86.4,440,179,402.0,146,44.5,32,9.8,6.3
"Olson, Reese",681857,327,8.9,31.2,111.0,90.2,80.0,92.0,89.9,425,140,388.0,143,43.7,18,5.5,3.9
"Gray, Jon",592351,325,15.3,34.8,112.8,90.5,80.1,93.3,89.1,424,176,397.0,137,42.2,28,8.6,6.4
"Wilson, Bryse",669060,325,16.7,37.5,111.8,89.7,78.4,92.8,88.3,446,181,397.0,144,44.3,30,9.2,6.8
"Rodriguez, Grayson",680570,320,13.4,36.9,112.9,89.2,78.5,93.8,84.8,431,172,398.0,127,39.7,25,7.8,5.1
"Carrasco, Carlos",471911,320,10.8,35.3,114.4,89.3,78.9,93.4,85.8,440,163,403.0,124,38.8,26,8.1,5.8
"Glasnow, Tyler",607192,317,9.3,32.2,117.6,89.0,78.1,93.6,85.9,439,151,398.0,127,40.1,27,8.5,5.2
"Lodolo, Nick",666157,316,11.8,32.6,114.3,89.2,78.5,92.2,87.4,429,162,393.0,120,38.0,26,8.2,5.3
"Soriano, José",667755,316,-0.9,28.5,112.0,89.9,78.9,94.7,87.6,451,122,391.0,140,44.3,21,6.6,4.5
"Criswell, Cooper",681867,313,9.7,33.2,113.5,89.3,78.4,91.6,88.4,430,153,390.0,117,37.4,22,7.0,5.2
"Paxton, James",572020,313,16.0,32.6,118.1,90.5,80.4,94.2,87.4,426,175,393.0,135,43.1,25,8.0,5.7
"Stripling, Ross",548389,309,13.6,39.8,111.7,88.3,77.8,91.6,86.6,403,165,379.0,109,35.3,21,6.8,5.5
"Allen, Logan",671106,308,13.4,36.0,114.0,91.0,80.0,95.6,88.0,456,170,404.0,143,46.4,35,11.4,8.1
"Skenes, Paul",694973,306,8.4,27.8,112.5,87.8,76.6,92.4,85.1,427,139,389.0,111,36.3,16,5.2,3.1
"Montero, Keider",672456,301,15.5,34.6,111.1,88.9,78.4,93.0,85.7,425,169,391.0,114,37.9,23,7.6,5.6
"Hudson, Dakota",641712,300,7.6,31.3,116.4,89.9,78.9,93.9,86.9,446,145,407.0,126,42.0,19,6.3,4.7
"Spiers, Carson",686730,298,17.4,35.9,113.5,88.9,77.5,93.0,85.7,421,186,391.0,116,38.9,31,10.4,7.6
"Yarbrough, Ryan",642232,289,14.3,33.6,112.9,86.0,74.8,91.0,83.0,429,157,389.0,85,29.4,18,6.2,4.5
"Verlander, Justin",434378,289,20.9,38.8,118.8,88.6,78.7,91.7,86.3,428,194,389.0,94,32.5,20,6.9,5.1
"Francis, Bowden",670102,287,18.9,35.5,112.2,89.1,79.1,92.9,85.8,443,181,399.0,104,36.2,25,8.7,6.1
"Dunning, Dane",641540,284,13.6,33.5,112.0,90.4,79.4,94.7,87.4,436,169,397.0,130,45.8,31,10.9,7.4
"Walker, Taijuan",592836,283,15.4,37.8,115.3,91.4,81.1,94.6,88.6,439,182,404.0,131,46.3,38,13.4,10.0
"Paddack, Chris",663978,283,14.3,39.9,115.5,90.4,79.4,94.5,86.7,427,180,400.0,122,43.1,28,9.9,7.3
"Musgrove, Joe",605397,276,13.8,35.5,115.8,90.3,80.6,93.6,86.9,426,173,395.0,112,40.6,29,10.5,7.1
"Blach, Ty",621389,270,13.2,37.8,114.0,90.7,80.2,94.9,86.3,465,186,419.0,115,42.6,33,12.2,10.0
"Law, Derek",571882,264,9.0,34.5,110.0,88.2,77.9,91.1,86.9,408,147,391.0,93,35.2,10,3.8,2.7
"Muñoz, Roddery",682610,262,15.9,41.2,113.3,90.8,80.8,94.6,85.3,456,196,402.0,118,45.0,36,13.7,9.5
"Ashcraft, Graham",668933,260,8.8,31.9,113.7,90.6,80.6,93.7,88.7,434,152,392.0,111,42.7,20,7.7,5.7
"Cabrera, Edward",665795,256,10.0,32.4,114.6,89.7,78.1,95.2,84.8,450,158,404.0,117,45.7,22,8.6,5.3
"Holton, Tyler",663947,256,11.4,29.3,109.6,86.6,75.2,91.9,83.7,431,148,399.0,84,32.8,14,5.5,4.0
"Cole, Gerrit",543037,256,17.0,31.6,111.0,89.7,79.4,94.0,86.9,441,173,396.0,101,39.5,19,7.4,4.9
"Weathers, Ryan",677960,254,10.4,32.7,111.6,89.5,78.8,93.9,87.6,440,157,401.0,97,38.2,21,8.3,5.7
"Cecconi, Slade",677944,253,17.9,35.6,111.5,89.0,78.4,93.2,83.8,440,190,399.0,92,36.4,26,10.3,7.7
"Liberatore, Matthew",669461,252,13.2,31.7,111.3,89.7,79.2,92.1,88.3,447,163,407.0,97,38.6,18,7.1,5.0
"Fulmer, Carson",608334,252,13.0,34.1,113.6,90.6,80.4,93.9,87.6,432,178,402.0,112,44.4,24,9.5,6.3
"Winckowski, Josh",670174,246,7.1,34.1,115.3,88.5,76.7,93.2,86.0,422,140,397.0,106,43.1,15,6.1,4.5
"Povich, Cade",700249,246,17.8,32.5,115.1,88.4,77.6,92.9,83.5,431,181,401.0,90,36.6,22,8.9,6.3
"Buehler, Walker",621111,246,10.8,36.2,111.0,88.3,77.4,92.8,85.0,442,164,397.0,93,37.8,17,6.9,4.9
"Hjelle, Sean",663546,243,2.3,29.6,111.8,88.7,78.0,91.3,87.7,423,124,401.0,91,37.4,13,5.3,3.9
"Detmers, Reid",672282,242,16.2,34.3,112.7,89.9,80.2,93.1,86.9,442,181,393.0,95,39.3,26,10.7,6.6
"Yamamoto, Yoshinobu",808967,240,8.4,34.2,112.0,88.4,76.2,92.9,85.2,429,154,396.0,99,41.3,20,8.3,5.4
"Rodríguez, Yariel",684320,239,16.8,28.9,111.6,87.8,76.5,92.6,86.4,426,166,401.0,89,37.2,15,6.3,4.1
"Hill, Tim",657612,239,-6.6,19.7,111.9,88.0,75.7,93.3,86.1,386,96,374.0,97,40.6,4,1.7,1.4
"Herz, DJ",687792,236,18.0,30.5,113.3,89.4,79.8,92.7,86.0,425,176,403.0,82,34.7,19,8.1,5.0
"Sandoval, Patrick",663776,234,11.0,32.9,112.6,87.9,76.7,90.8,86.3,433,156,405.0,85,36.3,12,5.1,3.4
"Blackburn, Paul",621112,233,11.0,38.2,111.0,87.6,76.8,93.0,83.5,434,162,396.0,83,35.6,19,8.2,6.0
"Shuster, Jared",694363,232,17.6,37.9,112.0,87.5,76.9,91.4,84.1,421,179,401.0,74,31.9,17,7.3,5.3
"Avila, Pedro",658648,231,9.6,39.0,112.2,89.6,79.2,92.7,87.2,432,163,400.0,96,41.6,12,5.2,3.4
"Darvish, Yu",506433,228,17.1,32.0,113.2,89.4,79.1,93.5,86.0,423,177,398.0,91,39.9,17,7.5,5.1
"Houser, Adrian",605288,228,9.3,29.8,114.6,91.0,81.6,94.2,88.9,423,153,392.0,92,40.4,20,8.8,6.5
"Bellozo, Valente",678368,228,22.2,34.2,113.7,90.0,79.5,93.9,86.6,446,194,418.0,96,42.1,25,11.0,8.5
"Snell, Blake",605483,228,14.6,32.9,111.6,86.5,75.5,90.4,83.5,433,160,411.0,66,28.9,13,5.7,3.1
"Beeks, Jalen",656222,227,13.5,30.4,115.5,87.2,76.0,91.1,86.3,439,155,413.0,75,33.0,11,4.8,3.5
"Rogers, Tyler",643511,225,7.5,24.9,112.6,85.2,73.0,89.9,83.9,431,127,390.0,70,31.1,10,4.4,3.4
"Bradford, Cody",674003,224,17.8,35.3,112.6,88.8,77.8,94.0,84.4,426,183,400.0,78,34.8,20,8.9,6.5
"Ross, Joe",605452,224,16.7,30.8,114.5,88.7,77.8,91.8,86.3,414,165,398.0,87,38.8,18,8.0,5.6
"Kochanowicz, Jack",686799,223,3.6,29.1,113.9,90.3,79.4,95.3,88.3,445,130,408.0,99,44.4,14,6.3,5.3
"Schmidt, Clarke",657376,221,16.0,31.7,112.3,89.1,78.9,92.2,87.7,418,162,383.0,84,38.0,13,5.9,3.7
"Baz, Shane",669358,219,18.1,28.3,109.2,90.5,81.3,93.9,87.9,425,171,390.0,92,42.0,16,7.3,5.0
"Williams, Gavin",668909,218,13.2,32.1,110.8,90.8,80.8,92.9,90.3,431,169,389.0,96,44.0,15,6.9,4.5
"Tonkin, Michael",543859,217,12.5,35.9,111.3,88.0,76.9,91.7,83.3,423,165,398.0,76,35.0,16,7.4,4.7
"Vodnik, Victor",680767,217,4.5,27.6,115.4,91.3,81.2,95.3,88.6,453,143,422.0,107,49.3,17,7.8,5.3
"Soroka, Michael",647336,216,15.8,33.8,115.4,87.6,75.6,92.4,84.3,429,168,397.0,76,35.2,21,9.7,6.1
"Kelly, Merrill",518876,215,11.0,33.5,110.0,90.5,80.4,95.1,85.1,437,170,413.0,88,40.9,23,10.7,7.7
"McKenzie, Triston",663474,215,20.0,31.6,111.1,90.7,80.7,94.3,88.8,454,191,408.0,90,41.9,28,13.0,8.2
"Floro, Dylan",571670,213,10.9,34.3,114.1,90.2,80.7,93.4,87.1,405,159,383.0,83,39.0,9,4.2,3.2
"Strickland, Hunter",519326,211,21.7,30.3,111.4,88.9,79.2,93.1,84.8,419,180,400.0,75,35.5,19,9.0,6.5
"Megill, Tylor",656731,209,12.3,36.4,110.5,88.9,77.6,93.2,84.5,446,177,394.0,89,42.6,21,10.0,6.2
"Harris, Hogan",663687,208,15.6,36.1,112.8,88.9,78.6,92.7,86.2,432,176,400.0,82,39.4,15,7.2,4.9
"Contreras, Roansy",672710,207,11.3,32.9,109.6,89.8,79.5,92.2,88.0,439,169,407.0,90,43.5,20,9.7,6.7
"Banks, Tanner",621383,205,10.8,30.2,116.2,87.5,76.5,91.2,85.5,429,152,399.0,70,34.1,13,6.3,4.2
"Vest, Will",676684,205,7.4,36.6,111.5,88.4,77.7,91.4,86.4,403,151,370.0,78,38.0,6,2.9,2.1
"Suter, Brent",608718,205,13.8,33.7,112.8,86.1,74.8,89.9,84.5,422,169,387.0,62,30.2,15,7.3,5.6
"Thompson, Ryan",657044,204,-0.5,26.5,113.9,90.0,78.2,95.3,88.2,441,115,405.0,91,44.6,15,7.4,5.5
"Cronin, Declan",686539,204,1.6,29.9,115.4,89.5,78.0,93.3,87.3,426,130,426.0,85,41.7,10,4.9,3.3
"Armstrong, Shawn",542888,202,16.7,36.6,113.0,88.9,77.6,92.2,87.8,422,178,393.0,77,38.1,18,8.9,6.1
"Barnes, Jacob",606930,202,12.8,43.6,113.0,89.0,78.4,92.9,83.7,447,183,420.0,84,41.6,13,6.4,4.7
"Hancock, Emerson",676106,202,16.5,39.6,111.8,88.5,76.5,92.9,85.6,416,180,391.0,93,46.0,20,9.9,7.5
"Kelly, Kevin",687330,201,4.9,29.9,114.9,86.9,74.5,91.7,84.1,426,131,397.0,74,36.8,10,5.0,3.6
"Kittredge, Andrew",552640,200,11.8,33.0,111.1,88.9,78.2,93.4,85.6,439,165,405.0,79,39.5,17,8.5,5.9
"Molina, Anthony",683627,199,11.2,38.7,111.8,90.4,79.1,94.0,87.6,436,162,403.0,91,45.7,16,8.0,6.1
"Lambert, Peter",663567,198,16.1,38.9,110.1,88.1,77.4,90.8,85.8,425,170,401.0,73,36.9,12,6.1,4.3
"Weaver, Luke",596133,198,16.5,35.9,110.6,89.1,77.9,93.6,82.8,412,180,386.0,76,38.4,17,8.6,5.1
"Knack, Landon",689017,196,21.1,35.7,111.3,90.6,80.5,95.2,85.1,476,199,402.0,86,43.9,20,10.2,7.0
"Ginkel, Kevin",656464,196,10.0,35.2,112.6,89.8,79.4,93.3,86.4,438,161,407.0,80,40.8,11,5.6,3.8
"Akin, Keegan",669211,195,18.5,29.7,113.9,88.3,77.4,93.6,84.9,423,173,407.0,73,37.4,15,7.7,4.8
"Holmes, Grant",656550,195,13.9,35.9,111.7,88.7,78.3,92.6,85.4,432,171,398.0,75,38.5,13,6.7,4.6
"King, John",667463,195,1.2,27.2,109.7,88.5,77.8,92.5,86.2,420,122,395.0,72,36.9,12,6.2,4.8
"Gaddis, Hunter",683769,194,18.8,29.9,111.3,88.5,78.2,92.3,85.6,413,173,392.0,71,36.6,11,5.7,4.0
"Lawrence, Justin",664875,194,5.7,32.0,115.3,90.0,78.8,93.6,87.3,468,149,417.0,82,42.3,15,7.7,5.4
"Wentz, Joey",666214,194,15.5,32.5,110.0,88.1,77.2,93.5,83.9,436,165,385.0,70,36.1,14,7.2,4.6
"Thornton, Trent",663423,193,16.2,31.1,111.7,87.9,77.0,92.5,83.2,415,163,384.0,72,37.3,15,7.8,5.1
"Wesneski, Hayden",669713,193,10.8,32.1,113.3,87.6,75.7,93.6,84.1,448,159,409.0,71,36.8,18,9.3,6.4
"Farmer, Buck",571656,193,18.1,35.8,111.2,88.3,77.6,91.9,87.0,442,169,392.0,69,35.8,16,8.3,5.4
"Santana, Dennis",642701,193,14.3,37.3,109.0,86.3,75.3,90.4,81.8,402,172,386.0,63,32.6,9,4.7,3.1
"Clase, Emmanuel",661403,192,3.0,31.8,109.7,86.5,75.5,89.2,85.1,415,126,376.0,57,29.7,7,3.6,2.6
"Luzardo, Jesús",666200,192,16.5,33.3,115.5,90.4,80.4,92.8,87.9,415,171,393.0,79,41.1,19,9.9,6.9
"Junis, Jakob",596001,191,15.1,35.1,116.4,90.0,80.3,92.2,88.1,480,179,405.0,81,42.4,16,8.4,6.3
"Cabrera, Génesis",650893,190,14.1,33.7,111.1,89.8,79.7,93.1,88.2,439,160,393.0,78,41.1,14,7.4,5.2
"Sands, Cole",663485,189,17.6,32.8,113.0,89.0,78.6,91.8,87.2,458,180,391.0,70,37.0,12,6.3,4.1
"Chavez, Jesse",445926,189,11.1,37.6,117.8,87.3,75.5,91.2,83.4,416,170,386.0,67,35.4,12,6.3,4.5
"Milner, Hoby",571948,188,8.4,30.9,111.8,87.7,75.8,91.6,86.1,424,141,399.0,68,36.2,5,2.7,1.9
"Anderson, Chase",502624,188,20.0,33.0,112.8,86.5,74.8,91.3,81.9,418,189,391.0,62,33.0,16,8.5,6.3
"Pearson, Nate",663878,187,16.8,38.0,110.6,90.9,81.3,95.0,86.9,436,186,395.0,85,45.5,19,10.2,6.7
"Finnegan, Kyle",640448,187,10.6,31.6,115.7,91.3,80.4,93.2,90.3,446,161,398.0,90,48.1,13,7.0,4.8
"Weissert, Greg",669711,185,12.8,33.5,111.1,88.9,78.2,91.8,86.2,407,164,383.0,75,40.5,11,5.9,4.2
"Abreu, Bryan",650556,184,16.0,32.1,111.3,90.4,81.1,91.6,89.4,412,176,382.0,70,38.0,16,8.7,4.9
"Suarez, Robert",663158,183,16.0,30.6,109.5,89.0,78.5,92.5,88.0,420,163,385.0,74,40.4,14,7.7,5.4
"García, Luis",472610,183,6.3,33.9,111.6,88.7,77.2,92.9,86.3,430,143,405.0,72,39.3,13,7.1,5.1
"Williams, Trevor",592866,183,13.4,31.7,111.6,89.4,79.5,92.1,88.3,433,162,410.0,72,39.3,12,6.6,4.6
"De Los Santos, Enyel",660853,182,17.5,34.6,110.6,89.3,78.0,94.5,84.8,434,182,401.0,77,42.3,23,12.6,8.3
"Jarvis, Bryce",686826,182,11.4,34.1,114.1,90.5,81.3,92.2,89.4,421,172,388.0,73,40.1,13,7.1,5.0
"Walker, Ryan",676254,182,9.8,31.3,116.1,86.4,74.1,91.0,83.2,427,149,385.0,55,30.2,11,6.0,3.6
"Foley, Jason",671345,182,7.5,36.8,115.9,89.5,78.2,93.2,86.3,425,160,391.0,75,41.2,12,6.6,4.8
"Brieske, Beau",689225,181,14.8,31.5,111.3,89.0,78.9,92.2,87.0,421,174,378.0,65,35.9,10,5.5,3.5
"McArthur, James",663704,181,7.1,34.3,111.1,90.2,79.9,93.3,88.5,438,147,387.0,73,40.3,15,8.3,6.1
"Smith, Burch",572143,181,12.9,34.8,111.4,90.7,80.7,93.2,88.8,455,167,418.0,81,44.8,17,9.4,7.1
"Meyer, Max",676974,180,10.1,27.2,114.0,90.6,79.0,96.0,87.0,429,154,398.0,86,47.8,25,13.9,10.1
"Birdsong, Hayden",806185,180,13.8,32.8,112.5,92.0,82.1,95.5,87.9,431,184,396.0,90,50.0,16,8.9,5.1
"Fernandez, Ryan",681676,180,10.4,35.6,111.8,89.0,78.9,93.0,85.1,408,158,385.0,61,33.9,13,7.2,4.6
"Morejon, Adrian",670970,179,7.1,31.8,110.7,86.6,74.8,92.3,83.8,442,145,396.0,58,32.4,15,8.4,5.5
"Martinez, Justin",679885,179,-0.3,27.9,113.5,86.4,74.4,90.8,84.2,433,115,376.0,57,31.8,5,2.8,1.6
"Holmes, Clay",605280,178,0.3,24.2,111.2,88.8,78.1,93.5,86.6,407,115,397.0,65,36.5,10,5.6,3.7
"Kinley, Tyler",641755,178,15.5,37.6,113.1,87.5,75.7,92.7,80.7,461,183,401.0,59,33.1,16,9.0,5.6
"Richards, Trevor",670950,177,18.8,31.1,110.5,88.3,78.1,91.6,86.1,407,183,380.0,67,37.9,12,6.8,4.3
"Stratton, Chris",608717,177,11.0,38.4,110.7,87.1,75.1,92.7,82.4,424,165,405.0,67,37.9,15,8.5,5.8
"Puk, A.J.",640462,176,16.8,35.2,111.0,86.2,74.5,91.4,82.0,405,171,388.0,59,33.5,7,4.0,2.4
"Festa, David",701581,175,15.1,41.1,111.8,89.5,79.4,92.5,87.5,459,180,412.0,68,38.9,15,8.6,5.4
"Iglesias, Raisel",628452,175,14.2,25.7,115.1,86.0,74.4,90.8,81.4,416,158,404.0,54,30.9,7,4.0,2.7
"McFarland, T.J.",519008,175,3.2,25.7,114.9,87.5,76.1,93.5,85.7,420,118,405.0,61,34.9,8,4.6,3.4
"Koenig, Jared",657649,174,10.5,27.6,113.1,87.5,76.1,91.4,85.1,434,148,407.0,62,35.6,14,8.0,5.3
"Baumann, Mike",657508,174,14.5,33.9,111.2,91.1,82.2,92.9,88.9,431,175,395.0,76,43.7,16,9.2,6.1
"Miller, Bobby",676272,174,10.4,34.5,115.6,91.5,81.4,95.9,87.7,437,168,399.0,83,47.7,20,11.5,7.8
"Smyly, Drew",592767,173,19.5,34.1,114.1,89.2,78.3,91.9,89.8,431,179,394.0,66,38.2,11,6.4,4.3
"Adam, Jason",592094,172,13.8,29.7,117.8,88.5,77.1,93.7,84.7,444,165,430.0,65,37.8,11,6.4,3.9
"Maton, Phil",664208,172,12.9,32.0,111.6,86.5,74.4,92.2,83.7,422,154,397.0,57,33.1,12,7.0,4.5
"Bednar, David",670280,172,17.9,30.8,111.3,90.2,80.0,92.7,88.1,433,180,407.0,68,39.5,16,9.3,6.1
"Buttó, José",676130,172,15.9,30.2,114.5,88.7,78.1,94.2,84.5,445,167,406.0,65,37.8,13,7.6,4.4
"Mantiply, Joe",573009,172,5.4,26.2,113.5,88.1,76.3,94.3,83.7,408,143,408.0,72,41.9,13,7.6,5.3
"Scott, Tanner",656945,171,11.1,29.8,109.3,84.3,71.8,90.5,81.3,409,134,390.0,47,27.5,8,4.7,2.7
"Priester, Quinn",682990,171,5.9,28.1,111.5,89.3,77.7,93.4,87.2,421,130,398.0,79,46.2,7,4.1,3.2
"Scott, Tayler",605463,171,13.5,33.3,113.2,88.0,77.7,92.9,84.0,399,159,367.0,61,35.7,6,3.5,2.1
"Romero, JoJo",668941,171,7.9,34.5,114.3,89.9,79.3,93.0,87.8,438,154,403.0,68,39.8,18,10.5,7.4
"Hudson, Daniel",543339,170,18.1,30.6,113.0,90.4,79.9,93.8,87.6,452,176,399.0,84,49.4,21,12.4,8.3
"Varland, Louis",686973,169,11.1,41.4,114.0,90.6,80.3,93.4,88.0,435,174,400.0,76,45.0,15,8.9,6.3
"Zerpa, Angel",672582,169,2.8,27.8,112.3,90.3,80.1,93.7,89.1,452,125,412.0,74,43.8,12,7.1,5.0
"Jiménez, Joe",641729,168,16.3,29.8,111.9,87.8,77.8,92.7,83.1,396,175,385.0,55,32.7,8,4.8,2.9
"Alvarado, José",621237,166,12.6,31.3,111.8,89.5,78.5,93.4,86.6,427,146,401.0,68,41.0,11,6.6,4.3
"Voth, Austin",608723,166,16.2,40.4,115.5,85.8,74.6,89.1,81.7,420,178,393.0,49,29.5,13,7.8,5.2
"Smith, Cade",671922,166,11.8,39.2,120.3,90.4,80.1,94.9,88.7,414,163,402.0,71,42.8,14,8.4,4.8
"Miller, Tyson",668338,165,20.3,33.3,111.3,88.2,77.7,92.9,81.6,451,186,414.0,57,34.5,13,7.9,5.5
"Pressly, Ryan",519151,165,6.2,37.0,119.3,89.8,78.8,96.0,84.4,473,154,415.0,69,41.8,13,7.9,5.3
"Neris, Héctor",593576,165,14.8,34.5,109.4,88.6,77.5,93.1,84.3,416,174,390.0,67,40.6,15,9.1,5.8
"Winn, Keaton",676775,165,8.7,34.5,113.4,93.1,83.8,96.7,90.2,467,164,402.0,80,50.6,14,8.5,5.9
"Martinez, Seth",661527,164,16.4,31.1,109.0,88.4,77.6,91.3,88.3,405,159,374.0,66,40.2,11,6.7,5.0
"Robertson, David",502085,164,9.9,31.1,111.7,88.7,77.8,90.6,86.8,427,153,410.0,62,37.8,9,5.5,3.0
"Domínguez, Seranthony",622554,164,16.3,35.4,109.0,86.9,75.3,91.0,83.5,438,178,396.0,54,32.9,20,12.2,7.8
"Helsley, Ryan",664854,164,18.3,36.6,114.3,89.4,80.2,90.4,90.5,425,168,404.0,58,35.4,6,3.7,2.3
"Leclerc, José",600917,163,18.0,36.2,115.8,87.4,76.0,91.3,83.0,405,173,391.0,50,30.7,12,7.4,4.2
"Bido, Osvaldo",674370,163,21.7,32.5,112.0,85.6,74.0,90.7,79.7,407,176,399.0,44,27.0,7,4.3,2.7
"Jax, Griffin",643377,163,6.3,23.9,111.3,88.2,77.1,92.1,85.8,415,141,395.0,63,38.7,13,8.0,4.7
"Elder, Bryce",693821,161,8.1,31.1,109.6,89.9,79.6,92.9,88.4,426,149,406.0,73,45.3,14,8.7,6.2
"Matsui, Yuki",673513,161,18.2,30.4,112.4,88.5,77.5,92.5,84.2,425,175,387.0,60,37.3,11,6.8,4.3
"Rogers, Taylor",573124,161,12.3,32.3,111.1,86.7,74.6,90.3,85.2,430,152,385.0,53,32.9,10,6.2,4.0
"Faedo, Alex",656412,160,14.8,39.4,113.5,88.3,77.9,92.0,84.5,409,176,390.0,55,34.4,10,6.3,4.1
"Garcia, Robert",676395,159,11.5,29.6,111.4,87.7,77.7,90.9,86.3,444,145,405.0,48,30.2,5,3.1,2.0
"Erceg, Lucas",668674,159,6.6,31.4,110.3,85.9,74.0,90.0,82.8,422,148,410.0,53,33.3,10,6.3,4.0
"Herrin, Tim",682120,159,7.4,28.3,111.5,86.9,75.2,91.7,84.3,457,137,415.0,58,36.5,11,6.9,4.3
"Pérez, Cionel",672335,159,4.1,28.9,116.4,88.3,77.0,93.6,85.9,403,131,,54,34.0,8,5.0,3.4
"Cano, Yennier",666974,159,-1.9,25.8,113.6,89.9,79.0,94.4,87.7,440,117,400.0,69,43.4,10,6.3,4.0
"Kerkering, Orion",689147,158,5.4,32.3,116.9,87.3,76.4,90.5,85.7,398,136,380.0,53,33.5,8,5.1,3.1
"Miller, Shelby",571946,158,16.8,31.0,109.0,91.1,82.0,93.8,89.7,429,179,404.0,65,41.1,12,7.6,5.3
"Miller, Erik",669062,158,10.7,25.3,112.7,89.5,79.1,92.0,88.6,406,148,380.0,65,41.1,11,7.0,3.9
"Cleavinger, Garrett",664076,157,12.5,35.0,110.8,86.9,75.1,91.6,82.8,425,172,408.0,53,33.8,15,9.6,5.6
"Rodriguez, Eduardo",593958,157,14.5,39.5,117.2,88.7,76.9,92.9,85.0,430,176,403.0,66,42.0,17,10.8,7.6
"Mears, Nick",683232,157,14.3,38.2,109.7,88.1,77.7,91.0,84.9,435,182,405.0,52,33.1,11,7.0,4.3
"Hoffman, Jeff",656546,157,17.3,32.5,112.5,88.3,76.3,94.1,85.0,424,178,391.0,66,42.0,12,7.6,4.5
"Kolek, Stephen",663568,156,3.6,30.8,113.5,88.1,76.1,91.7,85.9,431,123,420.0,64,41.0,6,3.8,2.8
"Payamps, Joel",606303,156,15.9,34.0,118.5,89.4,78.2,95.8,83.6,421,178,397.0,68,43.6,15,9.6,6.4
"Bummer, Aaron",607481,155,0.0,29.0,112.4,86.6,74.3,90.4,85.3,400,110,362.0,51,32.9,2,1.3,0.8
"Slaten, Justin",686580,155,8.6,29.7,112.2,87.8,76.4,93.6,84.6,426,141,397.0,57,36.8,6,3.9,2.7
"Muller, Kyle",666205,155,13.6,35.5,116.1,90.2,80.2,92.9,89.3,411,168,386.0,67,43.2,12,7.7,5.9
"Pop, Zach",647315,155,4.9,25.2,113.1,88.9,77.2,94.3,86.3,416,129,380.0,69,44.5,11,7.1,5.3
"Rainey, Tanner",663432,154,25.8,33.8,109.4,91.1,81.8,94.5,86.7,415,199,395.0,66,42.9,22,14.3,9.5
"Kuhl, Chad",641771,154,10.2,33.8,110.1,88.4,77.7,92.5,85.0,416,156,383.0,59,38.3,9,5.8,3.8
"Schreiber, John",670167,154,10.2,25.3,112.9,89.0,77.8,90.9,88.6,411,131,376.0,57,37.0,6,3.9,2.7
"Suarez, José",660761,153,13.4,37.3,111.6,89.0,76.7,93.5,86.9,431,167,386.0,73,47.7,13,8.5,5.4
"Bivens, Spencer",702352,153,8.7,28.1,109.5,88.7,78.2,93.6,85.9,442,145,405.0,56,36.6,12,7.8,5.9
"Brebbia, John",605154,153,19.7,39.9,111.4,88.8,77.8,92.3,84.2,440,200,394.0,57,37.3,16,10.5,6.6
"Ferguson, Caleb",657571,153,9.9,35.9,114.1,88.2,76.9,89.0,88.0,432,156,413.0,57,37.3,10,6.5,4.0
"Nicolas, Kyle",693312,153,10.8,34.0,112.4,90.0,80.2,93.1,87.3,431,165,400.0,62,40.5,13,8.5,5.3
"Alcala, Jorge",660896,153,19.0,32.0,109.0,86.6,75.4,92.1,81.8,443,176,401.0,50,32.7,11,7.2,4.7
"Hoeing, Bryan",663773,153,7.2,36.6,114.4,90.9,80.3,92.5,90.3,428,146,405.0,70,45.8,12,7.8,5.7
"Kopech, Michael",656629,152,16.9,34.2,110.3,89.0,78.9,91.7,85.8,433,184,408.0,62,40.8,16,10.5,5.7
"Doval, Camilo",666808,152,-0.2,27.6,121.5,89.5,77.7,96.4,84.9,410,133,381.0,65,42.8,13,8.6,4.8
"Kelly, Zack",677161,151,12.0,35.1,114.4,87.2,76.0,92.7,83.9,470,158,419.0,47,31.1,15,9.9,6.2
"Peguero, Elvis",665625,151,3.2,29.1,112.6,90.1,79.6,92.5,89.1,420,126,401.0,61,40.4,8,5.3,3.5
"Mayza, Tim",641835,151,9.2,41.7,112.8,88.3,77.4,91.6,84.8,446,165,408.0,58,38.4,14,9.3,7.2
"Webb, Jacob",657097,151,17.7,33.8,115.5,87.4,76.1,93.3,80.2,402,182,396.0,52,34.4,12,7.9,5.1
"Anderson, Justin",605121,150,15.4,39.3,111.3,87.3,75.1,91.8,83.8,439,181,404.0,53,35.3,13,8.7,5.3
"Díaz, Alexis",664747,150,22.6,31.3,110.7,88.5,77.9,91.6,86.1,427,171,404.0,57,38.0,10,6.7,4.1
"Estévez, Carlos",608032,149,19.5,38.9,111.6,90.3,81.1,93.8,85.5,414,191,391.0,63,42.3,15,10.1,7.1
"Wicks, Jordan",696136,148,14.9,35.8,118.1,89.4,78.6,93.0,85.2,418,179,397.0,59,39.9,13,8.8,6.1
"Hudson, Bryan",663542,148,14.2,35.8,111.6,87.8,76.4,92.2,83.7,430,165,394.0,54,36.5,10,6.8,4.3
"Green, Chad",643338,148,17.2,35.1,115.2,91.3,81.4,95.1,86.1,426,189,381.0,68,45.9,13,8.8,6.2
"Jackson, Luke",592426,148,8.4,31.1,109.5,89.2,78.7,93.4,85.9,422,152,391.0,59,39.9,13,8.8,5.5
"Hader, Josh",623352,147,21.2,33.3,111.0,89.7,79.3,94.1,85.7,423,194,387.0,57,38.8,15,10.2,5.4
"Bender, Anthony",669622,147,8.7,32.0,115.7,87.7,75.8,93.6,84.5,411,142,402.0,60,40.8,7,4.8,3.1
"Phillips, Evan",623465,147,11.9,36.1,117.7,85.9,74.2,89.0,83.4,462,169,410.0,48,32.7,9,6.1,3.9
"Leahy, Kyle",681517,147,14.8,33.3,112.0,89.9,79.3,94.3,86.3,430,183,397.0,64,43.5,9,6.1,4.7
"Ruiz, José",614179,147,12.4,28.6,111.0,90.7,80.9,94.4,88.4,449,159,405.0,62,42.2,12,8.2,5.5
"Lee, Dylan",669276,147,16.8,35.4,111.2,87.5,76.8,91.4,82.7,436,184,395.0,47,32.0,11,7.5,4.6
"López, Jorge",605347,146,9.1,27.4,109.5,88.7,77.3,93.3,86.3,418,147,389.0,58,39.7,12,8.2,5.6
"Brito, Jhony",666745,146,9.0,30.1,111.4,87.3,75.9,91.5,85.6,399,147,371.0,52,35.6,9,6.2,4.9
"Stanek, Ryne",592773,146,19.0,34.2,109.9,90.2,81.0,92.3,88.3,406,196,396.0,61,41.8,14,9.6,5.8
"Rodríguez, Randy",678495,146,13.4,26.0,114.2,88.1,76.9,92.0,83.6,434,163,418.0,55,37.7,11,7.5,5.0
"McCaughan, Darren",670766,146,19.5,35.6,112.5,89.1,78.2,92.8,84.9,415,189,394.0,57,39.0,12,8.2,6.2
"Martin, Davis",663436,145,11.9,26.2,112.0,87.9,76.2,93.2,84.0,409,155,387.0,55,37.9,11,7.6,5.0
"Leiter Jr., Mark",643410,145,11.3,33.1,110.4,88.8,77.7,93.2,86.6,433,153,399.0,58,40.0,12,8.3,4.7
"Sandlin, Nick",680704,145,18.3,29.0,113.5,91.3,81.1,94.7,89.1,418,175,392.0,62,42.8,16,11.0,6.5
"Chafin, Andrew",605177,144,15.0,37.5,108.9,88.5,78.8,89.8,87.7,406,177,369.0,49,34.0,9,6.3,3.7
"Ottavino, Adam",493603,144,13.6,33.3,110.6,87.1,75.4,91.3,84.7,423,161,400.0,50,34.7,11,7.6,4.5
"Soto, Gregory",642397,144,6.2,34.7,110.9,88.6,77.3,92.6,86.4,406,140,382.0,63,43.8,11,7.6,4.5
"Keller, Brad",641745,143,8.8,30.1,113.5,88.6,77.0,93.2,85.0,437,157,398.0,56,39.2,15,10.5,7.8
"Scott, Christian",681035,143,22.1,37.1,111.4,89.2,78.6,92.7,88.2,431,183,401.0,51,35.7,15,10.5,7.6
"Wilson, Justin",458677,143,17.8,35.7,112.0,88.6,76.7,93.6,87.3,444,176,394.0,59,41.3,16,11.2,7.7
"Harvey, Hunter",640451,143,10.9,37.8,112.4,90.4,79.4,94.2,87.5,442,165,407.0,69,48.3,13,9.1,5.9
"Roupp, Landen",694738,143,10.6,35.0,111.6,89.0,77.6,94.0,86.6,402,151,401.0,56,39.2,7,4.9,3.2
"Cruz, Fernando",518585,143,13.9,40.6,112.3,88.7,76.2,94.1,82.1,458,181,404.0,63,44.1,14,9.8,4.9
"Mlodzinski, Carmen",669387,142,12.9,29.6,112.3,89.3,79.4,90.7,88.6,450,159,400.0,50,35.2,4,2.8,1.9
"Bernardino, Brennan",657514,142,8.4,33.8,111.2,88.0,76.8,93.1,83.7,428,154,394.0,53,37.3,10,7.0,4.4
"Thorpe, Drew",689672,142,16.1,34.5,111.8,87.4,75.1,93.4,81.9,432,176,401.0,53,37.3,10,7.0,5.3
"Johnson, Pierce",572955,142,11.7,33.8,112.3,89.4,79.0,92.7,86.7,439,161,405.0,56,39.4,12,8.5,5.1
"Faucher, Calvin",676534,142,9.0,31.7,110.4,89.6,79.4,91.4,87.9,400,152,,56,39.4,11,7.7,4.7
"Moore, Matt",519043,141,23.0,38.3,113.1,88.8,78.6,94.9,80.9,455,190,399.0,50,35.5,13,9.2,6.2
"Strahm, Matt",621381,141,21.6,36.2,113.2,89.2,79.0,92.8,85.8,422,190,389.0,53,37.6,10,7.1,4.2
"Duran, Jhoan",661395,141,-3.1,27.7,109.9,87.0,74.9,92.7,85.7,410,112,380.0,51,36.2,5,3.5,2.2
"Vesia, Alex",681911,140,30.0,29.3,113.3,87.5,76.2,93.8,82.0,462,192,402.0,49,35.0,17,12.1,6.5
"Matz, Steven",571927,140,12.3,43.6,115.8,87.6,77.3,89.6,86.6,419,164,401.0,43,30.7,11,7.9,5.8
"Banda, Anthony",607455,139,11.9,30.9,117.0,88.3,76.7,92.3,85.7,408,154,388.0,54,38.8,9,6.5,4.3
"Thielbar, Caleb",573204,139,16.2,33.8,110.4,88.3,77.1,93.2,84.2,432,167,408.0,47,33.8,14,10.1,6.5
"Turnbull, Spencer",605513,139,10.7,33.1,108.9,87.8,76.4,91.0,85.9,413,157,398.0,59,42.4,10,7.2,4.5
"Grove, Michael",675627,139,10.5,30.9,116.7,87.6,76.0,92.7,84.9,409,148,389.0,47,33.8,13,9.4,6.0
"Smith, Will",519293,139,18.0,40.3,111.9,87.0,75.8,90.2,83.4,427,192,403.0,43,30.9,12,8.6,6.5
"Barlow, Scott",605130,138,9.0,33.3,109.7,86.2,73.8,92.2,82.3,421,150,391.0,45,32.6,8,5.8,3.3
"Brown, Ben",676962,138,16.2,34.1,113.7,91.8,81.6,95.9,90.2,427,179,390.0,71,51.4,15,10.9,6.8
"Brazobán, Huascar",623211,138,10.4,33.3,110.1,82.3,69.8,87.7,77.5,394,143,380.0,34,24.6,6,4.3,2.8
"Little, Brendon",663893,137,-6.9,21.9,111.6,87.9,76.9,92.3,87.0,440,92,402.0,52,38.0,8,5.8,4.1
"Curry, Xzavion",675540,137,25.6,38.0,111.0,89.9,79.6,93.1,86.7,434,221,393.0,59,43.1,15,10.9,8.7
"Holderman, Colin",670059,137,15.7,37.2,112.3,87.6,75.9,94.0,83.1,422,172,405.0,52,38.0,15,10.9,6.7
"Jansen, Kenley",445276,135,22.3,36.3,114.6,90.4,81.4,92.2,89.7,424,200,402.0,50,37.0,15,11.1,6.9
"Weems, Jordan",607179,135,15.1,33.3,112.3,89.7,78.8,93.5,86.9,426,175,405.0,58,43.0,12,8.9,6.1
"Estrada, Jeremiah",669093,134,17.5,35.8,109.8,89.2,79.3,91.1,89.4,445,177,403.0,50,37.3,7,5.2,2.8
"Ramírez, Yohan",670990,134,12.2,29.9,113.0,88.5,77.6,93.1,85.6,434,148,414.0,46,34.3,9,6.7,4.3
"Sims, Lucas",608371,134,24.1,32.8,110.6,85.4,72.8,90.7,79.7,421,190,382.0,42,31.3,13,9.7,6.0
"Garrett, Reed",657585,132,13.5,28.0,110.3,87.5,75.6,90.4,86.6,420,144,400.0,49,37.1,7,5.3,2.8
"Hurter, Brant",676428,131,10.2,22.1,112.1,88.5,77.3,91.6,88.0,431,130,403.0,48,36.6,6,4.6,3.4
"Henry, Tommy",674072,130,13.1,34.6,114.0,91.3,81.2,94.9,88.8,439,172,410.0,60,46.2,15,11.5,8.2
"Dubin, Shawn",681869,130,12.1,31.5,112.6,89.5,79.0,92.4,88.1,414,160,395.0,55,42.3,10,7.7,4.8
"Oller, Adam",670124,129,18.2,28.7,115.1,90.4,81.2,94.9,86.6,435,175,405.0,50,38.8,11,8.5,5.8
"Woodford, Jake",663765,129,14.5,38.8,112.3,88.9,77.9,92.1,85.6,413,180,398.0,51,39.5,10,7.8,6.0
"Wood, Alex",622072,129,14.5,41.1,109.3,92.3,82.3,94.1,91.9,429,176,392.0,63,48.8,11,8.5,5.9
"Sánchez, Sixto",664350,128,10.4,29.7,110.1,90.0,79.7,94.0,87.2,409,151,396.0,56,43.8,8,6.3,4.9
"Medina, Luis",665622,127,16.3,31.5,111.1,89.5,77.7,92.0,88.6,420,168,400.0,57,44.9,11,8.7,6.1
"Hall, DL",669084,127,14.0,28.3,112.8,87.3,75.1,92.0,85.6,414,152,396.0,48,37.8,11,8.7,5.6
"Muñoz, Andrés",662253,126,1.5,31.0,108.8,86.3,74.8,92.3,82.5,438,139,408.0,42,33.3,11,8.7,4.7
"Scherzer, Max",453286,126,20.8,40.5,112.6,87.9,76.9,93.3,82.3,446,181,400.0,44,34.9,10,7.9,5.6
"Boyle, Joe",671212,126,16.2,32.5,110.7,88.2,77.4,91.3,86.3,406,162,378.0,51,40.5,5,4.0,2.2
"Chapman, Aroldis",547973,126,11.2,31.0,112.0,90.5,80.4,93.5,88.1,428,170,400.0,52,41.3,9,7.1,3.4
"Bird, Jake",656234,125,11.3,30.4,110.0,88.3,75.9,93.9,83.1,439,157,412.0,52,41.6,11,8.8,5.9
"Gordon, Tanner",685299,125,15.9,33.6,114.8,90.2,80.3,91.9,88.8,448,179,400.0,46,36.8,10,8.0,6.3
"Fairbanks, Pete",664126,124,15.3,31.5,110.6,89.1,78.1,92.3,87.3,406,164,394.0,51,41.1,7,5.6,3.8
"Booser, Cam",592155,124,20.6,38.7,112.1,88.6,78.0,92.1,83.5,448,197,397.0,45,36.3,10,8.1,5.5
"Hernández, Jonathan",642546,124,6.9,33.9,114.5,89.2,78.6,93.8,84.9,395,155,385.0,49,39.5,11,8.9,5.7
"Latz, Jacob",656641,124,18.9,29.8,110.7,88.0,76.6,93.4,83.4,433,175,409.0,50,40.3,11,8.9,5.7
"Kimbrel, Craig",518886,123,17.3,37.4,120.0,91.1,81.6,94.6,87.1,431,190,404.0,53,43.1,13,10.6,5.6
"Phillips, Tyler",663969,123,12.7,38.2,116.1,88.9,76.7,93.6,86.8,459,168,404.0,50,40.7,17,13.8,10.6
"Miller, Mason",695243,123,17.9,28.5,109.8,86.1,74.7,91.8,81.7,407,163,379.0,40,32.5,7,5.7,2.8
"Martin, Chris",455119,123,9.4,35.0,112.3,88.5,77.5,90.5,87.8,432,154,398.0,43,35.0,5,4.1,2.8
"Peralta, Wandy",593974,122,7.0,32.0,112.3,89.1,77.1,94.6,86.0,448,134,402.0,53,43.4,10,8.2,6.2
"Matthews, Zebby",805673,121,14.1,38.0,109.4,90.5,81.0,95.0,86.3,442,188,402.0,51,42.1,17,14.0,9.6
"Tate, Dillon",622253,121,8.2,32.2,112.9,87.5,76.9,91.1,87.0,424,137,419.0,37,30.6,6,5.0,3.7
"Morgan, Eli",669212,121,17.6,28.9,109.2,85.2,74.1,89.8,79.3,446,178,374.0,34,28.1,3,2.5,1.8
"Yates, Kirby",489446,121,15.2,16.5,106.5,87.5,77.0,91.3,85.9,392,147,383.0,40,33.1,5,4.1,2.1
"Leiter, Jack",683004,121,16.4,34.7,111.4,91.2,81.0,94.6,87.1,454,183,403.0,54,44.6,12,9.9,6.9
"Nardi, Andrew",677053,121,21.5,33.9,112.7,88.2,77.8,89.7,87.6,454,197,399.0,42,34.7,9,7.4,4.3
"Black, Mason",696131,120,18.4,37.5,112.5,89.8,79.5,94.3,84.1,434,194,400.0,49,40.8,12,10.0,7.1
"Ferguson, Tyler",621053,119,17.3,31.9,116.3,88.2,76.6,90.6,86.7,430,172,413.0,46,38.7,10,8.4,4.8
"Montero, Rafael",606160,119,11.3,36.1,110.7,89.8,79.6,94.7,85.6,407,172,384.0,50,42.0,12,10.1,7.3
"Megill, Trevor",656730,118,19.0,35.6,109.8,91.2,82.6,92.2,90.2,416,189,389.0,50,42.4,9,7.6,4.9
"Garrett, Braxton",666129,118,9.0,30.5,111.4,92.3,82.2,95.1,91.8,434,146,404.0,57,48.3,10,8.5,6.2
"Honeywell, Brent",641703,118,14.0,39.0,109.4,88.3,77.2,92.3,84.6,420,173,384.0,47,39.8,6,5.1,4.0
"Gonzales, Marco",594835,117,15.1,41.0,112.1,90.9,80.3,94.5,89.0,442,176,421.0,51,43.6,13,11.1,8.6
"Lynch IV, Daniel",663738,117,11.5,30.8,111.6,90.2,80.2,96.2,84.8,449,173,418.0,56,47.9,11,9.4,6.3
"Swanson, Erik",657024,116,12.8,38.8,111.8,92.0,82.6,96.0,89.5,437,175,388.0,58,50.0,14,12.1,8.3
"Stratton, Hunter",676702,115,19.4,32.2,110.6,87.3,76.1,93.7,81.7,407,154,388.0,36,31.3,7,6.1,4.4
"Treinen, Blake",595014,115,14.0,23.5,111.3,87.6,76.5,90.7,86.3,414,156,402.0,39,33.9,6,5.2,3.3
"Long, Sam",669674,114,10.2,30.7,110.9,87.5,76.7,91.2,85.4,430,169,397.0,38,33.3,9,7.9,5.1
"Mazur, Adam",800049,113,19.6,38.1,110.6,90.7,81.7,93.9,88.1,411,186,391.0,44,38.9,7,6.2,4.4
"Kahnle, Tommy",592454,112,3.7,24.1,110.4,86.2,74.1,93.8,81.2,428,132,421.0,36,32.1,7,6.3,3.9
"Alexander, Scott",518397,112,-1.5,36.6,115.1,89.2,77.4,97.0,84.2,411,132,393.0,50,44.6,14,12.5,8.8
"Bielak, Brandon",656232,111,15.4,36.0,110.8,89.2,79.1,92.0,87.4,425,178,405.0,43,38.7,11,9.9,7.9
"Nastrini, Nick",680897,111,23.5,30.6,113.0,87.7,76.7,93.5,81.7,421,180,400.0,35,31.5,14,12.6,8.0
"Wrobleski, Justin",680736,111,21.7,44.1,108.8,90.0,79.9,93.2,88.0,462,202,409.0,41,36.9,13,11.7,8.4
"Vieira, Thyago",600986,110,13.0,35.5,116.3,89.6,78.0,94.5,86.0,438,177,409.0,50,45.5,11,10.0,6.2
"Snider, Collin",676092,109,16.7,37.6,107.8,85.7,72.7,90.8,79.7,416,178,397.0,40,36.7,11,10.1,6.5
"Díaz, Edwin",621242,109,13.9,32.1,110.7,85.9,74.7,92.5,81.6,428,160,390.0,33,30.3,8,7.3,3.7
"Sewald, Paul",623149,109,26.0,34.9,111.5,90.0,79.8,93.6,87.4,431,201,398.0,46,42.2,10,9.2,6.1
"Funderburk, Kody",681892,109,6.0,35.8,112.4,87.8,76.3,92.9,85.9,434,133,407.0,38,34.9,8,7.3,5.0
"Lovelady, Richard",663992,108,7.6,31.5,111.8,89.5,77.2,92.8,89.6,426,143,412.0,50,46.3,9,8.3,6.1
"Okert, Steven",595345,108,19.7,36.1,111.4,85.5,74.0,91.3,80.6,445,173,402.0,32,29.6,9,8.3,5.6
"Anderson, Nick",623433,108,15.2,37.0,112.2,89.2,78.7,92.3,85.4,446,181,406.0,41,38.0,8,7.4,5.2
"Saucedo, Tayler",642048,108,7.3,25.9,111.4,85.2,73.5,89.6,82.3,395,128,377.0,30,27.8,5,4.6,3.0
"Poche, Colin",621363,107,20.3,28.0,111.1,91.1,81.7,93.9,90.1,420,183,393.0,45,42.1,9,8.4,5.9
"Blalock, Bradley",687134,106,14.3,42.5,111.8,90.5,79.5,94.5,85.3,432,194,400.0,50,47.2,11,10.4,7.5
"Fleming, Josh",676596,106,6.6,23.6,107.0,86.6,75.0,91.9,83.4,417,131,408.0,35,33.3,4,3.8,2.9
"Rodríguez, Manuel",655889,106,11.0,30.2,112.0,88.7,77.5,91.3,87.9,424,147,409.0,37,34.9,3,2.8,1.9
"Hamilton, Ian",641656,105,13.9,34.3,113.6,89.5,79.8,91.5,88.3,432,155,408.0,39,37.1,4,3.8,2.5
"Boyd, Matthew",571510,105,20.2,36.2,111.2,87.6,76.7,91.4,84.3,413,182,375.0,40,38.1,7,6.7,4.2
"Tinoco, Jesus",622786,105,13.0,28.6,112.8,87.1,75.9,92.7,83.8,418,161,404.0,35,33.3,7,6.7,4.3
"Javier, Cristian",664299,104,24.6,41.3,109.8,88.9,79.8,91.8,86.1,407,210,381.0,32,30.8,7,6.7,4.7
"Cantillo, Joey",676282,104,11.0,30.8,112.4,89.1,78.6,94.0,85.7,427,155,396.0,42,40.4,8,7.7,4.9
"Aguiar, Julian",687924,104,18.0,31.7,113.4,88.9,77.9,93.2,84.7,437,170,405.0,37,35.6,12,11.5,8.6
"McGough, Scott",543518,103,13.2,34.0,110.3,90.8,81.2,94.6,88.1,456,184,416.0,43,41.7,12,11.7,8.0
"Pagán, Emilio",641941,103,20.9,36.9,107.7,90.4,79.3,93.9,85.2,417,195,399.0,52,50.5,9,8.7,5.7
"Howard, Spencer",675921,103,16.9,35.0,111.2,91.8,82.1,91.8,93.3,412,189,384.0,46,44.7,9,8.7,6.3
"Chirinos, Yonny",630023,103,20.0,33.0,111.0,87.6,76.4,92.4,84.8,436,175,405.0,36,35.0,8,7.8,5.6
"Adams, Austin",613534,102,16.6,34.3,108.1,85.1,73.2,91.4,80.5,404,167,380.0,32,31.4,5,4.9,2.6
"Ginn, J.T.",669372,102,11.3,34.3,109.0,90.3,79.4,93.7,88.7,438,153,400.0,46,45.1,7,6.9,4.9
"Chargois, JT",608638,101,16.3,38.6,113.9,89.7,79.3,93.6,85.6,433,182,409.0,42,41.6,8,7.9,5.5
"Roycroft, Chris",688297,101,1.0,25.7,109.7,86.9,75.1,92.3,83.7,411,128,409.0,34,33.7,2,2.0,1.3
"Wilson, Steven",621051,100,26.2,34.0,110.5,86.6,75.7,90.6,82.4,400,195,383.0,31,31.0,12,12.0,7.4
"Daniel, Davis",669721,99,17.9,39.4,112.7,87.2,74.8,90.4,85.8,457,177,396.0,39,39.4,10,10.1,7.5
"Tyler, Kyle",667725,98,10.2,32.7,110.1,88.7,76.5,94.5,83.6,428,152,398.0,45,45.9,8,8.2,5.6
"Kershaw, Clayton",477132,98,14.1,38.8,110.8,90.4,79.4,93.2,87.7,427,161,387.0,40,40.8,4,4.1,3.0
"Moll, Sam",594580,98,10.1,27.6,112.5,88.8,78.4,92.7,86.1,430,150,400.0,36,36.7,6,6.1,3.9
"Brooks, Aaron",605156,98,11.1,31.6,113.4,91.5,81.7,96.4,87.3,443,163,416.0,47,48.0,10,10.2,8.4
"Leasure, Jordan",673929,97,17.8,34.0,116.7,88.8,78.7,92.9,85.6,390,181,378.0,34,35.1,7,7.2,4.9
"Ferrer, Jose A.",678606,96,5.4,21.9,110.3,90.7,80.4,91.8,91.3,390,121,390.0,46,47.9,1,1.0,0.8
"Allen, Logan",663531,95,12.9,41.1,108.3,89.3,78.8,94.0,85.0,447,164,417.0,38,40.0,5,5.3,3.9
"Burke, Brock",656271,95,12.6,30.5,108.1,90.1,80.7,93.7,88.9,411,151,395.0,39,41.1,4,4.2,2.6
"Gasser, Robert",688107,94,14.3,34.0,108.8,86.0,75.2,90.2,82.5,410,157,404.0,23,24.5,2,2.1,1.8
"Chivilli, Angel",683409,94,9.3,31.9,111.0,89.1,77.5,94.3,86.4,424,156,402.0,44,46.8,10,10.6,7.5
"Springs, Jeffrey",605488,93,15.9,38.7,106.9,89.3,79.0,93.0,87.5,397,180,385.0,43,46.2,9,9.7,6.3
"Kelly, Michael",547184,93,18.4,40.9,107.5,85.2,75.1,89.7,79.6,424,174,421.0,19,20.4,3,3.2,2.3
"Uceta, Edwin",670955,93,20.7,32.3,111.8,87.3,76.9,91.2,84.7,389,158,383.0,29,31.2,3,3.2,1.9
"Bowman, Matt",621199,93,8.4,36.6,112.7,89.3,78.2,94.2,84.1,412,168,388.0,38,40.9,11,11.8,8.3
"Hodge, Porter",687863,92,13.4,28.3,109.5,88.6,77.7,91.7,86.8,411,158,404.0,33,35.9,3,3.3,1.8
"Lowder, Rhett",695076,92,12.5,34.8,112.1,90.2,80.5,93.0,89.0,372,165,,38,41.3,3,3.3,2.3
"Young, Danny",664849,92,2.8,28.3,113.1,88.9,77.7,91.5,86.5,423,132,413.0,36,39.1,6,6.5,3.6
"Bradish, Kyle",680694,91,3.1,31.9,107.9,84.8,73.2,91.3,82.7,406,123,394.0,26,28.6,6,6.6,3.7
"Joyce, Ben",690829,91,0.2,25.3,111.1,87.2,74.9,93.0,84.7,377,118,373.0,34,37.4,4,4.4,2.8
"Salazar, Eduardo",674285,91,5.8,28.6,112.0,88.4,74.5,94.1,86.4,447,123,424.0,39,42.9,4,4.4,3.0
"Hanifee, Brenan",669724,91,4.8,27.5,110.7,86.1,74.0,91.8,82.7,398,133,391.0,33,36.3,4,4.4,3.3
"García, Yimi",554340,90,23.3,36.7,111.9,87.4,75.6,93.6,79.7,405,196,398.0,31,34.4,12,13.3,7.8
"Marte, Yunior",628708,89,11.1,34.8,113.4,87.0,73.8,92.9,83.7,430,155,401.0,38,42.7,7,7.9,5.5
"Manning, Matt",666159,88,21.1,36.4,114.1,88.1,77.4,90.3,87.8,413,194,402.0,31,35.2,8,9.1,6.5
"Díaz, Yilber",700270,88,15.4,38.6,110.2,91.3,82.0,94.4,88.0,430,174,423.0,40,45.5,4,4.5,3.4
"Minter, A.J.",621345,87,15.3,26.4,110.6,87.3,75.6,90.7,84.5,464,156,406.0,29,33.3,6,6.9,4.5
"Kelly, Joe",523260,86,8.0,33.7,110.7,88.7,77.1,95.1,84.5,426,156,408.0,37,43.0,11,12.8,7.7
"France, J.P.",641585,86,19.4,39.5,114.6,87.9,76.0,91.4,83.6,432,189,412.0,28,32.6,8,9.3,6.6
"Allard, Kolby",663465,86,15.7,27.9,111.5,88.9,77.2,92.7,86.7,441,162,415.0,35,40.7,7,8.1,6.0
"Hernández, Carlos",672578,85,24.2,30.6,111.8,88.6,78.8,91.1,87.1,396,193,396.0,33,38.8,8,9.4,6.2
"Soriano, George",666277,85,15.2,51.8,113.1,89.0,76.7,95.4,75.9,473,210,405.0,39,45.9,11,12.9,8.4
"Devenski, Chris",606965,84,26.4,33.3,110.9,91.0,80.7,95.5,90.1,446,208,406.0,37,44.0,10,11.9,8.2
"White, Mitch",669952,83,12.4,38.6,116.7,89.3,78.7,94.0,84.9,424,172,387.0,35,42.2,7,8.4,6.4
"Roberts, Ethan",681799,81,20.6,40.7,116.7,91.0,81.7,91.7,93.4,406,205,400.0,35,43.2,6,7.4,5.1
"Brasier, Ryan",518489,80,16.6,35.0,117.2,90.7,81.4,93.5,92.1,432,165,410.0,35,43.8,6,7.5,5.5
"Anderson, Grant",681982,80,18.5,28.7,114.2,89.0,77.2,93.0,89.0,433,178,398.0,33,41.3,8,10.0,6.7
"Burr, Ryan",621114,80,16.3,43.8,113.1,91.3,81.2,93.8,86.7,424,192,401.0,38,47.5,7,8.8,5.0
"Varland, Gus",681402,79,13.4,38.0,108.9,89.5,79.6,91.4,87.8,424,177,399.0,31,39.2,4,5.1,3.5
"Rosenberg, Kenny",670046,79,17.1,36.7,113.8,90.3,80.7,94.3,86.9,441,179,403.0,30,38.0,8,10.1,7.7
"Núñez, Dedniel",673380,79,10.1,26.6,113.1,88.7,76.7,94.3,85.8,445,135,433.0,30,38.0,8,10.1,5.9
"Cousins, Jake",664776,77,14.1,29.9,109.3,86.2,73.7,92.4,82.1,433,158,403.0,26,33.8,6,7.8,3.9
"Garabito, Gerson",642520,77,16.6,44.2,112.2,87.7,76.0,93.6,80.7,451,191,429.0,27,35.1,9,11.7,7.8
"Bubic, Kris",663460,77,3.0,26.0,110.3,83.4,70.9,92.3,79.3,420,115,397.0,22,28.6,2,2.6,1.7
"Diekman, Jake",518617,77,10.8,36.4,108.7,87.0,75.0,93.4,83.2,439,169,396.0,30,39.0,8,10.4,5.5
"Sammons, Bryan",676614,76,27.0,35.5,108.9,87.4,77.3,90.5,79.8,451,218,398.0,24,31.6,7,9.2,6.7
"Ashby, Aaron",676879,76,4.5,31.6,111.9,90.2,80.8,93.7,87.6,424,141,394.0,28,36.8,5,6.6,4.2
"Jackson, Jay",543351,76,16.0,42.1,111.8,88.3,77.3,92.3,82.8,439,181,397.0,32,42.1,8,10.5,7.0
"Madden, Ty",680744,75,15.6,34.7,108.7,90.1,81.2,92.8,90.6,396,161,381.0,28,37.3,6,8.0,5.9
"Rasmussen, Drew",656876,75,6.6,24.0,109.0,86.2,74.5,90.0,83.8,385,134,,27,36.0,0,0.0,0.0
"Davis, Noah",663562,74,15.2,29.7,113.1,88.1,76.7,91.0,87.4,425,164,415.0,25,33.8,4,5.4,4.2
"Otañez, Michel",671305,73,15.2,35.6,106.3,86.3,75.7,91.4,83.1,383,165,368.0,24,32.9,3,4.1,2.0
"Rodríguez, Yerry",666720,73,16.1,35.6,109.4,90.8,80.1,94.3,87.3,439,201,393.0,36,49.3,9,12.3,8.6
"Anderson, Shaun",641312,73,15.7,42.5,109.3,91.6,83.5,94.3,88.9,428,185,407.0,30,41.1,8,11.0,9.4
"Jiménez, Dany",666204,72,23.6,29.2,110.1,87.2,76.4,91.9,81.0,427,193,402.0,23,31.9,13,18.1,11.1
"Thompson, Keegan",624522,72,12.9,41.7,119.7,90.6,80.1,94.5,84.9,416,184,392.0,34,47.2,9,12.5,7.1
"Toussaint, Touki",657053,72,7.7,40.3,112.7,88.8,79.0,90.3,87.9,391,156,371.0,28,38.9,4,5.6,3.4
"Englert, Mason",669438,71,18.0,35.2,108.9,89.9,78.2,93.9,85.1,428,192,415.0,34,47.9,10,14.1,10.8
"Poteet, Cody",547001,71,14.1,33.8,112.8,91.6,83.4,92.6,91.5,404,176,383.0,30,42.3,4,5.6,4.2
"Coulombe, Danny",543056,70,11.8,27.1,108.1,90.3,79.8,92.9,89.7,407,158,400.0,33,47.1,4,5.7,3.7
"González, Victor",624647,70,8.8,32.9,112.1,89.3,78.2,91.6,87.7,432,145,396.0,31,44.3,5,7.1,5.2
"Fitts, Richard",690916,69,15.3,31.9,115.6,88.5,78.5,90.0,88.5,376,169,,23,33.3,1,1.4,1.2
"Staumont, Josh",622251,69,11.8,29.0,110.2,86.8,75.4,92.8,84.2,384,146,,24,34.8,2,2.9,2.0
"Basso, Brady",669620,69,15.0,33.3,108.9,89.6,81.1,92.3,90.3,405,168,384.0,29,42.0,5,7.2,5.4
"Warren, Will",701542,69,14.9,39.1,107.7,92.7,84.9,93.1,92.4,412,190,372.0,35,50.7,8,11.6,7.3
"Cimber, Adam",643256,68,10.0,41.2,111.4,88.3,77.6,92.7,84.9,405,155,378.0,24,35.3,6,8.8,5.6
"Santillan, Tony",663574,67,19.7,29.9,112.3,90.2,80.4,91.3,89.9,405,185,382.0,27,40.3,4,6.0,3.3
"Festa, Matt",670036,67,26.5,29.9,111.1,86.3,74.3,89.7,89.9,422,178,406.0,23,34.3,4,6.0,4.0
"Germán, Domingo",593334,66,23.7,34.8,111.7,88.9,79.0,93.8,85.7,417,175,391.0,24,36.4,5,7.6,5.0
"Kerr, Ray",678061,66,15.5,48.5,111.0,90.6,80.0,93.7,85.4,403,203,380.0,30,45.5,8,12.1,7.8
"Bazardo, Eduard",660825,66,10.4,21.2,108.7,87.3,77.0,89.6,86.6,412,137,408.0,22,33.3,3,4.5,2.8
"Horn, Bailey",690544,65,6.8,36.9,110.4,90.8,81.0,95.9,86.3,395,141,381.0,27,41.5,7,10.8,8.0
"Manoah, Alek",666201,65,16.3,35.4,112.1,88.6,78.1,93.4,85.5,410,172,401.0,23,35.4,7,10.8,6.8
"McGreevy, Michael",700241,65,-3.3,30.8,108.1,87.3,76.2,95.3,83.3,391,111,380.0,22,33.8,3,4.6,3.5
"Nance, Tommy",667297,64,7.9,37.5,108.0,87.3,76.0,91.5,85.4,392,142,363.0,23,35.9,8,12.5,8.6
"Petersen, Michael",656848,64,22.7,34.4,108.6,88.7,78.6,93.4,79.0,438,203,414.0,24,37.5,4,6.3,4.4
"Maldonado, Anthony",687424,64,19.8,32.8,110.6,85.3,74.1,91.6,76.5,446,158,446.0,17,26.6,2,3.1,2.4
"Ray, Robbie",592662,64,19.2,34.4,107.3,86.8,74.9,91.8,81.5,423,186,395.0,23,35.9,6,9.4,4.7
"King, Bryan",687911,64,11.3,29.7,109.3,85.7,73.8,90.7,85.6,403,144,361.0,22,34.4,2,3.1,1.8
"Baker, Bryan",641329,63,15.6,28.6,113.0,90.6,79.2,94.7,88.3,405,179,379.0,30,47.6,6,9.5,6.5
"Brewer, Colten",605155,63,11.9,31.7,112.9,87.2,76.8,91.0,84.8,411,150,411.0,19,30.2,5,7.9,5.3
"Ort, Kaleb",672391,63,21.4,23.8,112.1,88.2,77.1,93.2,85.0,420,189,386.0,23,36.5,4,6.3,4.3
"Gallegos, Giovanny",606149,63,9.7,30.2,107.0,86.9,74.3,93.6,79.8,411,155,376.0,26,41.3,6,9.5,6.4
"Sauer, Matt",669422,63,20.6,33.3,113.8,90.2,81.3,93.6,86.7,431,190,414.0,27,42.9,6,9.5,7.1
"Ryan, Ryder",656924,63,15.9,36.5,111.8,90.2,79.7,93.5,89.1,416,186,385.0,28,44.4,7,11.1,7.5
"Ellard, Fraser",686642,62,11.0,35.5,113.7,90.1,80.2,92.0,88.5,412,159,391.0,25,40.3,4,6.5,4.0
"Marinaccio, Ron",676760,61,15.1,27.9,106.6,89.2,78.0,93.7,83.9,429,165,388.0,24,39.3,5,8.2,5.1
"Means, John",607644,61,26.5,39.3,110.5,90.9,80.3,94.5,83.0,405,213,399.0,32,52.5,4,6.6,5.0
"Ramirez, Emmanuel",642629,60,17.5,33.3,109.6,91.0,81.3,95.7,87.1,415,190,400.0,27,45.0,4,6.7,4.3
"Emanuel, Kent",592288,60,1.7,25.0,114.9,89.5,78.6,93.4,87.2,420,134,405.0,27,45.0,6,10.0,7.3
"Henriquez, Ronny",678692,60,7.4,30.0,107.7,91.7,82.8,95.5,90.1,412,142,384.0,30,50.0,5,8.3,6.1
"Keuchel, Dallas",572971,60,10.3,30.0,109.2,88.3,77.2,93.6,85.2,411,139,390.0,21,35.0,3,5.0,3.8
"Little, Luke",681432,59,-1.6,15.3,108.9,87.4,75.7,91.5,86.5,410,95,378.0,24,40.7,2,3.4,1.8
"Ramírez, Erasmo",541640,59,17.9,32.2,108.2,88.0,78.5,93.2,83.3,412,187,399.0,19,32.2,9,15.3,10.6
"Paredes, Enoli",660600,59,15.1,30.5,108.4,86.7,75.5,92.9,83.2,397,160,,19,32.2,5,8.5,5.7
"Bush, Ky",681066,59,16.7,32.2,107.2,90.2,80.4,92.9,89.3,394,174,392.0,29,49.2,2,3.4,2.3
"Leone, Dominic",608678,58,7.1,34.5,113.3,88.0,78.1,92.5,84.9,432,141,410.0,20,34.5,6,10.3,6.7
"Hentges, Sam",656529,58,11.0,32.8,110.2,89.1,79.4,95.8,85.7,387,150,369.0,21,36.2,3,5.2,3.3
"Blewett, Scott",656240,58,14.3,27.6,112.9,91.9,82.3,93.9,90.9,419,162,400.0,27,46.6,5,8.6,5.9
"Guenther, Sean",674944,57,3.4,21.1,109.7,88.6,79.7,92.3,86.7,393,119,,18,31.6,1,1.8,1.4
"Bolton, Cody",675989,57,15.1,33.3,113.4,87.0,75.3,93.7,83.8,411,149,392.0,20,35.1,4,7.0,4.8
"Winn, Cole",668390,56,14.3,41.1,113.0,89.9,79.4,92.1,88.0,427,177,411.0,23,41.1,6,10.7,7.8
"Jefferies, Daulton",641726,56,12.0,39.3,112.2,87.7,76.0,94.9,79.7,455,191,378.0,20,35.7,5,8.9,6.8
"Hughes, Brandon",676714,56,16.7,46.4,111.7,86.5,71.8,96.1,71.2,437,221,412.0,23,41.1,12,21.4,13.5
"Marte, José",665896,55,4.7,23.6,109.4,88.1,77.5,90.0,86.7,400,130,400.0,20,36.4,2,3.6,2.5
"Zuñiga, Guillo",670871,55,14.4,32.7,111.8,90.5,80.3,94.9,85.4,403,183,384.0,27,49.1,4,7.3,5.3
"Alzolay, Adbert",640470,55,16.8,40.0,110.9,92.0,83.5,93.7,89.7,410,183,391.0,21,38.2,9,16.4,12.0
"Speier, Gabe",642100,55,19.1,23.6,110.6,88.2,77.9,89.6,87.9,404,162,379.0,20,36.4,4,7.3,3.8
"Ryan, River",689981,54,9.8,35.2,108.7,84.3,72.0,91.8,79.1,429,163,429.0,15,27.8,4,7.4,4.9
"La Sorsa, Joe",686747,54,15.2,31.5,113.7,86.6,73.5,92.1,78.0,430,159,402.0,18,33.3,5,9.3,6.8
"Thompson, Zack",668868,54,17.7,33.3,115.2,89.0,77.1,93.2,90.7,406,174,388.0,22,40.7,7,13.0,8.4
"Pennington, Walter",679156,54,9.9,42.6,115.9,89.7,78.1,94.5,84.1,430,164,430.0,24,44.4,4,7.4,4.8
"Peralta, Sammy",671111,54,8.1,40.7,107.8,91.1,80.3,96.9,86.2,409,165,406.0,27,50.0,7,13.0,9.7
"Clevinger, Mike",605182,54,18.3,40.7,114.4,90.0,79.8,92.0,88.5,434,202,397.0,20,37.0,8,14.8,10.3
"Crouse, Hans",668968,54,25.3,31.5,110.0,85.4,73.6,90.1,76.2,431,208,423.0,16,29.6,5,9.3,4.7
"Castro, Miguel",612434,52,8.3,38.5,110.7,84.6,74.0,88.0,82.5,446,141,427.0,13,25.0,3,5.8,4.7
"Vines, Darius",670241,52,17.7,32.7,108.0,88.3,75.3,94.7,83.6,410,170,401.0,25,48.1,5,9.6,7.6
"Walston, Blake",686796,52,18.9,28.8,110.1,90.1,80.3,93.2,90.6,441,184,417.0,19,36.5,5,9.6,6.0
"Ramirez, Nick",598286,51,9.5,37.3,110.3,92.7,83.7,94.9,91.9,398,150,,26,51.0,5,9.8,7.9
"Reid-Foley, Sean",656887,51,6.9,19.6,109.5,88.9,77.1,93.8,88.2,351,118,,20,39.2,0,0.0,0.0
"Cuas, Jose",621016,51,15.6,35.3,108.9,92.8,84.9,94.7,90.5,421,195,399.0,22,43.1,6,11.8,7.2
"Wells, Tyler",669330,51,17.0,37.3,111.9,89.9,77.8,97.8,83.5,434,181,414.0,23,45.1,6,11.8,9.0
"Hernández, Elieser",622694,51,27.9,35.3,107.7,91.9,82.7,96.5,94.4,417,217,388.0,27,52.9,8,15.7,12.5
"Whitlock, Garrett",676477,50,10.6,44.0,104.6,89.4,79.3,93.6,85.9,375,164,357.0,18,36.0,3,6.0,4.0
"Cosgrove, Tom",676680,50,14.5,30.0,108.2,86.6,74.2,92.9,79.4,406,170,382.0,19,38.0,2,4.0,2.6
"Criswell, Jeff",676105,50,11.9,50.0,110.5,87.7,74.8,92.4,80.2,429,188,412.0,21,42.0,6,12.0,6.9
"Lange, Alex",656638,50,9.5,30.0,110.9,91.6,81.7,94.5,91.3,388,143,,26,52.0,1,2.0,1.1
"Cobb, Alex",502171,49,0.9,32.7,108.1,91.9,82.9,95.3,89.8,403,132,390.0,22,44.9,3,6.1,4.8
"Rodríguez, Joely",570257,49,-1.3,34.7,109.9,85.7,73.3,98.3,81.1,418,120,400.0,14,28.6,5,10.2,7.8
"Taylor, Troy",700187,49,16.5,34.7,115.0,85.7,72.2,91.9,81.3,405,182,372.0,17,34.7,7,14.3,8.6
"Beck, Tristan",663941,48,21.8,33.3,109.7,88.5,79.4,91.1,87.2,411,183,390.0,15,31.3,6,12.5,9.0
"Sborz, Josh",622250,48,13.3,35.4,112.0,88.6,78.0,91.8,85.0,387,162,377.0,19,39.6,3,6.3,4.4
"Merryweather, Julian",657240,48,11.9,39.6,110.9,93.5,85.8,94.7,93.5,395,177,,25,53.2,2,4.2,2.7
"Cisnero, José",542585,47,14.8,31.9,108.2,88.0,75.6,94.6,84.8,408,173,384.0,19,40.4,4,8.5,5.4
"Burke, Sean",680732,47,20.8,34.0,110.1,90.3,81.3,92.6,90.7,407,170,394.0,19,40.4,4,8.5,5.3
"Smith, Drew",622098,47,24.9,38.3,108.9,91.6,82.7,94.4,91.0,426,209,416.0,18,38.3,5,10.6,6.3
"Holman, Grant",680880,47,17.1,29.8,108.4,84.3,72.2,89.8,81.5,374,146,374.0,12,25.5,0,0.0,0.0
"Young, Alex",622065,46,12.2,30.4,112.4,88.4,76.9,91.1,89.2,425,157,389.0,22,47.8,3,6.5,4.4
"Rodriguez, Carlos",692230,45,17.9,46.7,108.4,87.4,76.7,92.3,82.9,440,185,406.0,17,37.8,2,4.4,3.5
"Barnes, Matt",598264,45,17.0,35.6,118.7,90.9,82.0,94.3,91.2,450,160,450.0,19,42.2,4,8.9,6.7
"Aldegheri, Sam",691951,45,28.9,31.1,107.6,90.4,81.6,91.9,93.7,400,202,389.0,17,37.8,2,4.4,3.0
"Pinto, Ricardo",620982,44,4.5,27.3,109.4,88.3,76.7,90.9,86.5,378,137,372.0,18,40.9,1,2.3,1.7
"Bigge, Hunter",685801,44,19.0,45.5,106.8,90.5,80.3,95.4,83.7,397,188,395.0,23,52.3,5,11.4,6.8
"Romano, Jordan",605447,44,17.7,43.2,107.3,91.6,81.8,95.5,88.3,409,203,392.0,22,50.0,6,13.6,9.7
"Mercado, Michael",675650,44,19.5,45.5,109.4,92.4,82.8,96.2,85.0,452,240,427.0,21,47.7,10,22.7,15.6
"Berroa, Prelander",672860,43,21.1,25.6,106.7,84.4,74.8,90.2,77.1,423,159,401.0,8,18.6,2,4.7,2.4
"Lazar, Max",676661,43,11.4,41.9,109.5,93.6,85.3,94.6,93.6,421,153,411.0,19,44.2,2,4.7,3.7
"Plesac, Zach",668676,42,30.5,35.7,115.5,90.8,80.6,94.8,81.6,459,217,406.0,19,45.2,10,23.8,18.5
"Rogers, Josh",642028,42,20.4,35.7,113.1,89.3,78.9,88.6,93.7,449,196,449.0,18,42.9,2,4.8,4.0
"Sulser, Cole",642121,42,18.6,33.3,109.9,88.9,79.8,92.3,87.0,385,179,354.0,16,38.1,2,4.8,3.0
"García, Deivi",665620,42,20.0,38.1,109.4,89.4,80.4,91.6,86.7,423,190,414.0,15,35.7,3,7.1,4.4
"Zulueta, Yosver",691172,41,0.3,26.8,110.2,91.1,80.4,96.7,87.8,405,131,398.0,19,46.3,4,9.8,5.8
"Quijada, José",650671,41,24.2,46.3,108.2,90.7,81.8,92.4,88.0,422,223,422.0,16,39.0,2,4.9,2.4
"Mushinski, Parker",656786,41,17.1,34.1,105.0,87.4,78.2,89.0,87.9,381,165,365.0,13,31.7,0,0.0,0.0
"Mahle, Tyler",641816,41,16.3,29.3,109.9,88.8,77.8,88.6,89.2,401,175,401.0,14,34.1,2,4.9,3.6
"Gillaspie, Logan",670810,41,15.2,46.3,112.9,90.6,80.0,93.7,89.3,430,192,413.0,20,48.8,3,7.3,6.1
"Lucas, Easton",687922,41,16.2,31.7,105.9,89.3,81.1,88.3,92.0,390,179,346.0,15,36.6,2,4.9,3.3
"Cueto, Johnny",456501,41,13.0,36.6,113.0,93.9,84.4,95.3,93.6,425,190,410.0,23,56.1,7,17.1,14.0
"Bloss, Jake",814005,40,19.3,45.0,113.0,86.9,75.7,89.6,83.1,414,206,396.0,12,30.0,6,15.0,10.9
"Veneziano, Anthony",685107,40,17.6,35.0,112.3,93.4,85.6,96.0,89.5,415,197,415.0,20,50.0,2,5.0,3.4
"Uribe, Abner",682842,40,3.1,25.0,113.8,86.8,72.8,96.9,84.8,406,124,406.0,19,47.5,3,7.5,4.5
"Palencia, Daniel",694037,40,7.1,30.0,109.0,92.5,82.8,94.9,92.5,395,148,,18,45.0,2,5.0,2.9
"Williamson, Brandon",682227,40,19.9,45.0,106.8,90.0,81.1,93.5,89.0,423,212,398.0,17,42.5,3,7.5,5.1
"Teng, Kai-Wei",678906,39,13.6,30.8,109.1,89.5,77.8,96.9,88.4,380,153,370.0,20,51.3,4,10.3,7.3
"Heller, Ben",621294,39,13.6,41.0,106.4,89.2,79.0,91.9,85.9,410,172,410.0,18,46.2,3,7.7,4.5
"Miller, Ryan",668943,39,16.2,30.8,109.1,87.8,76.5,89.2,87.6,403,158,402.0,14,35.9,4,10.3,6.9
"Robertson, Nick",687798,39,16.4,35.9,110.0,90.3,79.7,91.2,89.9,393,186,378.0,19,48.7,4,10.3,7.3
"Stewart, Brock",592779,39,15.6,48.7,112.2,91.2,79.0,95.1,86.9,400,187,386.0,23,59.0,1,2.6,1.5
"Senzatela, Antonio",622608,39,16.5,43.6,111.3,89.9,78.5,95.9,85.5,460,178,436.0,18,46.2,6,15.4,11.1
"Beede, Tyler",595881,38,8.2,31.6,110.0,89.1,78.8,93.1,83.8,390,161,354.0,17,44.7,2,5.3,2.9
"Zeferjahn, Ryan",666171,38,17.4,26.3,109.8,87.0,78.2,87.5,90.3,339,148,,10,26.3,0,0.0,0.0
"Walker, Josh",677020,38,8.2,39.5,108.1,86.2,73.6,90.5,84.2,389,155,389.0,14,36.8,3,7.9,5.4
"de Geus, Brett",676969,38,5.3,42.1,107.3,86.4,74.8,92.9,81.5,361,132,,13,34.2,1,2.6,1.9
"Avila, Nick",687014,38,17.7,55.3,109.9,94.6,88.3,94.7,94.9,391,221,366.0,25,65.8,5,13.2,9.1
"Almonte, Yency",622075,37,14.5,32.4,107.9,84.5,72.4,82.6,88.0,407,142,407.0,12,32.4,3,8.1,4.5
"Vespi, Nick",663989,37,14.4,32.4,107.5,89.1,79.0,93.3,84.5,436,171,436.0,13,35.1,2,5.4,4.1
"Adon, Joan",672851,37,-3.6,24.3,109.4,84.0,70.0,96.4,75.6,390,117,390.0,11,29.7,3,8.1,6.3
"Hernández, Daysbel",678226,37,19.5,27.0,111.9,85.2,73.8,87.1,83.3,373,158,,10,27.0,1,2.7,1.4
"Williams, Devin",642207,37,14.8,29.7,104.9,84.2,73.5,89.0,78.6,399,160,399.0,12,32.4,2,5.4,2.3
"Legumina, Casey",668984,37,2.8,24.3,107.4,93.1,83.9,94.4,92.2,424,125,408.0,20,54.1,2,5.4,4.3
"Dana, Caden",702674,36,12.1,19.4,109.4,91.2,81.6,94.2,89.2,437,155,414.0,15,41.7,5,13.9,9.6
"Gómez, Yoendrys",672782,36,20.1,36.1,107.3,91.6,82.2,94.8,87.4,396,213,395.0,18,50.0,5,13.9,9.3
"Díaz, Jhonathan",646242,36,13.9,27.8,109.0,89.2,79.6,91.9,87.9,372,168,365.0,13,36.1,1,2.8,2.1
"Junk, Janson",676083,36,14.3,41.7,110.4,90.5,79.1,95.0,84.4,399,179,391.0,18,50.0,4,11.1,8.3
"O'Loughlin, Jack",672552,36,9.8,38.9,110.5,90.4,79.3,95.7,85.2,366,153,366.0,17,47.2,3,8.3,6.4
"Nittoli, Vinny",657697,36,23.7,25.0,109.1,91.5,82.8,92.8,92.7,422,193,422.0,15,41.7,2,5.6,4.3
"Kilian, Caleb",668873,35,11.6,40.0,109.3,89.1,78.7,96.0,83.6,421,155,417.0,13,37.1,5,14.3,10.4
"Matzek, Tyler",554431,35,11.6,48.6,107.7,93.3,84.2,96.4,86.6,413,205,393.0,18,51.4,6,17.1,12.5
"Espino, Paolo",502179,35,20.4,37.1,112.0,90.5,79.4,94.4,87.0,425,190,410.0,16,45.7,6,17.1,13.6
"Castellanos, Humberto",528748,35,18.9,48.6,107.7,86.9,75.2,90.8,87.1,344,186,,13,37.1,0,0.0,0.0
"Kitchen, Austin",685116,34,4.7,32.4,108.0,89.9,80.1,97.0,86.7,396,119,396.0,14,41.2,1,2.9,2.4
"Frías, Luis",666818,34,11.5,47.1,109.6,91.7,81.3,92.1,91.1,397,171,395.0,18,52.9,4,11.8,7.5
"Herget, Jimmy",623474,34,22.6,26.5,112.2,83.9,70.4,89.4,76.4,431,184,415.0,9,26.5,3,8.8,5.8
"Strzelecki, Peter",657265,34,14.3,38.2,113.3,87.5,75.6,94.1,81.2,407,165,377.0,13,38.2,3,8.8,6.4
"Snead, Kirby",669912,34,1.6,17.6,107.5,88.3,76.2,91.9,84.8,388,141,,14,41.2,1,2.9,2.1
"Jacob, Alek",689690,34,21.0,41.2,108.9,85.2,73.5,89.8,76.4,403,190,403.0,11,32.4,1,2.9,1.8
"Rocker, Kumar",677958,34,10.3,32.4,104.2,89.9,81.5,92.2,87.8,401,156,401.0,16,47.1,1,2.9,1.8
"Dobnak, Randy",677976,33,8.4,30.3,114.7,89.2,79.1,93.2,87.1,414,131,414.0,10,30.3,2,6.1,4.4
"Feyereisen, J.P.",656420,33,19.9,36.4,113.5,92.6,82.5,97.8,86.1,419,205,402.0,14,42.4,6,18.2,12.5
"Hartlieb, Geoff",664129,33,14.2,39.4,104.7,88.1,78.0,89.9,88.2,433,174,433.0,12,36.4,3,9.1,6.8
"Borucki, Ryan",621366,33,5.4,39.4,109.0,89.1,78.6,93.1,85.1,426,148,405.0,11,33.3,4,12.1,7.8
"Kuhnel, Joel",669270,33,12.1,30.3,107.8,88.5,77.3,90.6,89.5,387,146,367.0,13,39.4,2,6.1,5.1
"Hill, Jaden",677955,33,6.5,15.2,105.6,90.6,83.7,89.4,91.5,380,138,378.0,14,42.4,1,3.0,2.2
"Winans, Allan",642216,33,6.1,42.4,106.7,85.5,72.7,96.2,77.1,409,165,394.0,13,39.4,5,15.2,12.2
"Carasiti, Matt",571539,32,10.5,46.9,109.3,90.5,78.7,92.0,89.0,438,171,420.0,15,46.9,1,3.1,2.3
"Wingenter, Trey",622259,32,7.0,34.4,107.3,90.0,81.8,94.9,88.1,419,139,399.0,16,50.0,1,3.1,2.4
"Lucchesi, Joey",664192,31,11.8,29.0,115.4,94.9,86.3,95.3,94.9,386,153,386.0,17,54.8,3,9.7,6.5
"Herget, Kevin",643361,31,18.7,25.8,106.2,89.2,77.4,99.3,79.9,391,168,391.0,15,48.4,4,12.9,9.3
"Gilbert, Tyler",656457,31,14.9,51.6,110.0,92.0,83.7,92.6,90.4,410,204,410.0,15,48.4,1,3.2,2.6
"Halvorsen, Seth",678020,30,16.2,26.7,114.7,92.4,83.2,91.2,94.8,432,152,407.0,14,46.7,2,6.7,4.3
"Bickford, Phil",641360,30,15.6,20.0,107.1,91.4,82.7,94.0,91.5,383,173,371.0,13,43.3,2,6.7,5.1
"Warren, Austin",681810,30,11.4,33.3,110.5,84.3,71.9,88.1,81.0,419,153,419.0,8,26.7,2,6.7,4.8
"Gray, Josiah",680686,30,22.2,36.7,108.7,90.3,80.2,92.7,88.3,405,206,397.0,15,50.0,4,13.3,9.1
"Nelson, Kyle",669459,30,16.2,40.0,108.2,91.0,79.6,97.6,87.2,425,163,387.0,16,53.3,2,6.7,4.8
"Waguespack, Jacob",621097,30,10.6,40.0,105.5,86.9,75.3,89.0,85.1,422,155,422.0,11,36.7,2,6.7,3.9
"Parsons, Wes",641149,29,-2.0,37.9,108.0,87.6,75.7,94.9,80.9,407,150,399.0,12,41.4,3,10.3,7.9
"Newcomb, Sean",656794,29,11.9,20.7,108.7,88.7,77.3,91.7,89.0,407,144,401.0,13,44.8,2,6.9,4.4
"Campbell, Isaiah",663462,29,6.5,37.9,113.6,90.6,79.5,97.3,84.4,471,156,427.0,14,48.3,3,10.3,8.1
"Lopez, Jacob",682052,29,31.4,31.0,107.2,88.3,80.8,91.0,80.3,400,216,398.0,8,27.6,3,10.3,6.5
"Castillo, Diego",650895,29,18.3,13.8,110.5,89.0,77.2,87.9,94.5,344,132,,11,37.9,0,0.0,0.0
"McMillon, John",669111,29,8.6,20.7,107.8,85.8,75.4,92.4,79.4,398,152,398.0,6,20.7,1,3.4,2.1
"deGrom, Jacob",594798,28,24.8,21.4,112.1,92.1,81.6,95.6,91.2,399,168,390.0,15,53.6,3,10.7,6.8
"Peralta, Luis",678821,28,14.7,39.3,105.9,91.2,84.2,91.9,89.9,377,187,,10,35.7,0,0.0,0.0
"O'Brien, Riley",676617,26,17.7,42.3,112.3,89.0,78.5,88.1,93.7,420,167,417.0,11,42.3,2,7.7,4.3
"Leibrandt, Brandon",605335,25,9.9,24.0,111.9,89.1,80.7,92.1,88.7,402,136,392.0,9,36.0,3,12.0,9.4
"Guerrero, Luis",692285,25,18.9,28.0,111.5,86.3,74.3,90.9,83.7,385,170,,9,36.0,2,8.0,5.6
"Shugart, Chase",663767,25,23.6,40.0,108.4,86.3,75.7,89.2,87.8,405,203,391.0,8,32.0,1,4.0,2.8
"Bachar, Lake",669199,25,18.2,44.0,110.8,91.6,82.2,94.7,87.0,403,179,393.0,12,48.0,4,16.0,10.0
"Bermúdez, Jonathan",642834,25,20.3,32.0,109.0,88.5,76.5,91.9,85.8,394,184,386.0,11,44.0,3,12.0,9.1
"Winder, Josh",680739,25,11.1,32.0,106.4,85.4,73.9,90.8,82.6,412,176,,9,36.0,1,4.0,2.6
"Klein, Will",694361,25,8.9,40.0,110.9,91.4,79.2,94.4,86.5,397,178,,10,40.0,2,8.0,5.3
"Strider, Spencer",675911,25,16.8,32.0,108.3,87.0,75.5,87.0,86.6,396,173,390.0,9,36.0,3,12.0,7.1
"Sabrowski, Erik",681870,24,20.8,29.2,106.4,88.6,79.0,90.1,85.1,348,198,,8,33.3,0,0.0,0.0
"Waldrep, Hurston",694462,24,12.8,20.8,108.6,84.9,71.1,91.9,82.7,429,161,392.0,8,33.3,1,4.2,2.8
"Jay, Tyler",664079,24,5.8,25.0,110.8,89.1,77.6,94.3,87.4,348,117,,10,41.7,0,0.0,0.0
"Bieber, Shane",669456,24,7.1,45.8,111.4,88.5,77.0,93.8,85.1,387,146,,10,41.7,1,4.2,2.2
"Hernandez, Nick",663321,23,15.5,39.1,110.4,82.9,69.6,87.3,84.3,414,170,377.0,7,30.4,1,4.3,2.9
"Duffey, Tyler",608648,23,15.8,34.8,105.9,89.1,78.0,94.8,83.6,393,196,,12,52.2,3,13.0,7.1
"Hurt, Kyle",669165,23,14.8,47.8,106.9,90.4,82.2,95.4,82.0,378,189,,11,47.8,1,4.3,3.7
"Santos, Gregory",666619,23,6.4,21.7,105.6,85.7,74.1,91.5,84.3,326,109,,8,34.8,1,4.3,3.2
"Graceffo, Gordon",700669,23,14.6,30.4,109.1,88.9,76.6,90.5,88.0,396,170,396.0,9,39.1,3,13.0,9.7
"Miley, Wade",489119,23,0.2,34.8,107.8,90.0,80.4,91.0,89.2,402,134,379.0,8,34.8,2,8.7,6.7
"Reynolds, Sean",669308,22,20.2,36.4,105.0,83.7,71.9,89.7,82.8,364,179,,5,22.7,0,0.0,0.0
"Rutledge, Jackson",671131,22,8.9,36.4,104.4,90.3,80.9,89.5,93.6,411,144,411.0,8,36.4,2,9.1,5.9
"Burdi, Nick",595897,22,30.2,31.8,109.5,84.0,70.8,88.9,75.9,368,191,368.0,7,31.8,1,4.5,2.2
"Heasley, Jonathan",669169,21,4.8,23.8,108.0,92.2,82.7,98.8,88.1,399,133,398.0,12,57.1,2,9.5,6.9
"Casparius, Ben",676508,21,15.0,57.1,106.1,88.3,78.9,90.6,81.2,369,224,,8,38.1,1,4.8,2.7
"Walters, Andrew",689958,21,27.0,42.9,108.4,87.6,79.6,89.9,85.4,380,193,,5,23.8,0,0.0,0.0
"Zastryzny, Rob",642239,21,26.3,28.6,109.5,84.8,73.6,91.0,81.9,387,169,,6,28.6,1,4.8,3.4
"Hartwig, Grant",701643,21,16.8,33.3,110.0,84.5,72.1,86.1,85.5,413,162,413.0,5,23.8,3,14.3,9.7
"Silseth, Chase",681217,21,16.9,61.9,108.7,92.7,82.7,96.1,81.8,435,230,403.0,10,47.6,3,14.3,7.9
"Foster, Matt",641582,21,19.7,47.6,105.3,91.2,81.4,96.3,82.5,381,221,381.0,10,47.6,4,19.0,13.3
"Brzykcy, Zach",694350,21,19.5,38.1,109.8,92.7,84.1,94.6,86.7,386,220,381.0,10,47.6,4,19.0,14.3
"Pruitt, Austin",643493,20,12.5,60.0,108.7,87.5,75.3,89.2,82.3,422,216,408.0,7,35.0,5,25.0,20.8
"Davis, Austin",656354,20,15.1,20.0,108.7,81.6,66.8,87.2,80.7,292,103,,7,35.0,0,0.0,0.0
"Bruihl, Justin",677865,20,4.1,25.0,107.0,91.2,81.7,97.9,86.7,429,141,429.0,12,60.0,1,5.0,3.7
"Eisert, Brandon",685126,20,10.6,30.0,103.7,86.4,75.6,92.8,81.5,361,144,,6,30.0,1,5.0,3.8
"Crismatt, Nabil",622503,20,10.3,35.0,113.3,87.0,73.8,92.0,80.8,426,173,426.0,6,30.0,2,10.0,7.7
