"pitches","player_id","player_name","game_date","game_pk","total_pitches","pitch_percent","ba","iso","babip","slg","woba","xwoba","xba","hits","abs","launch_speed","launch_angle","spin_rate","velocity","effective_speed","whiffs","swings","takes","eff_min_vel","release_extension","pos3_int_start_distance","pos4_int_start_distance","pos5_int_start_distance","pos6_int_start_distance","pos7_int_start_distance","pos8_int_start_distance","pos9_int_start_distance","pitcher_run_exp","run_exp","bat_speed","swing_length","pa","bip","singles","doubles","triples","hrs","so","k_percent","bb","bb_percent","api_break_z_with_gravity","api_break_z_induced","api_break_x_arm","api_break_x_batter_in","hyper_speed","bbdist","hardhit_percent","barrels_per_bbe_percent","barrels_per_pa_percent","release_pos_z","release_pos_x","plate_x","plate_z","obp","barrels_total","batter_run_value_per_100","xobp","xslg","pitcher_run_value_per_100","xbadiff","xobpdiff","xslgdiff","wobadiff","swing_miss_percent","arm_angle","attack_angle","attack_direction","swing_path_tilt","rate_ideal_attack_angle","intercept_ball_minus_batter_pos_x_inches","intercept_ball_minus_batter_pos_y_inches"
24,641343,"Bauers, Jake","2025-09-13",776339,24,100,0.2,0,0.25,0.2,0.176,0.177,0.193,1,5,91.8,-1.7,2428,87.7,87.99,2,11,13,0.29999999999999716,6.53,116,147,104,150,291,316,296,"0.58","-0.58","76.2","8.0",5,4,1,0,0,0,1,20,0,0,2.83542,0.16708,-0.43167,0.19,"91.6",110,25,0,0,5.51,-0.94,-0.04,1.99,0.2,0,"-2.416666667",0.193,0.211,"2.416666667",0.007,0.007000000000000006,-0.011,-0.001,18.2,"42.4",15.16938444750146,-9.035755687672335,35.62699620354569,0.45454545454545453,36.964130269168244,34.707516022075346
24,641343,"Bauers, Jake","2025-09-05",776453,24,100,0.4,0,0.667,0.4,0.353,0.356,0.369,2,5,95.7,31,2413,91.1,92.13,3,12,12,1,6.84,117,142,114,147,292,309,292,"-0.261","0.261","75.6","7.2",5,3,2,0,0,0,2,40,0,0,2.29083,0.49292,0.05542,-0.05542,"90.9",184,33.33333333333333,0,0,5.49,-2.07,0.02,2.25,0.4,0,"1.0875",0.369,0.439,"-1.0875",0.031,0.031000000000000028,-0.039,-0.003,25,"31.1",4.455457225984535,3.093899675624197,36.42676162875887,0.16666666666666666,33.13135249360341,24.07428395395144
23,641343,"Bauers, Jake","2025-07-04",777254,23,100,0,0,0,0,0.173,0.271,0.143,0,3,60.1,-50,2313,92.2,91.28,1,11,12,-0.9000000000000057,6.01,124,147,120,149,299,312,285,"0.643","-0.643","78.2","7.7",4,2,0,0,0,0,1,25,1,25,2.14826,0.58652,0.89696,-0.69957,"88.6",80,0,0,0,5.93,-0.8,-0.43,2.34,0.25,0,"-2.795652174",0.357,0.143,"2.795652174",-0.143,-0.10699999999999998,-0.143,-0.098,9.1,"31.6",9.247358511979094,-3.146201024858683,36.612273552183424,0.5,35.47834793648321,25.98175335747395
22,641343,"Bauers, Jake","2025-08-23",776621,22,100,0,0,,0,0.353,0.353,,0,2,,,1926,88.6,89.81,3,8,14,1.2000000000000028,6.95,103,144,115,149,309,320,302,"-0.235","0.235","79.1","7.8",4,0,0,0,0,0,2,50,1,25,2.82,0.09136,0.43045,-0.43045,"96.7",101,,,,4.9,-1.68,-0.1,2.35,0.5,,"1.068181818",0.5,,"-1.068181818",,0,,0,37.5,"22.5",12.168331632177987,-7.944553650727851,35.79848539747026,0.625,34.043985639931925,30.814535250047694
21,641343,"Bauers, Jake","2025-09-07",776419,21,100,0.5,0.25,0.5,0.75,0.565,0.368,0.313,2,4,101.1,11,2225,93.2,93.86,0,7,14,0.7000000000000028,6.69,108,143,120,151,299,308,296,"-0.887","0.887","77.4","7.6",5,4,1,1,0,0,0,0,1,20,1.76667,0.8819,0.7381,-0.7381,"96.7",121,75,0,0,5.71,-1.42,0.02,2.12,0.6,0,"4.223809524",0.45,0.335,"-4.223809524",0.187,0.14999999999999997,0.415,0.197,0,"37.2",9.591032279223736,-3.3529195325293406,35.88763455864235,0.5714285714285714,35.89402780518438,29.410151168160876
21,641343,"Bauers, Jake","2025-09-17",776291,21,100,0.25,0,0.333,0.25,0.221,0.148,0.161,1,4,86.1,41.7,2114,90,90.43,2,9,12,0.4000000000000057,6.67,106,128,104,137,305,316,291,"0.345","-0.345","69.7","7.4",4,3,1,0,0,0,1,25,0,0,2.2581,0.5881,0.8819,-0.8819,"94.2",172,33.33333333333333,0,0,5.59,-2.48,-0.25,2.16,0.25,0,"-1.642857143",0.161,0.179,"1.642857143",0.089,0.089,0.071,0.073,22.2,"29.0",6.474663393877245,-11.30844736467975,40.98764119389716,0.2222222222222222,35.24117883976532,32.5166282893164
21,641343,"Bauers, Jake","2025-05-23",777806,21,100,0,0,0,0,0.138,0.412,0.17,0,4,105.5,35,2325,91.3,91.49,6,8,13,0.20000000000000284,6.59,112,143,108,147,303,310,303,"0.803","-0.803","72.2","7.6",5,1,0,0,0,0,3,60,1,20,1.95381,0.83143,0.40905,0.05381,"96.8",297,100,100,20,5.82,-0.66,-0.41,2.11,0.2,1,"-3.823809524",0.336,0.674,"3.823809524",-0.17,-0.136,-0.674,-0.274,75,"37.1",9.441260369467837,1.431526264158479,34.971167196709,0.375,37.17713142396827,28.30861657336073
21,641343,"Bauers, Jake","2025-03-15",779151,21,100,0.333,0,0.333,0.333,0.393,,,1,3,,,,,,2,10,11,,,,,,,,,,"-0.655","0.655",,,4,3,1,0,0,0,0,0,1,25,,,,,,,,,,,,,,0.5,,"3.119047619",,,"-3.119047619",,,,,20,,,,,,,
20,641343,"Bauers, Jake","2025-05-14",777925,20,100,0.4,0.2,0.667,0.6,0.427,0.367,0.277,2,5,96.1,31.3,2406,87,87.47,3,8,12,0.5,6.5,111,143,119,150,298,321,302,"-0.456","0.456","75.0","7.2",5,3,1,1,0,0,2,40,0,0,3.066,-0.018,-0.218,0.152,"95.1",253,66.66666666666666,33.33333333333333,20,6.04,-1.58,-0.56,2.81,0.4,1,"2.28",0.277,0.603,"-2.28",0.123,0.123,-0.003,0.06,37.5,"43.1",7.823662629953722,8.564233628052794,30.603499545095467,0.5,37.55993840859109,23.40728862986054
19,641343,"Bauers, Jake","2025-09-20",776244,19,100,0.25,0.25,0.333,0.5,0.313,0.493,0.327,1,4,91.5,-6,2229,91,91.21,1,12,7,0.20000000000000284,6.48,123,146,108,152,305,324,303,"0.161","-0.161","76.4","7.5",4,3,0,1,0,0,1,25,0,0,2.26263,0.52947,0.42684,-0.42684,"93.5",197,66.66666666666666,66.66666666666666,50,6.18,-1.96,0.14,2.4,0.25,2,"-0.847368421",0.327,0.866,"0.847368421",-0.077,-0.07700000000000001,-0.366,-0.18,8.3,"39.1",10.17813200990268,-1.0724709897764892,34.38965379668015,0.4166666666666667,35.577398475654604,29.36990887002121
19,641343,"Bauers, Jake","2025-06-28",777321,19,100,0,0,0,0,0.173,0.267,0.13,0,3,89.5,24.7,2296,92.4,92.03,2,10,9,-0.4000000000000057,6.19,105,147,112,146,293,321,298,"0.582","-0.582","76.1","7.6",4,3,0,0,0,0,0,0,1,25,2.00211,0.72263,0.64,-0.64,"88.8",153,0,0,0,5.93,-1.78,-0.2,2.7,0.25,0,"-3.063157895",0.347,0.165,"3.063157895",-0.13,-0.09699999999999998,-0.165,-0.094,20,"41.8",8.587619400218516,-0.7632863971645253,33.56579702128022,0.3,33.081673853160865,27.16585467564417
18,641343,"Bauers, Jake","2025-06-23",777391,18,100,0,0,0,0,0.173,0.36,0.235,0,3,100,7.5,2386,90,90.29,2,10,8,0.29999999999999716,6.47,93,144,111,145,290,306,296,"0.393","-0.393","77.1","7.9",4,2,0,0,0,0,1,25,1,25,2.25944,0.59444,0.03,-0.03,"93.9",165,100,0,0,5.66,-1.68,-0.19,2.38,0.25,0,"-2.183333333",0.426,0.357,"2.183333333",-0.235,-0.176,-0.357,-0.187,20,"36.2",11.847616189899599,-2.225414612413763,32.48716929870155,0.2,37.106674069803425,29.49046488986686
18,641343,"Bauers, Jake","2025-04-24",778194,18,100,0.25,0,0.5,0.25,0.221,0.278,0.298,1,4,82,13,2375,83.2,82.63,4,7,11,-0.6000000000000085,6.13,118,148,118,147,300,323,306,"0.534","-0.534","75.1","7.8",4,2,1,0,0,0,2,50,0,0,3.39389,-0.00944,-0.21222,0.21222,"93.6",103,0,0,0,4.87,-2.56,-0.11,2.05,0.25,0,"-2.966666667",0.298,0.322,"2.966666667",-0.048,-0.04799999999999999,-0.072,-0.057,57.1,"11.3",15.9148936218325,-5.503617390567406,36.24060571450639,0.5714285714285714,34.27742430984558,32.544277065123566
18,641343,"Bauers, Jake","2025-07-02",777289,18,100,0,0,0,0,0.277,0.352,0.133,0,3,98.1,3,2163,86.7,86.04,1,7,11,-0.7000000000000028,6.02,108,145,106,147,295,326,294,"0.292","-0.292","78.7","8.2",5,3,0,0,0,0,0,0,2,40,3.06278,0.02125,0.06611,-0.21611,"94.2",63,66.66666666666666,0,0,6.06,-0.75,-0.32,1.68,0.4,0,"-1.622222222",0.48,0.147,"1.622222222",-0.133,-0.07999999999999996,-0.147,-0.075,14.3,"37.4",15.496071553680597,-9.152285594319796,36.13789884274976,0.5714285714285714,34.47941232292928,33.144741533502476
18,641343,"Bauers, Jake","2025-10-08",813049,18,100,0.5,0.75,0.5,1.25,0.73,0.53,0.407,2,4,95.2,6.3,2265,88.7,88.83,1,6,12,0.09999999999999432,6.54,125,147,114,152,297,329,299,"-1.078","1.078","73.5","7.1",4,3,1,0,0,1,1,25,0,0,2.15333,0.81056,0.61111,-0.61111,"92.3",162,33.33333333333333,33.33333333333333,25,6.14,-1.41,-0.57,2.69,0.5,1,"5.988888889",0.407,0.852,"-5.988888889",0.093,0.09300000000000003,0.398,0.2,16.7,"44.4",7.160381127274386,6.139756204005612,29.257680946928083,0.5,41.324500182570816,25.44408644130965
17,641343,"Bauers, Jake","2025-04-30",778111,17,100,0.333,0.333,0.5,0.667,0.486,0.373,0.164,1,3,92.2,33.5,2092,88.6,89.02,2,9,8,0.4000000000000057,6.64,120,144,112,147,291,315,296,"-0.244","0.244","72.4","7.4",4,2,0,1,0,0,1,25,1,25,2.54353,0.42438,0.27235,-0.27,"90.5",233,50,50,25,5.93,-1.71,-0.06,2.2,0.5,1,"1.435294118",0.373,0.493,"-1.435294118",0.169,0.127,0.174,0.113,22.2,"38.2",10.81315591070112,-1.2834584510903002,34.54779507187887,0.375,33.42624045626657,30.986253886295643
17,641343,"Bauers, Jake","2025-05-21",777826,17,100,0.333,0,0.333,0.333,0.393,0.359,0.264,1,3,91.9,22.3,2071,88.6,88.77,1,10,7,0.20000000000000284,6.49,104,147,123,150,305,321,300,"-0.063","0.063","75.9","8.0",4,3,1,0,0,0,0,0,1,25,2.20765,0.74353,0.39353,-0.39353,"90.5",141,66.66666666666666,0,0,6.13,-1.69,-0.45,2.39,0.5,0,"0.370588235",0.448,0.298,"-0.370588235",0.069,0.05199999999999999,0.035,0.034,10,"47.7",14.941412548059791,-3.3402472324906913,35.796758348910245,0.6,38.16391823219595,31.36563745024854
17,641343,"Bauers, Jake","2025-03-09",778928,17,100,0.333,0.333,0.5,0.667,0.417,,,1,3,75,-22,2085,88.9,88.64,2,9,8,-0.30000000000001137,6.01,126,148,129,154,277,323,299,"-0.382","0.382",,,3,2,0,1,0,0,1,33.3,0,0,2.51941,0.40765,0.47059,0.37176,"89.4",164,0,0,0,5.87,0.68,0.13,2.43,0.333,0,"2.247058824",,,"-2.247058824",,,,,22.2,,,,,,,
17,641343,"Bauers, Jake","2025-05-28",777736,21,81,0.5,1.5,0,2,0.91,0.893,0.507,1,2,100.1,-1.5,2351,88.5,88.86,0,7,10,0.4000000000000057,6.47,122,149,114,151,300,316,300,"-1.297","1.297","76.9","7.6",4,2,0,0,0,1,0,0,2,50,2.70529,0.22706,-0.10471,0.10471,"94.5",183,50,50,25,5.42,-1.68,-0.21,2.37,0.75,1,"7.629411765",0.754,1.952,"-7.629411765",-0.007,-0.0040000000000000036,0.048,0.017,0,"36.4",11.546937642399357,0.03750999105130903,31.430004746187766,0.5714285714285714,37.20606910817794,27.603269062517278
16,641343,"Bauers, Jake","2025-05-17",777883,16,100,0,0,,0,0.23,0.23,,0,2,,,2157,89.2,90.13,1,4,12,0.8999999999999915,6.9,112,143,113,153,297,317,288,"0.18","-0.18","68.6","8.2",3,0,0,0,0,0,2,66.7,1,33.3,2.71125,0.18,0.43125,-0.43125,"88.0",70,,,,5.25,-2.1,-0.12,2.49,0.333,,"-1.125",0.333,,"1.125",,0,,0,25,"26.6",16.776920757385245,-6.106219918872428,38.266349313465554,0.75,34.284568138080225,30.25359663436641
16,641343,"Bauers, Jake","2025-03-30",778523,16,100,0.25,0.75,,1,0.509,0.377,0.205,1,4,108.7,21,2296,83.4,82.5,6,8,8,-0.9000000000000057,6.06,107,147,126,154,282,308,279,"-0.68","0.68","66.8","7.8",4,1,0,0,0,1,3,75,0,0,3.10062,0.29313,0.04813,0.22937,"98.4",169,100,100,25,4.77,1.24,-0.39,2.55,0.25,1,"4.25",0.205,0.724,"-4.25",0.045,0.04500000000000001,0.276,0.132,75,"14.9",19.58801076234676,-17.78319471701955,30.81336319793883,0.125,37.31913132618317,37.80597585785615
16,641343,"Bauers, Jake","2025-07-13",777123,16,100,0,0,0,0,0.173,0.175,0.002,0,3,90.9,47,2209,91.5,92.25,4,11,5,0.7999999999999972,6.77,126,149,120,153,299,320,297,"0.481","-0.481","79.3","7.9",4,1,0,0,0,0,2,50,1,25,2.0375,0.72563,0.47125,-0.47125,"90.6",208,0,0,0,5.78,-2.22,0.28,2.29,0.25,0,"-3.00625",0.251,0.004,"3.00625",-0.002,-0.0010000000000000009,-0.004,-0.002,36.4,"33.9",11.360665158256362,-2.0638432000756977,35.24960032232727,0.5454545454545454,36.09630938590802,27.923882915333607
16,641343,"Bauers, Jake","2025-06-06",777617,16,100,0,0,0,0,0,0.191,0.105,0,3,88.8,45.5,2401,91.7,92.01,1,7,9,0.29999999999999716,6.54,118,145,112,151,301,326,302,"0.792","-0.792","79.0","7.7",3,2,0,0,0,0,1,33.3,0,0,1.78313,0.96,0.24375,-0.24375,"89.5",193,50,0,0,5.92,-1.51,-0.48,2.28,0,0,"-4.95",0.105,0.37,"4.95",-0.105,-0.105,-0.37,-0.191,14.3,"45.3",9.955033126101874,1.089142015608249,33.421768204305145,0.8571428571428571,36.811673393424975,25.15747804158417
16,641343,"Bauers, Jake","2025-03-06",779147,16,100,0,0,0,0,0.173,,,0,3,,,,,,0,6,10,,,,,,,,,,"0.723","-0.723",,,4,3,0,0,0,0,0,0,1,25,,,,,,,,,,,,,,0.25,,"-4.51875",,,"4.51875",,,,,0,,,,,,,
16,641343,"Bauers, Jake","2025-06-10",777568,16,100,0.25,0.75,0,1,0.509,0.518,0.269,1,4,94.8,6.5,2523,89.3,88.81,2,7,9,-0.5,6.02,124,144,109,150,302,316,297,"-0.213","0.213","73.1","7.6",4,2,0,0,0,1,2,50,0,0,2.6375,0.24875,0.15188,-0.15188,"93.0",143,50,50,25,5.85,-2.24,-0.33,2.22,0.25,1,"1.33125",0.269,1.024,"-1.33125",-0.019,-0.019000000000000017,-0.024,-0.009,28.6,"40.6",9.983548513706706,6.488754596726016,33.783075746253054,0.5714285714285714,37.73863300093336,22.770643547325264
15,641343,"Bauers, Jake","2025-04-06",778421,15,100,0.333,0,0.5,0.333,0.393,0.344,0.212,1,3,94.6,25.5,2238,87.5,87.68,1,6,9,0.20000000000000284,6.56,113,144,121,149,296,322,287,"-0.273","0.273","65.8","7.3",4,2,1,0,0,0,1,25,1,25,2.47667,0.552,0.13267,-0.17667,"92.5",188,50,0,0,5.76,-0.29,-0.43,2.62,0.5,0,"1.82",0.409,0.333,"-1.82",0.121,0.09100000000000003,0,0.049,16.7,"40.8",7.556224844547648,0.7205622796773201,37.5617475944111,0.5,31.185894878060626,24.34798345531739
15,641343,"Bauers, Jake","2025-03-22",779133,15,100,0.25,0.75,0,1,0.509,,,1,4,,,,,,2,5,10,,,,,,,,,,"-0.351","0.351",,,4,3,0,0,0,1,1,25,0,0,,,,,,,,,,,,,,0.25,,"2.34",,,"-2.34",,,,,40,,,,,,,
15,641343,"Bauers, Jake","2025-05-01",778094,15,100,0,0,0,0,0.173,0.177,0.005,0,3,86,52,2387,87.1,87.87,3,5,10,0.8000000000000114,6.79,122,150,117,153,306,318,293,"0.593","-0.593","70.7","7.4",4,1,0,0,0,0,2,50,1,25,2.886,0.16933,0.00133,0.084,"88.0",217,0,0,0,6.15,-1.94,-0.51,2.77,0.25,0,"-3.953333333",0.254,0.008,"3.953333333",-0.005,-0.0040000000000000036,-0.008,-0.004,60,"38.7",10.869807094024974,4.7951868102961335,33.518763248580974,0.6,39.49067892189028,28.180421783475193
15,641343,"Bauers, Jake","2025-05-24",777794,15,100,0,0,0,0,0,0.179,0.189,0,4,73,5.5,2481,91.2,91.31,1,6,9,0.09999999999999432,6.52,102,143,108,143,292,308,307,"1.366","-1.366","68.9","7.1",4,4,0,0,0,0,0,0,0,0,1.94467,0.85267,0.31733,0.068,"88.0",154,0,0,0,5.86,-0.98,0.12,2.38,0,0,"-9.106666667",0.189,0.212,"9.106666667",-0.189,-0.189,-0.212,-0.179,16.7,"39.3",3.589638868585241,11.985265936311798,32.676524802230006,0.6666666666666666,33.81580326212147,20.481169591439226
15,641343,"Bauers, Jake","2025-09-06",776441,15,100,0.667,1,1,1.667,0.973,0.544,0.426,2,3,100.6,19,2497,88.1,88.71,2,6,9,0.6000000000000085,6.71,115,148,122,153,291,309,291,"-2.405","2.405","72.2","7.3",3,2,1,0,0,1,1,33.3,0,0,2.446,0.55,-0.24667,0.24667,"94.3",240,100,50,33.33333333333333,5.78,-1.82,0.12,2.26,0.667,1,"16.033333333",0.426,0.85,"-16.033333333",0.241,0.24100000000000005,0.817,0.429,33.3,"36.5",8.488083517227256,2.477879602288114,34.93045385815704,0.3333333333333333,34.58129399546625,26.55863620500413
15,641343,"Bauers, Jake","2025-05-16",777898,15,100,0.25,0,0.5,0.25,0.221,0.237,0.256,1,4,76.5,7.5,2200,91.7,92.11,2,5,10,0.3999999999999915,6.65,122,147,106,153,306,321,291,"0.367","-0.367","73.1","7.7",4,2,1,0,0,0,2,50,0,0,1.99533,0.74267,0.78867,-0.78867,"88.0",132,0,0,0,4.95,-2.44,-0.46,2.65,0.25,0,"-2.446666667",0.256,0.277,"2.446666667",-0.006,-0.006000000000000005,-0.027,-0.016,40,"24.2",9.38035806651376,2.4928715864579534,30.25007949121549,1,40.89681171330043,26.016047594253752
15,641343,"Bauers, Jake","2025-03-11",778754,15,100,0.5,1,0.5,1.5,0.822,,,2,4,,,,,,2,9,6,,,,,,,,,,"-2.617","2.617",,,4,3,0,1,0,1,1,25,0,0,,,,,,,,,,,,,,0.5,,"17.446666667",,,"-17.446666667",,,,,22.2,,,,,,,
15,641343,"Bauers, Jake","2025-10-16",813033,15,100,0.333,0,0.5,0.333,0.294,0.095,0.105,1,3,97.9,29,2624,89.2,90.5,1,5,10,1.2999999999999972,7.18,108,133,100,137,290,313,299,"0.109","-0.109","73.7","7.0",3,2,1,0,0,0,1,33.3,0,0,2.65533,0.258,-0.15267,0.20067,"92.9",178,100,0,0,5.93,-0.97,0.07,2.53,0.333,0,"-0.726666667",0.105,0.12,"0.726666667",0.228,0.22800000000000004,0.213,0.199,20,"58.0",2.6895652338325537,8.697872856025997,32.80487625653007,0.2,38.17812437095171,23.68872919173524
14,641343,"Bauers, Jake","2025-10-14",813034,14,100,0,0,0,0,0,0.114,0.114,0,3,80.4,3.3,2206,89.2,89.24,1,7,7,0,6.59,118,149,114,153,288,316,301,"0.791","-0.791","74.0","7.6",3,3,0,0,0,0,0,0,0,0,2.815,0.14571,-0.00429,0.00429,"88.5",138,0,0,0,5.27,-2.08,-0.27,2.42,0,0,"-5.65",0.114,0.152,"5.65",-0.114,-0.114,-0.152,-0.114,14.3,"41.1",11.272664109847986,-5.407493290054725,33.96725077162817,0.2857142857142857,34.02671637376614,30.021519363676788
14,641343,"Bauers, Jake","2025-09-24",776198,14,100,1,1,1,2,0.878,0.541,0.165,1,1,93.3,27,2566,90.8,90.31,1,5,9,-0.5,6.29,116,146,126,153,307,325,305,"-1.328","1.328","61.0","5.8",3,1,0,1,0,0,0,0,2,66.7,2.46286,0.38143,0.03385,-0.03385,"93.7",321,0,0,0,5.78,-1.93,-0.04,2.36,1,0,"9.485714286",0.722,0.382,"-9.485714286",0.835,0.278,1.618,0.337,20,"43.9",-11.327590065047799,-14.725176468753206,28.580959524369934,0.4,38.00871492727043,22.567994156315393
14,641343,"Bauers, Jake","2025-07-06",777224,14,100,0.5,0,0.5,0.5,0.441,0.548,0.537,2,4,100.6,5.3,2315,87.8,87.65,0,6,8,-0.09999999999999432,6.34,112,146,117,151,294,316,294,"-0.261","0.261","79.3","8.1",4,4,2,0,0,0,0,0,0,0,2.85357,0.19929,0.41286,-0.41286,"100.3",200,50,0,0,5.96,-1.24,-0.15,2.23,0.5,0,"1.864285714",0.537,0.737,"-1.864285714",-0.037,-0.03700000000000003,-0.237,-0.107,0,"36.6",16.881759875617146,-9.357393862048326,36.42024435448872,0.8333333333333334,34.99093943043342,32.96365490211531
14,641343,"Bauers, Jake","2025-04-26",778164,15,93.3,0,0,0,0,0.173,0.426,0.207,0,3,100.5,23.5,2755,82.1,81.86,4,8,6,-0.19999999999998863,6.69,117,142,107,150,298,330,302,"0.451","-0.451","71.8","8.0",4,2,0,0,0,0,1,25,1,25,3.95286,-0.45071,-0.82071,0.82071,"94.2",218,100,0,0,5.47,-1.47,0.23,2.25,0.25,0,"-3.221428571",0.405,0.623,"3.221428571",-0.207,-0.15500000000000003,-0.623,-0.253,50,"40.9",17.051811713010746,-10.352552124487012,35.117403997417206,0.375,36.552010956137565,36.42568908479526
14,641343,"Bauers, Jake","2025-04-18",778261,14,100,0,0,,0,0,0,,0,2,,,1990,91.6,92.21,2,4,10,0.6000000000000085,6.75,127,147,129,152,294,308,297,"0.508","-0.508","75.9","8.3",2,0,0,0,0,0,2,100,0,0,2.33929,0.39357,0.68857,-0.68857,"88.0",98,,,,5.5,-1.13,0.93,2.31,0,,"-3.628571429",,,"3.628571429",,,,0,50,"44.1",20.86942524996709,-17.86743740977856,39.553149444401484,0.5,24.685514886394,34.18252197973962
13,641343,"Bauers, Jake","2025-09-23",776214,13,100,0,0,0,0,0.346,0.364,0.034,0,1,78.4,-31,2659,91.2,90.83,1,4,9,-0.4000000000000057,6.07,122,148,130,155,303,322,304,"-0.067","0.067","74.1","7.2",2,1,0,0,0,0,0,0,1,50,1.95615,0.81385,0.40154,-0.40154,"88.0",3,0,0,0,5.82,-2.18,-0.57,2.31,0.5,0,"0.515384615",0.517,0.034,"-0.515384615",-0.034,-0.017000000000000015,-0.034,-0.018,25,"30.9",5.835141118522623,5.396651225174168,35.06068663516499,0.25,35.60696350457039,22.21391142905815
13,641343,"Bauers, Jake","2025-06-11",777554,13,100,0,0,0,0,0,0.291,0.313,0,4,93.7,-6,2168,91.2,92.3,0,5,8,1.0999999999999943,6.98,120,147,141,154,302,316,296,"1.037","-1.037","76.7","7.3",4,4,0,0,0,0,0,0,0,0,2.25846,0.53692,0.46769,-0.46769,"92.9",114,50,0,0,5.07,-2.22,-0.09,1.59,0,0,"-7.976923077",0.313,0.358,"7.976923077",-0.313,-0.313,-0.358,-0.291,0,"35.1",3.490524787958412,9.331591951930925,35.05656340433029,0.4,37.40550898998665,21.531636823845332
13,641343,"Bauers, Jake","2025-05-12",777960,13,100,0.5,0.25,1,0.75,0.534,0.355,0.27,2,4,96,15,2157,88.7,89.35,2,8,5,0.5999999999999943,6.86,91,143,128,151,293,320,294,"-0.732","0.732","74.3","7.3",4,2,1,1,0,0,2,50,0,0,2.08154,0.89077,0.22385,-0.28846,"91.9",239,50,50,25,5.43,-1.73,-0.49,2.72,0.5,1,"5.630769231",0.27,0.583,"-5.630769231",0.23,0.22999999999999998,0.167,0.179,25,"35.0",8.629326343180585,11.785801964694754,30.8268865496771,0.25,38.83287228353211,21.41823851372221
13,641343,"Bauers, Jake","2025-09-03",776471,13,100,0.5,0,1,0.5,0.525,0.423,0.321,1,2,83.5,12,2508,90.1,91.08,1,3,10,1,6.97,122,147,116,154,292,318,297,"-0.624","0.624","78.3","8.6",3,1,1,0,0,0,1,33.3,1,33.3,2.11538,0.74538,0.295,-0.295,"88.0",78,0,0,0,5.33,-1.36,0.41,2.58,0.667,0,"4.8",0.547,0.347,"-4.8",0.179,0.12,0.153,0.102,33.3,"34.7",21.261334302952132,-19.00197634803317,38.554481224408754,0.3333333333333333,35.95985268715973,40.77573596101597
13,641343,"Bauers, Jake","2025-02-28",778990,13,100,0.333,0.333,0.5,0.667,0.417,,,1,3,,,,,,2,6,7,,,,,,,,,,"-0.18","0.18",,,3,2,0,1,0,0,1,33.3,0,0,,,,,,,,,,,,,,0.333,,"1.384615385",,,"-1.384615385",,,,,33.3,,,,,,,
13,641343,"Bauers, Jake","2025-05-05",778042,13,100,0.5,0,0.5,0.5,0.441,0.242,0.236,2,4,83.1,28.3,2118,89.4,89.9,0,7,6,0.5,6.8,118,148,113,148,302,326,281,"-0.041","0.041","69.0","7.4",4,4,2,0,0,0,0,0,0,0,1.98769,0.90462,0.29615,-0.23462,"92.7",167,50,0,0,5.99,-0.87,-0.1,2.26,0.5,0,"0.315384615",0.236,0.337,"-0.315384615",0.264,0.264,0.163,0.199,0,"48.6",6.28129494285747,5.721318258684898,35.344242210319585,0.8333333333333334,34.4419291604795,25.563440460292863
12,641343,"Bauers, Jake","2025-04-22",778210,12,100,0.6,0.6,0.667,1.2,0.76,0.538,0.361,3,5,89.7,8.5,1923,86.8,87.07,1,5,7,0.29999999999999716,6.46,108,149,119,151,298,318,304,"-2.576","2.576","74.9","7.7",5,4,2,0,0,1,1,20,0,0,2.805,0.41,0.20917,-0.20917,"94.2",151,25,25,20,5.73,-1.7,0.07,2.39,0.6,1,"21.466666667",0.361,0.946,"-21.466666667",0.239,0.239,0.254,0.222,20,"33.7",13.990556904774076,-3.6666753620544057,34.98123181531708,0.4,34.84169895925427,32.81427230910697
12,641343,"Bauers, Jake","2025-09-10",776375,13,92.3,0,0,0,0,0,0.057,0.061,0,3,75.9,5.5,2283,89.2,88.35,2,5,7,-0.9000000000000057,5.93,128,145,109,153,296,324,322,"0.763","-0.763","72.9","7.3",3,2,0,0,0,0,1,33.3,0,0,2.52417,0.3725,0.84833,-0.84833,"88.0",64,0,0,0,5.48,-1.86,0,2.21,0,0,"-6.358333333",0.061,0.065,"6.358333333",-0.061,-0.061,-0.065,-0.057,40,"23.4",7.676688823552965,4.469889965397875,36.60224392810195,0.4,36.91193380910201,27.27109983764011
12,641343,"Bauers, Jake","2025-09-01",776500,12,100,0,0,0,0,0,0.546,0.394,0,3,102.8,15.5,2153,85.8,86.07,2,4,8,0.29999999999999716,6.47,120,145,120,151,287,322,301,"0.751","-0.751","76.0","7.9",3,2,0,0,0,0,1,33.3,0,0,2.91667,0.2525,0.2125,0.32083,"102.8",226,100,50,33.33333333333333,6.14,-0.04,-0.52,1.8,0,1,"-6.258333333",0.394,0.921,"6.258333333",-0.394,-0.394,-0.921,-0.546,50,"39.6",10.299410943004473,1.8954431442901374,37.866304693584446,0.75,38.244406933281546,29.136225987586005
12,641343,"Bauers, Jake","2025-09-19",776265,12,100,1,0,1,1,0.835,0.564,0.569,3,3,99.6,4,2444,86.5,86.43,1,6,6,-0.09999999999999432,6.36,126,147,115,152,295,319,299,"-1.275","1.275","73.3","7.5",4,3,3,0,0,0,0,0,1,25,3.21167,-0.10583,-0.0975,0.0975,"95.0",135,66.66666666666666,0,0,5.84,-1.05,-0.16,2.14,1,0,"10.625",0.677,0.63,"-10.625",0.431,0.32299999999999995,0.37,0.271,16.7,"49.0",8.666190873598861,-1.1185501978100478,38.13849231028139,0.16666666666666666,37.88600766837423,28.619452995155985
12,641343,"Bauers, Jake","2025-02-25",778832,12,100,0.5,1.5,0,2,0.91,,,1,2,94.8,3,2101,88.8,89.24,0,3,9,0.4000000000000057,6.43,115,142,121,149,296,315,293,"-1.72","1.72",,,3,2,0,0,0,1,0,0,1,33.3,2.23333,0.66667,0.18917,-0.18917,"94.1",200,50,50,33.33333333333333,5.71,-2.12,-0.47,2.36,0.667,1,"14.333333333",,,"-14.333333333",,,,,0,,,,,,,
11,641343,"Bauers, Jake","2025-03-21",779089,11,100,0.333,0,0.5,0.333,0.294,,,1,3,,,,,,3,6,5,,,,,,,,,,"0.129","-0.129",,,3,2,1,0,0,0,1,33.3,0,0,,,,,,,,,,,,,,0.333,,"-1.172727273",,,"1.172727273",,,,,50,,,,,,,
11,641343,"Bauers, Jake","2025-06-02",777671,11,100,0,0,0,0,0.23,0.287,0.092,0,2,94.3,-11,2325,88.2,88.95,2,4,7,0.7000000000000028,6.81,126,148,111,153,292,325,293,"0.408","-0.408","72.0","7.2",3,1,0,0,0,0,1,33.3,1,33.3,2.45727,0.51545,0.00818,-0.00818,"91.2",6,0,0,0,5.62,-1.41,-0.33,2.88,0.333,0,"-3.709090909",0.395,0.102,"3.709090909",-0.092,-0.062,-0.102,-0.057,50,"38.6",10.002454356148105,9.307514507135696,31.457407998477873,0.5,40.28350698909645,21.539215718949173
11,641343,"Bauers, Jake","2025-07-18",777103,11,100,0,0,0,0,0,0.201,0.218,0,3,92.3,-5.5,2394,93.9,94.86,2,7,4,1,6.9,102,147,113,152,296,315,291,"0.861","-0.861","75.5","7.3",3,3,0,0,0,0,0,0,0,0,1.61455,0.98909,0.56455,-0.56455,"90.4",56,50,0,0,5.49,-2.22,0.06,2.78,0,0,"-7.827272727",0.218,0.229,"7.827272727",-0.218,-0.218,-0.229,-0.201,28.6,"37.4",3.5437002242928064,7.81826777211592,33.42947741999248,0.42857142857142855,33.09843060784607,21.449221956286813
11,641343,"Bauers, Jake","2025-03-18",779001,11,100,0.333,0,0.333,0.333,0.294,,,1,3,91.3,9,2205,88.6,88.59,2,5,6,0,6.44,119,140,117,150,276,317,307,"0.031","-0.031",,,3,3,1,0,0,0,0,0,0,0,2.35364,0.59364,0.52818,-0.24273,"96.6",183,66.66666666666666,0,0,5.47,0.59,-0.29,1.79,0.333,0,"-0.281818182",,,"0.281818182",,,,,40,,,,,,,
11,641343,"Bauers, Jake","2025-09-26",776171,11,100,0,0,0,0,0,0.389,0.227,0,3,92,22,1743,89,88.44,0,7,4,-0.5999999999999943,6.05,90,136,123,144,299,325,287,"0.833","-0.833","74.9","7.3",3,3,0,0,0,0,0,0,0,0,2.18909,0.72909,0.71,-0.71,"91.3",229,66.66666666666666,0,0,6.13,-0.62,-0.13,2.77,0,0,"-7.572727273",0.227,0.735,"7.572727273",-0.227,-0.227,-0.735,-0.389,0,"42.9",7.767736579885808,1.9514363535049541,32.427384325080574,0.2857142857142857,35.96951469803665,26.564229833717313
10,641343,"Bauers, Jake","2025-02-24",779104,10,100,0,0,0,0,0,,,0,3,,,,,,3,5,5,,,,,,,,,,"0.18","-0.18",,,3,2,0,0,0,0,1,33.3,0,0,,,,,,,,,,,,,,0,,"-1.8",,,"1.8",,,,,60,,,,,,,
10,641343,"Bauers, Jake","2025-04-02",778477,10,100,0,0,,0,0,0,,0,2,,,2273,88.2,88.24,1,3,7,0,6.32,86,125,100,126,267,286,281,"0.566","-0.566","75.6","8.3",2,0,0,0,0,0,2,100,0,0,2.523,0.428,-0.391,0.391,"97.3",257,,,,5.33,-2.12,0,2,0,,"-5.66",,,"5.66",,,,0,33.3,"32.3",18.907776110857778,-14.229091585732235,40.72512503390994,0.6666666666666666,31.715499210875922,38.1944142948997
10,641343,"Bauers, Jake","2025-03-23",778997,10,100,0,0,0,0,0,,,0,2,96.3,26,2064,90.2,89.17,1,3,7,-0.8999999999999915,5.83,119,148,122,146,281,320,300,"0.54","-0.54",,,2,1,0,0,0,0,1,50,0,0,1.968,0.875,0.48556,-0.48556,"96.2",220,100,0,0,5.82,-1.18,-0.19,2.69,0,0,"-5.4",,,"5.4",,,,,33.3,,,,,,,
9,641343,"Bauers, Jake","2025-07-09",777175,9,100,0,0,0,0,0.23,0.258,0.025,0,2,89.9,59,2594,90.6,92.32,0,2,7,1.7000000000000028,7.36,113,146,109,152,298,315,286,"-0.039","0.039","81.1","8.4",3,2,0,0,0,0,0,0,1,33.3,2.16778,0.65889,0.09,-0.09,"93.5",213,50,0,0,5.92,-1.53,-0.09,2.23,0.333,0,"0.433333333",0.35,0.075,"-0.433333333",-0.025,-0.01699999999999996,-0.075,-0.028,0,"51.8",15.99449764142912,-16.74637049222455,36.12629707708087,1,36.3747508656722,35.09735148814046
9,641343,"Bauers, Jake","2025-04-10",778371,9,100,0,0,0,0,0.23,0.23,0.001,0,2,64.6,67,2230,90.9,91.76,1,2,7,0.8999999999999915,6.31,117,143,106,152,316,340,318,"0.084","-0.084","71.9","6.5",3,1,0,0,0,0,1,33.3,1,33.3,2.09556,0.62778,0.05667,-0.05667,"88.0",117,0,0,0,5.54,-1.56,-0.19,1.99,0.333,0,"-0.933333333",0.334,0.001,"0.933333333",-0.001,-0.0010000000000000009,-0.001,0,50,"41.9",-0.17141140621298767,25.807786019971243,30.8958388850153,0.5,32.209319447857396,14.303517978378464
9,641343,"Bauers, Jake","2025-04-05",778439,9,100,0,0,0,0,0.346,0.471,0.132,0,1,104.9,45,2584,91.1,91.42,0,2,7,0.30000000000001137,6.72,124,144,111,145,299,321,284,"0.156","-0.156","79.2","7.8",2,1,0,0,0,0,0,0,1,50,1.72222,1.07111,0.12111,-0.12111,"96.5",261,100,0,0,5.29,-1.91,0.28,2.43,0.5,0,"-1.733333333",0.566,0.49,"1.733333333",-0.132,-0.06599999999999995,-0.49,-0.125,0,"32.1",14.34347903877572,-5.7196336418431954,33.393310559555545,1,36.4670336317366,32.01694775645842
9,641343,"Bauers, Jake","2025-06-20",777434,9,100,1,0,1,1,0.882,0.486,0.481,1,1,97.3,17,1554,71.8,69.21,0,4,5,-2.5999999999999943,4.53,128,144,131,152,293,343,300,"-0.406","0.406","76.1","7.5",1,1,1,0,0,0,0,0,0,0,3.75333,0.86556,0.79333,-0.79333,"90.3",195,100,0,0,5.7,-2.67,-0.17,2.51,1,0,"4.511111111",0.481,0.68,"-4.511111111",0.519,0.519,0.32,0.396,0,"16.5",8.004995728259455,1.046695577079531,28.39567593847245,0.75,40.275040233611044,27.216510725118447
9,641343,"Bauers, Jake","2025-05-06",778031,9,100,0.5,1.5,0,2,1.019,0.822,0.41,1,2,92.8,47.5,2120,86.7,87.43,0,2,7,0.7000000000000028,6.98,122,148,110,153,299,332,299,"-1.344","1.344","72.8","8.3",2,2,0,0,0,1,0,0,0,0,2.54444,0.53444,0.80444,-0.80444,"97.1",276,50,50,50,5.7,-1.89,-0.29,1.69,0.5,1,"14.933333333",0.41,1.621,"-14.933333333",0.09,0.09000000000000002,0.379,0.197,0,"42.6",17.734187101739384,-7.407230361429756,35.77764301952928,0.5,40.230156454087506,36.51322831166705
8,641343,"Bauers, Jake","2025-09-12",776356,8,100,1,1,1,2,0.972,0.704,0.681,1,1,108,14,2354,88.4,88.96,1,2,6,0.5999999999999943,6.56,111,143,108,149,294,320,291,"-1.234","1.234","67.7","7.8",2,1,0,1,0,0,0,0,1,50,2.94125,0.01,-0.23875,0.23875,"108.0",353,100,0,0,6.04,-1.67,-0.19,1.8,1,0,"15.425",0.841,1.012,"-15.425",0.319,0.15900000000000003,0.988,0.268,50,"59.5",9.49681724912665,1.2728833358169762,40.27952850316174,0.5,36.796612288039185,27.18002265476118
8,641343,"Bauers, Jake","2025-09-28",776144,8,100,0,0,,0,0.346,0.346,,0,1,,,2375,85.3,86.58,1,3,5,1.2999999999999972,7.1,100,147,121,151,301,329,289,"0.073","-0.073","72.2","8.4",2,0,0,0,0,0,1,50,1,50,2.885,0.27875,0.17375,-0.17375,,3,,,,5.13,-1.64,0.58,1.84,0.5,,"-0.9125",0.5,,"0.9125",,0,,0,33.3,"23.5",25.347122832555176,-15.513209215239119,39.22135082813702,0,32.55064430920384,37.58464109119874
8,641343,"Bauers, Jake","2025-07-05",777238,8,100,0,0,,0,0,0,,0,2,,,2392,87.5,87.26,3,5,3,-0.20000000000000284,6.21,128,148,122,153,308,318,297,"0.512","-0.512","68.2","7.9",2,0,0,0,0,0,2,100,0,0,2.68,0.3325,-0.2875,-0.22,"88.0",99,,,,5.17,-0.33,-0.14,1.96,0,,"-6.4",,,"6.4",,,,0,60,"33.4",13.171286084269067,-10.325611382543217,35.839636494646406,0.4,33.88254707246061,31.844244394269527
8,641343,"Bauers, Jake","2025-09-14",776326,8,100,0,0,0,0,0,0.321,0.184,0,2,98.6,25,2256,88.3,88.13,1,3,5,-0.20000000000000284,6.25,121,148,96,144,296,320,291,"0.599","-0.599","74.4","8.6",2,1,0,0,0,0,1,50,0,0,2.51625,0.47875,0.4625,-0.4625,"98.6",369,100,100,50,6.53,-2.16,0.16,2.15,0,1,"-7.4875",0.184,0.61,"7.4875",-0.184,-0.184,-0.61,-0.321,33.3,"46.1",23.427105855065765,-20.6573293901452,37.43505169333114,0.3333333333333333,39.03308811423993,42.400842253491376
8,641343,"Bauers, Jake","2025-06-08",777586,8,100,0,0,0,0,0,0.307,0.342,0,2,70.9,17,2333,90.1,90.35,1,3,5,0.20000000000000284,6.46,91,142,95,151,300,327,300,"0.627","-0.627","75.0","8.6",2,1,0,0,0,0,1,50,0,0,2.01,0.81375,0.19875,-0.19875,"88.0",163,0,0,0,5.73,-2.12,-0.42,1.91,0,0,"-7.8375",0.342,0.349,"7.8375",-0.342,-0.342,-0.349,-0.307,33.3,"48.4",21.636559750104396,-20.979527788833465,29.834704383573342,0.3333333333333333,40.58047405064081,38.84073744561428
8,641343,"Bauers, Jake","2025-05-11",777964,8,100,1,0,1,1,0.787,0.683,0.641,1,1,102.7,15,2570,90,91.05,0,2,6,1.0999999999999943,6.51,123,147,100,153,298,323,292,"-0.88","0.88","75.9","7.6",2,1,1,0,0,0,0,0,1,50,2.3425,0.55714,-0.0525,0.0525,"95.3",107,100,0,0,6.03,-1.73,0.01,2.47,1,0,"11",0.821,0.941,"-11",0.359,0.17900000000000005,0.059,0.104,0,"58.9",12.751738067053996,-6.619780101926146,36.90309190284987,1,26.984746840310297,30.94648630361263
7,641343,"Bauers, Jake","2025-02-23",778807,7,100,0.5,0.5,1,1,0.626,,,1,2,103.1,29,2346,89.1,88.79,1,4,3,-0.29999999999999716,6.34,125,148,130,152,294,323,302,"-0.319","0.319","69.4","7.8",2,1,0,1,0,0,1,50,0,0,2.19,0.75286,0.13857,0.14429,"93.0",199,100,100,50,5.88,-0.26,-0.11,1.96,0.5,1,"4.557142857",,,"-4.557142857",,,,,25,,15.931126383124159,-9.980533740303343,32.710719107703014,0.75,37.22438997757796,36.273159542661176
7,641343,"Bauers, Jake","2025-10-04",813047,7,100,,,,,0.691,0.691,,0,0,,,2339,92.4,93.36,0,2,5,1,6.71,103,148,126,155,302,337,301,"-0.136","0.136","76.0","7.6",1,0,0,0,0,0,0,0,1,100,2.26286,0.40857,0.03571,-0.03571,"88.0",137,,,,6.31,-1.75,-0.34,2.59,1,,"1.942857143",1,,"-1.942857143",,0,,0,0,"42.5",8.892244641308052,-1.6859404478427447,33.34737156917045,0,38.73501971070134,28.002552665774935
7,641343,"Bauers, Jake","2025-05-09",778002,7,100,0,0,,0,0,0,,0,2,,,1765,86.7,86.9,3,4,3,0.20000000000000284,6.33,110,145,111,153,288,318,299,"0.565","-0.565","71.8","8.2",2,0,0,0,0,0,2,100,0,0,2.70143,0.33143,0.89333,-0.89333,,,,,,6.01,-0.68,0.09,2.06,0,,"-8.071428571",,,"8.071428571",,,,0,75,"38.0",21.862961801959358,-17.119531291355784,35.79076724026031,0.75,34.049403117550376,36.01719175503513
7,641343,"Bauers, Jake","2025-03-27",778557,7,100,,,,,0.691,0.691,,0,0,,,2696,86,86.43,0,1,6,0.4000000000000057,7.04,125,148,105,154,281,327,287,"-0.287","0.287","70.2","8.5",1,0,0,0,0,0,0,0,1,100,3.37571,-0.22143,1.62571,-1.62571,"88.0",1,,,,5.3,-2.43,-0.61,2.01,1,,"4.1",1,,"-4.1",,0,,0,0,"18.3",21.214177744673353,-17.51153933424521,28.95119552595153,0,46.854690385862924,42.15498562549812
7,641343,"Bauers, Jake","2025-08-31",776515,7,100,0,0,0,0,0,0.024,0.02,0,1,93.6,61,2318,96.2,96.36,1,3,4,0.20000000000000284,6.37,121,149,118,154,281,324,294,"0.261","-0.261","75.8","7.2",1,1,0,0,0,0,0,0,0,0,1.55429,0.93286,0.21857,-0.21857,"97.0",251,0,0,0,5.59,-2.06,0.07,2.47,0,0,"-3.728571429",0.02,0.032,"3.728571429",-0.02,-0.02,-0.032,-0.024,33.3,"32.1",6.071982422453874,12.276738978469112,26.228090754864272,0.6666666666666666,40.14749202678184,21.215684050448814
7,641343,"Bauers, Jake","2025-10-17",813031,7,100,0,0,0,0,0,0.175,0.195,0,2,105,-4,2410,93.1,93.6,3,5,2,0.5,6.69,124,148,110,154,291,311,298,"0.531","-0.531","74.8","7.7",2,1,0,0,0,0,1,50,0,0,1.96714,0.74,0.09429,-0.09429,"96.5",15,100,0,0,5.65,-2.42,0.12,2.78,0,0,"-7.585714286",0.195,0.214,"7.585714286",-0.195,-0.195,-0.214,-0.175,60,"33.8",13.299297779705629,-9.31508101197512,33.96442560135041,0.4,32.4127317978109,32.99349072628947
7,641343,"Bauers, Jake","2025-07-07",777201,7,100,0,0,0,0,0,0.253,0.276,0,1,98.2,-6,1958,89.9,90.5,0,4,3,0.5999999999999943,6.66,123,149,140,154,299,320,283,"0.258","-0.258","78.3","7.6",1,1,0,0,0,0,0,0,0,0,1.87286,0.99286,0.26857,-0.26857,"91.4",144,100,0,0,6.18,-1.94,0.11,2.59,0,0,"-3.685714286",0.276,0.276,"3.685714286",-0.276,-0.276,-0.276,-0.253,0,"47.5",8.190182453913952,1.8449835426334973,32.697519713593984,0.75,36.58375375845722,27.0395546761414
6,641343,"Bauers, Jake","2025-03-14",779090,7,85.7,0,0,0,0,0.346,,,0,1,,,,,,0,2,4,,,,,,,,,,"-0.024","0.024",,,2,1,0,0,0,0,0,0,1,50,,,,,,,,,,,,,,0.5,,"0.4",,,"-0.4",,,,,0,,,,,,,
6,641343,"Bauers, Jake","2025-06-14",777512,6,100,,,,,0.691,0.691,,0,0,,,2851,80.2,80.83,0,2,4,0.5999999999999943,7.08,122,135,115,145,293,320,300,"-0.354","0.354","79.0","8.4",1,0,0,0,0,0,0,0,1,100,3.86,-0.18833,-0.755,0.755,"88.0",22,,,,5.02,-1.56,-0.35,2.57,1,,"5.9",1,,"-5.9",,0,,0,0,"25.3",18.78960718627015,-16.721605646715616,31.179273322678362,0.5,33.48643100159067,37.35091420864913
6,641343,"Bauers, Jake","2025-10-13",813036,6,100,1,1,1,2,1.252,1.189,0.698,1,1,108.9,19,1697,92.8,93.28,1,2,4,0.5,7,84,144,101,149,289,311,291,"-0.791","0.791","61.5","8.0",1,1,0,1,0,0,0,0,0,0,2.08333,0.63667,0.775,-0.775,"108.9",373,100,100,100,6.06,-2.1,-0.25,1.86,1,1,"13.183333333",0.698,2.216,"-13.183333333",0.302,0.30200000000000005,-0.216,0.063,50,"46.1",14.72812487313516,-5.690647398607837,33.237125628226,1,40.20172435750238,34.55285259595981
6,641343,"Bauers, Jake","2025-05-13",777944,6,100,0,0,,0,0,0,,0,1,,,2581,96,97.1,1,2,4,1.0999999999999943,6.67,126,146,124,153,289,313,285,"0.259","-0.259","73.9","8.3",1,0,0,0,0,0,1,100,0,0,1.795,0.816,-0.54833,0.54833,"88.0",3,,,,5.98,-0.95,0.3,2.33,0,,"-4.316666667",,,"4.316666667",,,,0,50,"52.1",17.151139432940468,-17.33022172250022,33.16411992564689,0.5,30.519395482178265,38.254114157840114
6,641343,"Bauers, Jake","2025-06-07",777597,6,100,,,0,,0,0.656,,0,0,102.6,39,2137,95.8,96.73,1,4,2,0.9000000000000057,7.07,87,139,97,139,303,320,296,"0.139","-0.139","77.3","7.4",1,1,0,0,0,0,0,0,0,0,1.03333,1.50167,0.33167,-0.33167,"95.3",291,100,0,0,5.81,-0.58,-0.24,3.42,0,0,"-2.316666667",0.331,,"2.316666667",,-0.331,,-0.656,25,"70.1",7.29109928388371,5.603470114533386,26.924062060983623,0.75,37.85078282545144,21.96108998093338
6,641343,"Bauers, Jake","2025-04-23",778198,6,100,1,0,1,1,0.882,0.663,0.732,1,1,106.8,8,2519,89.5,89.13,1,2,4,-0.4000000000000057,6.3,87,143,119,148,296,318,306,"-0.406","0.406","74.8","8.4",1,1,1,0,0,0,0,0,0,0,2.62167,0.28333,0.04667,-0.04667,"106.8",160,100,0,0,5.12,-3.59,-0.1,2.12,1,0,"6.766666667",0.732,0.809,"-6.766666667",0.268,0.268,0.191,0.219,50,"19.0",19.01583042426272,-20.107921900210012,39.632240236032104,0,31.04718274612195,38.62294368633399
5,641343,"Bauers, Jake","2025-07-02",777276,5,100,0,0,,0,0,0,,0,1,,,2298,92.6,93.82,2,2,3,1.2000000000000028,7.08,125,148,110,151,295,327,294,"0.282","-0.282","78.1","8.7",1,0,0,0,0,0,1,100,0,0,2.06,0.618,0.4,-0.4,,,,,,5.09,-1.9,0.51,2.42,0,,"-5.64",,,"5.64",,,,0,100,"22.2",25.5905815449745,-27.312751092894967,34.05799531368409,0,27.93614417784298,42.304341160948375
5,641343,"Bauers, Jake","2025-08-24",776608,5,100,0,0,,0,0,0,,0,1,,,2481,96.6,96.18,2,3,2,-0.3999999999999915,6.28,123,147,108,152,302,319,303,"0.254","-0.254","79.3","7.6",1,0,0,0,0,0,1,100,0,0,2.01,0.452,1.562,-1.562,,,,,,4.89,-3.19,-0.84,2.91,0,,"-5.08",,,"5.08",,,,0,66.7,"15.7",12.921464053084378,-3.6031261575043616,32.21859008681201,1,37.44491764362915,29.02414492909495
5,641343,"Bauers, Jake","2025-06-21",777412,5,100,,,,,0.691,0.691,,0,0,,,2179,92.7,92.16,0,0,5,-0.5,5.82,128,144,140,154,297,331,297,"-0.442","0.442",,,1,0,0,0,0,0,0,0,1,100,1.792,0.852,0.924,-0.924,,,,,,5.61,-2.59,-0.07,1.67,1,,"8.84",1,,"-8.84",,0,,0,,"24.5",,,,,,
4,641343,"Bauers, Jake","2025-09-27",776153,4,100,0.5,0,0.5,0.5,0.441,0.299,0.332,1,2,80.5,37,2281,86.7,86.58,0,2,2,-0.10000000000000853,6.15,95,137,116,148,295,328,288,"-0.286","0.286","73.2","7.4",2,2,1,0,0,0,0,0,0,0,2.585,0.5125,0.63,-0.63,"88.5",191,0,0,0,5.96,-1.87,-0.25,2.26,0.5,0,"7.15",0.332,0.35,"-7.15",0.168,0.16799999999999998,0.15,0.142,0,"51.5",5.462703059227932,0.4185074844219745,36.76714380832952,0.5,32.5592422223846,25.00837425850775
4,641343,"Bauers, Jake","2025-04-13",778332,4,100,0,0,,0,0,0,,0,1,,,595,88.7,88.75,1,2,2,0.09999999999999432,6.47,128,150,117,152,297,312,304,"0.261","-0.261","72.0","8.6",1,0,0,0,0,0,1,100,0,0,2.67,0.245,0.905,-0.905,"88.0",4,,,,6.13,-2.77,-0.31,2.78,0,,"-6.525",,,"6.525",,,,0,50,"38.4",26.926014080774088,-29.248037214057113,36.22306324586196,0,35.20437903042729,49.06814530339004
4,641343,"Bauers, Jake","2025-06-03",777668,4,100,0,0,0,0,0,1.616,0.813,0,1,106.2,26,1792,90.1,90.85,0,1,3,0.7000000000000028,6.88,125,147,108,153,287,327,294,"0.29","-0.29","82.7","8.1",1,1,0,0,0,0,0,0,0,0,1.9725,0.8925,0.6525,-0.6525,"106.2",399,100,100,100,5.5,-1.77,-0.99,2.26,0,1,"-7.25",0.813,3.176,"7.25",-0.813,-0.813,-3.176,-1.616,0,"41.8",12.913035367925165,-1.5027278308117191,30.390802414107274,1,42.71898239399952,26.46101936936655
4,641343,"Bauers, Jake","2025-03-29",778538,4,100,1,1,1,2,1.252,0.761,0.487,1,1,107.8,18,1871,89.7,90.58,0,2,2,0.8999999999999915,6.88,109,145,147,154,284,326,287,"-0.791","0.791","75.5","7.2",1,1,0,1,0,0,0,0,0,0,2.3875,0.46,0.775,-0.775,"97.9",231,100,100,100,5.82,-1.27,0.21,2.45,1,1,"19.775",0.487,1.391,"-19.775",0.513,0.513,0.609,0.491,0,"32.7",14.175577318568688,0.6510440594137759,26.23562766559442,1,35.26678819062665,29.887066746635327
4,641343,"Bauers, Jake","2025-09-22",776222,4,100,0,0,0,0,0,0.012,0.008,0,1,92.7,45,2025,93.1,93.8,0,1,3,0.7000000000000028,7.03,88,144,122,149,298,324,301,"0.256","-0.256","78.3","8.5",1,1,0,0,0,0,0,0,0,0,1.245,1.4575,0.3225,-0.3225,"92.7",332,0,0,0,5.81,-0.48,-0.24,2.27,0,0,"-6.4",0.008,0.024,"6.4",-0.008,-0.008,-0.024,-0.012,0,"66.4",18.998165522592874,-16.687081323043337,29.348381218903334,1,41.991987307441455,39.702623214243374
4,641343,"Bauers, Jake","2025-08-27",776572,4,100,0,0,0,0,0,0.041,0.043,0,2,74,12.5,2436,82.6,83.45,0,2,2,0.9000000000000057,6.83,97,141,118,144,291,312,289,"0.518","-0.518","72.8","8.0",2,2,0,0,0,0,0,0,0,0,3.615,-0.195,-0.5,0.5,"88.6",104,0,0,0,6.14,-1.45,0.25,2.22,0,0,"-12.95",0.043,0.043,"12.95",-0.043,-0.043,-0.043,-0.041,0,"54.9",21.774875374733377,-8.168606599496464,29.51525525410187,0.5,42.01582606078388,35.64082230963535
3,641343,"Bauers, Jake","2025-05-19",777860,3,100,0,0,0,0,0,0.029,0.025,0,1,85,54,2111,94.7,93.9,0,1,2,-0.7999999999999972,6.13,128,149,94,152,301,317,300,"0.26","-0.26","79.0","8.2",1,1,0,0,0,0,0,0,0,0,2.4,0.17,1.47333,-1.47333,"88.0",211,0,0,0,5.62,-2.34,-0.07,2.25,0,0,"-8.666666667",0.025,0.035,"8.666666667",-0.025,-0.025,-0.035,-0.029,0,"19.3",19.66692656149194,-13.183447920809812,37.112464116918275,1,36.967183792877975,35.63136873315833
3,641343,"Bauers, Jake","2025-06-29",777301,3,100,0,0,,0,0,0,,0,1,,,2841,89,87.63,0,1,2,-1.4000000000000057,5.5,122,145,101,151,290,318,299,"0.338","-0.338","74.6","6.9",1,0,0,0,0,0,1,100,0,0,2.74333,0.17333,-0.14,0.14,,,,,,6.48,-0.92,0.21,3,0,,"-11.266666667",,,"11.266666667",,,,0,0,"46.3",10.97102592429334,0.31852875875880104,31.614642802373,1,22.12066650403333,21.722551448051085
3,641343,"Bauers, Jake","2025-04-14",778323,3,100,0,0,0,0,0,0.182,0.201,0,1,95.2,-11,2194,85.6,84.87,0,2,1,-0.6999999999999886,5.97,129,146,122,152,292,322,299,"0.259","-0.259","76.5","8.4",1,1,0,0,0,0,0,0,0,0,2.70333,0.45667,0.09333,-0.09333,"95.2",10,100,0,0,5.74,-2.04,0.04,1.95,0,0,"-8.633333333",0.201,0.241,"8.633333333",-0.201,-0.201,-0.241,-0.182,0,"41.6",22.375032564853726,-21.356505890605156,37.480268370440974,0.5,32.02076781170695,39.22205346439197
3,641343,"Bauers, Jake","2025-03-08",779095,3,100,0,0,0,0,0,,,0,1,,,,,,0,1,2,,,,,,,,,,"0.242","-0.242",,,1,1,0,0,0,0,0,0,0,0,,,,,,,,,,,,,,0,,"-8.066666667",,,"8.066666667",,,,,0,,,,,,,
3,641343,"Bauers, Jake","2025-03-01",779099,3,100,0,0,0,0,0,,,0,1,,,,,,0,1,2,,,,,,,,,,"0.254","-0.254",,,1,1,0,0,0,0,0,0,0,0,,,,,,,,,,,,,,0,,"-8.466666667",,,"8.466666667",,,,,0,,,,,,,
3,641343,"Bauers, Jake","2025-04-16",778295,3,100,0,0,,0,0,0,,0,1,,,2264,96.8,96.6,3,3,0,-0.20000000000000284,6.4,129,146,109,154,290,317,302,"0.259","-0.259","72.4","6.2",1,0,0,0,0,0,1,100,0,0,1.07333,1.38333,0.54333,-0.54333,,,,,,5.76,-1.84,-0.32,3.19,0,,"-8.633333333",,,"8.633333333",,,,0,100,"56.7",-2.9977413991671287,27.251610455375594,33.82471728649947,0,37.05670202622507,10.97672823714516
2,641343,"Bauers, Jake","2025-09-21",776231,2,100,,,,,0.722,0.722,,0,0,,,2378,95.2,96,0,1,1,0.7999999999999972,6.85,124,148,101,152,296,327,306,"-0.417","0.417","72.8","7.7",1,0,0,0,0,0,0,0,0,0,2.31,0.23,0.545,-0.545,"88.0",240,,,,5.54,-1.65,1.02,1.49,1,,"20.85",1,,"-20.85",,0,,0,0,"30.3",2.6933547513724028,0.5372980261095841,40.80711500951989,0,39.50181577929679,20.07573139948494
2,641343,"Bauers, Jake","2025-09-09",776395,2,100,1,3,,4,2.037,2,1,1,1,109.2,26,2433,93.9,94.05,0,2,0,0.09999999999999432,6.55,127,148,98,153,293,326,315,"-1.583","1.583","76.8","7.9",1,1,0,0,0,1,0,0,0,0,1.145,1.45,0.53,-0.53,"98.6",326,100,100,100,5.76,-1.69,-0.46,2.6,1,1,"79.15",1,4,"-79.15",0,0,0,0.037,0,"37.3",15.179031454678544,-3.7909826465501943,32.81433803030135,1,41.24468677211467,31.20522842185841
2,641343,"Bauers, Jake","2025-06-01",777688,2,100,1,1,1,2,1.252,0.293,0.235,1,1,94.8,21,2789,86.1,85.65,0,1,1,-0.3999999999999915,6.1,123,147,113,149,290,309,288,"-0.993","0.993","78.0","8.6",1,1,0,1,0,0,0,0,0,0,2.8,0.29,-0.715,0.715,"94.8",284,0,0,0,5.64,-2.05,-0.71,2.34,1,0,"49.65",0.235,0.453,"-49.65",0.765,0.765,1.547,0.959,0,"22.8",20.885800053512565,-14.321030064132199,37.75382849772182,0,37.245819563797696,33.260992451352415
2,641343,"Bauers, Jake","2025-09-08",776406,2,100,1,0,1,1,0.882,0.894,0.954,1,1,88.3,14,2297,88.4,87.6,1,2,0,-0.7000000000000028,6.25,88,148,91,153,294,326,311,"-0.345","0.345","74.9","7.7",1,1,1,0,0,0,0,0,0,0,1.845,1.14,0.99,-0.99,"88.3",207,0,0,0,5.58,-2.53,-0.43,2.32,1,0,"17.25",0.954,1.076,"-17.25",0.046,0.04600000000000004,-0.076,-0.012,50,"36.5",9.772768993561337,1.8466487048433482,35.90253241403393,0.5,41.7985193302231,28.8888337014307
2,641343,"Bauers, Jake","2025-07-12",777135,2,100,0,0,0,0,0,0.122,0.131,0,1,101,-20,1546,91.4,91.75,0,1,1,0.3999999999999915,6.5,128,148,85,145,292,312,300,"0.225","-0.225","73.8","6.7",1,1,0,0,0,0,0,0,0,0,2.175,0.59,0.67,-0.67,"101.0",5,100,0,0,5.64,-2.4,-0.63,2.79,0,0,"-11.25",0.131,0.131,"11.25",-0.131,-0.131,-0.131,-0.122,0,"49.8",-15.945859757810956,27.798748413208475,38.93560198829046,0,37.04705492666535,5.621231724553394
1,641343,"Bauers, Jake","2025-04-21",778226,1,100,0,0,0,0,0,0.427,0.458,0,1,76.3,28,2493,98.8,99.3,0,1,0,0.5,6.5,126,149,106,153,297,314,311,"0.259","-0.259","72.8","7.2",1,1,0,0,0,0,0,0,0,0,1.3,1.03,0.41,-0.41,"88.0",248,0,0,0,5.43,-1.51,0.35,2.51,0,0,"-25.9",0.458,0.527,"25.9",-0.458,-0.458,-0.527,-0.427,0,"14.4",1.828436286430307,6.788597178341478,42.39029623583191,0,31.030671396753988,20.98779923170595
1,641343,"Bauers, Jake","2025-04-29",778125,1,100,0,0,0,0,0,0.009,0.01,0,1,72.9,61,2240,88.6,88.3,0,1,0,-0.29999999999999716,6.4,127,150,121,153,291,306,296,"0.259","-0.259","70.8","7.2",1,1,0,0,0,0,0,0,0,0,2.14,0.8,0.39,-0.39,"88.0",152,0,0,0,4.34,-3.91,0.59,2.69,0,0,"-25.9",0.01,0.01,"25.9",-0.01,-0.01,-0.01,-0.009,0,"-0.5",11.020522135549077,0.4579951018825137,38.322626307904244,1,27.630343728017923,27.75548259861756
1,641343,"Bauers, Jake","2025-04-25",778184,1,100,0,0,0,0,0,0.071,0.076,0,1,58.4,-30,2204,87.5,88.2,0,1,0,0.7000000000000028,6.9,108,135,93,149,298,329,295,"0.266","-0.266","71.2","6.8",1,1,0,0,0,0,0,0,0,0,2.75,0.25,-0.69,0.69,"88.0",5,0,0,0,5.85,-2.28,0.47,2.68,0,0,"-26.6",0.076,0.076,"26.6",-0.076,-0.076,-0.076,-0.071,0,"44.0",5.614222462350388,12.513293117581107,34.11919068174913,1,28.231811752720077,23.30798561947963